listing_id,date,available,price,adjusted_price,minimum_nights,maximum_nights
4724498,2025-06-24,f,,,30,360
4724498,2025-06-25,f,,,30,360
4724498,2025-06-26,f,,,30,360
4724498,2025-06-27,f,,,30,360
4724498,2025-06-28,f,,,30,360
4724498,2025-06-29,f,,,30,360
4724498,2025-06-30,f,,,30,360
4724498,2025-07-01,f,,,30,360
4724498,2025-07-02,f,,,30,360
4724498,2025-07-03,f,,,30,1125
4724498,2025-07-04,f,,,30,1125
4724498,2025-07-05,f,,,30,1125
4724498,2025-07-06,f,,,30,1125
4724498,2025-07-07,f,,,30,1125
4724498,2025-07-08,f,,,30,1125
4724498,2025-07-09,f,,,30,1125
4724498,2025-07-10,f,,,30,1125
4724498,2025-07-11,f,,,30,1125
4724498,2025-07-12,f,,,30,1125
4724498,2025-07-13,f,,,30,1125
4724498,2025-07-14,f,,,30,1125
4724498,2025-07-15,f,,,30,1125
4724498,2025-07-16,f,,,30,1125
4724498,2025-07-17,f,,,30,1125
4724498,2025-07-18,f,,,30,1125
4724498,2025-07-19,f,,,30,1125
4724498,2025-07-20,f,,,30,1125
4724498,2025-07-21,f,,,30,1125
4724498,2025-07-22,f,,,30,1125
4724498,2025-07-23,f,,,30,1125
4724498,2025-07-24,f,,,30,1125
4724498,2025-07-25,f,,,30,1125
4724498,2025-07-26,f,,,30,1125
4724498,2025-07-27,f,,,30,1125
4724498,2025-07-28,f,,,30,1125
4724498,2025-07-29,f,,,30,1125
4724498,2025-07-30,f,,,30,1125
4724498,2025-07-31,f,,,30,1125
4724498,2025-08-01,f,,,30,1125
4724498,2025-08-02,f,,,30,1125
4724498,2025-08-03,f,,,30,1125
4724498,2025-08-04,f,,,30,1125
4724498,2025-08-05,f,,,30,1125
4724498,2025-08-06,f,,,30,1125
4724498,2025-08-07,f,,,30,1125
4724498,2025-08-08,f,,,30,1125
4724498,2025-08-09,f,,,30,1125
4724498,2025-08-10,f,,,30,1125
4724498,2025-08-11,f,,,30,1125
4724498,2025-08-12,f,,,30,1125
4724498,2025-08-13,f,,,30,1125
4724498,2025-08-14,f,,,30,1125
4724498,2025-08-15,f,,,30,1125
4724498,2025-08-16,f,,,30,1125
4724498,2025-08-17,f,,,30,1125
4724498,2025-08-18,f,,,30,1125
4724498,2025-08-19,f,,,30,1125
4724498,2025-08-20,f,,,30,1125
4724498,2025-08-21,f,,,30,1125
4724498,2025-08-22,f,,,30,1125
4724498,2025-08-23,f,,,30,1125
4724498,2025-08-24,f,,,30,1125
4724498,2025-08-25,f,,,30,1125
4724498,2025-08-26,f,,,30,1125
4724498,2025-08-27,f,,,30,1125
4724498,2025-08-28,f,,,30,1125
4724498,2025-08-29,f,,,30,1125
4724498,2025-08-30,f,,,30,1125
4724498,2025-08-31,f,,,30,1125
4724498,2025-09-01,f,,,30,1125
4724498,2025-09-02,f,,,30,1125
4724498,2025-09-03,f,,,30,1125
4724498,2025-09-04,f,,,30,1125
4724498,2025-09-05,f,,,30,1125
4724498,2025-09-06,f,,,30,1125
4724498,2025-09-07,f,,,30,1125
4724498,2025-09-08,f,,,30,1125
4724498,2025-09-09,f,,,30,1125
4724498,2025-09-10,f,,,30,1125
4724498,2025-09-11,f,,,30,1125
4724498,2025-09-12,f,,,30,1125
4724498,2025-09-13,f,,,30,1125
4724498,2025-09-14,f,,,30,1125
4724498,2025-09-15,f,,,30,1125
4724498,2025-09-16,f,,,30,1125
4724498,2025-09-17,f,,,30,1125
4724498,2025-09-18,f,,,30,1125
4724498,2025-09-19,f,,,30,1125
4724498,2025-09-20,f,,,30,1125
4724498,2025-09-21,f,,,30,1125
4724498,2025-09-22,f,,,30,1125
4724498,2025-09-23,f,,,30,1125
4724498,2025-09-24,f,,,30,1125
4724498,2025-09-25,f,,,30,1125
4724498,2025-09-26,f,,,30,1125
4724498,2025-09-27,f,,,30,1125
4724498,2025-09-28,f,,,30,1125
4724498,2025-09-29,f,,,30,1125
4724498,2025-09-30,f,,,30,1125
4724498,2025-10-01,f,,,30,1125
4724498,2025-10-02,f,,,30,1125
4724498,2025-10-03,f,,,30,1125
4724498,2025-10-04,f,,,30,1125
4724498,2025-10-05,f,,,30,1125
4724498,2025-10-06,f,,,30,1125
4724498,2025-10-07,f,,,30,1125
4724498,2025-10-08,f,,,30,1125
4724498,2025-10-09,f,,,30,1125
4724498,2025-10-10,f,,,30,1125
4724498,2025-10-11,f,,,30,1125
4724498,2025-10-12,f,,,30,1125
4724498,2025-10-13,f,,,30,1125
4724498,2025-10-14,f,,,30,1125
4724498,2025-10-15,f,,,30,1125
4724498,2025-10-16,f,,,30,1125
4724498,2025-10-17,f,,,30,1125
4724498,2025-10-18,f,,,30,1125
4724498,2025-10-19,f,,,30,1125
4724498,2025-10-20,f,,,30,1125
4724498,2025-10-21,f,,,30,1125
4724498,2025-10-22,f,,,30,1125
4724498,2025-10-23,f,,,30,1125
4724498,2025-10-24,f,,,30,1125
4724498,2025-10-25,f,,,30,1125
4724498,2025-10-26,f,,,30,1125
4724498,2025-10-27,f,,,30,1125
4724498,2025-10-28,f,,,30,1125
4724498,2025-10-29,f,,,30,1125
4724498,2025-10-30,f,,,30,1125
4724498,2025-10-31,f,,,30,1125
4724498,2025-11-01,f,,,30,1125
4724498,2025-11-02,f,,,30,1125
4724498,2025-11-03,f,,,30,1125
4724498,2025-11-04,f,,,30,1125
4724498,2025-11-05,f,,,30,1125
4724498,2025-11-06,f,,,30,1125
4724498,2025-11-07,f,,,30,1125
4724498,2025-11-08,f,,,30,1125
4724498,2025-11-09,f,,,30,1125
4724498,2025-11-10,f,,,30,1125
4724498,2025-11-11,f,,,30,1125
4724498,2025-11-12,f,,,30,1125
4724498,2025-11-13,f,,,30,1125
4724498,2025-11-14,f,,,30,1125
4724498,2025-11-15,f,,,30,1125
4724498,2025-11-16,f,,,30,1125
4724498,2025-11-17,f,,,30,1125
4724498,2025-11-18,f,,,30,1125
4724498,2025-11-19,f,,,30,1125
4724498,2025-11-20,f,,,30,1125
4724498,2025-11-21,f,,,30,1125
4724498,2025-11-22,f,,,30,1125
4724498,2025-11-23,f,,,30,1125
4724498,2025-11-24,f,,,30,1125
4724498,2025-11-25,f,,,30,1125
4724498,2025-11-26,f,,,30,1125
4724498,2025-11-27,f,,,30,1125
4724498,2025-11-28,f,,,30,1125
4724498,2025-11-29,f,,,30,1125
4724498,2025-11-30,f,,,30,1125
4724498,2025-12-01,f,,,30,1125
4724498,2025-12-02,f,,,30,1125
4724498,2025-12-03,f,,,30,1125
4724498,2025-12-04,f,,,30,1125
4724498,2025-12-05,f,,,30,1125
4724498,2025-12-06,f,,,30,1125
4724498,2025-12-07,f,,,30,1125
4724498,2025-12-08,f,,,30,1125
4724498,2025-12-09,f,,,30,1125
4724498,2025-12-10,f,,,30,1125
4724498,2025-12-11,f,,,30,1125
4724498,2025-12-12,f,,,30,1125
4724498,2025-12-13,f,,,30,1125
4724498,2025-12-14,f,,,30,1125
4724498,2025-12-15,f,,,30,1125
4724498,2025-12-16,f,,,30,1125
4724498,2025-12-17,f,,,30,1125
4724498,2025-12-18,f,,,30,1125
4724498,2025-12-19,f,,,30,1125
4724498,2025-12-20,f,,,30,1125
4724498,2025-12-21,f,,,30,1125
4724498,2025-12-22,f,,,30,1125
4724498,2025-12-23,f,,,30,1125
4724498,2025-12-24,f,,,30,1125
4724498,2025-12-25,f,,,30,1125
4724498,2025-12-26,f,,,30,1125
4724498,2025-12-27,f,,,30,1125
4724498,2025-12-28,f,,,30,1125
4724498,2025-12-29,f,,,30,1125
4724498,2025-12-30,f,,,30,1125
4724498,2025-12-31,f,,,30,1125
4724498,2026-01-01,f,,,30,1125
4724498,2026-01-02,f,,,30,1125
4724498,2026-01-03,f,,,30,1125
4724498,2026-01-04,f,,,30,1125
4724498,2026-01-05,f,,,30,1125
4724498,2026-01-06,f,,,30,1125
4724498,2026-01-07,f,,,30,1125
4724498,2026-01-08,f,,,30,1125
4724498,2026-01-09,f,,,30,1125
4724498,2026-01-10,f,,,30,1125
4724498,2026-01-11,f,,,30,1125
4724498,2026-01-12,f,,,30,1125
4724498,2026-01-13,f,,,30,1125
4724498,2026-01-14,f,,,30,1125
4724498,2026-01-15,f,,,30,1125
4724498,2026-01-16,f,,,30,1125
4724498,2026-01-17,f,,,30,1125
4724498,2026-01-18,f,,,30,1125
4724498,2026-01-19,f,,,30,1125
4724498,2026-01-20,f,,,30,1125
4724498,2026-01-21,f,,,30,1125
4724498,2026-01-22,f,,,30,1125
4724498,2026-01-23,f,,,30,1125
4724498,2026-01-24,f,,,30,1125
4724498,2026-01-25,f,,,30,1125
4724498,2026-01-26,f,,,30,1125
4724498,2026-01-27,f,,,30,1125
4724498,2026-01-28,f,,,30,1125
4724498,2026-01-29,f,,,30,1125
4724498,2026-01-30,f,,,30,1125
4724498,2026-01-31,f,,,30,1125
4724498,2026-02-01,f,,,30,1125
4724498,2026-02-02,f,,,30,1125
4724498,2026-02-03,f,,,30,1125
4724498,2026-02-04,f,,,30,1125
4724498,2026-02-05,f,,,30,1125
4724498,2026-02-06,f,,,30,1125
4724498,2026-02-07,f,,,30,1125
4724498,2026-02-08,f,,,30,1125
4724498,2026-02-09,f,,,30,1125
4724498,2026-02-10,f,,,30,1125
4724498,2026-02-11,f,,,30,1125
4724498,2026-02-12,f,,,30,1125
4724498,2026-02-13,f,,,30,1125
4724498,2026-02-14,f,,,30,1125
4724498,2026-02-15,f,,,30,1125
4724498,2026-02-16,f,,,30,1125
4724498,2026-02-17,f,,,30,1125
4724498,2026-02-18,f,,,30,1125
4724498,2026-02-19,f,,,30,1125
4724498,2026-02-20,f,,,30,1125
4724498,2026-02-21,f,,,30,1125
4724498,2026-02-22,f,,,30,1125
4724498,2026-02-23,f,,,30,1125
4724498,2026-02-24,f,,,30,1125
4724498,2026-02-25,f,,,30,1125
4724498,2026-02-26,f,,,30,1125
4724498,2026-02-27,f,,,30,1125
4724498,2026-02-28,f,,,30,1125
4724498,2026-03-01,f,,,30,1125
4724498,2026-03-02,f,,,30,1125
4724498,2026-03-03,f,,,30,1125
4724498,2026-03-04,f,,,30,1125
4724498,2026-03-05,f,,,30,1125
4724498,2026-03-06,f,,,30,1125
4724498,2026-03-07,f,,,30,1125
4724498,2026-03-08,f,,,30,1125
4724498,2026-03-09,f,,,30,1125
4724498,2026-03-10,f,,,30,1125
4724498,2026-03-11,f,,,30,1125
4724498,2026-03-12,f,,,30,1125
4724498,2026-03-13,f,,,30,1125
4724498,2026-03-14,f,,,30,1125
4724498,2026-03-15,f,,,30,1125
4724498,2026-03-16,f,,,30,1125
4724498,2026-03-17,f,,,30,1125
4724498,2026-03-18,f,,,30,1125
4724498,2026-03-19,f,,,30,1125
4724498,2026-03-20,f,,,30,1125
4724498,2026-03-21,f,,,30,1125
4724498,2026-03-22,f,,,30,1125
4724498,2026-03-23,f,,,30,1125
4724498,2026-03-24,f,,,30,1125
4724498,2026-03-25,f,,,30,1125
4724498,2026-03-26,f,,,30,1125
4724498,2026-03-27,f,,,30,1125
4724498,2026-03-28,f,,,30,1125
4724498,2026-03-29,f,,,30,1125
4724498,2026-03-30,f,,,30,1125
4724498,2026-03-31,f,,,30,1125
4724498,2026-04-01,f,,,30,1125
4724498,2026-04-02,f,,,30,1125
4724498,2026-04-03,f,,,30,1125
4724498,2026-04-04,f,,,30,1125
4724498,2026-04-05,f,,,30,1125
4724498,2026-04-06,f,,,30,1125
4724498,2026-04-07,f,,,30,1125
4724498,2026-04-08,f,,,30,1125
4724498,2026-04-09,f,,,30,1125
4724498,2026-04-10,f,,,30,1125
4724498,2026-04-11,f,,,30,1125
4724498,2026-04-12,f,,,30,1125
4724498,2026-04-13,f,,,30,1125
4724498,2026-04-14,f,,,30,1125
4724498,2026-04-15,f,,,30,1125
4724498,2026-04-16,f,,,30,1125
4724498,2026-04-17,f,,,30,1125
4724498,2026-04-18,f,,,30,1125
4724498,2026-04-19,f,,,30,1125
4724498,2026-04-20,f,,,30,1125
4724498,2026-04-21,f,,,30,1125
4724498,2026-04-22,f,,,30,1125
4724498,2026-04-23,f,,,30,1125
4724498,2026-04-24,f,,,30,1125
4724498,2026-04-25,f,,,30,1125
4724498,2026-04-26,f,,,30,1125
4724498,2026-04-27,f,,,30,1125
4724498,2026-04-28,f,,,30,1125
4724498,2026-04-29,f,,,30,1125
4724498,2026-04-30,f,,,30,1125
4724498,2026-05-01,f,,,30,1125
4724498,2026-05-02,f,,,30,1125
4724498,2026-05-03,f,,,30,1125
4724498,2026-05-04,f,,,30,1125
4724498,2026-05-05,f,,,30,1125
4724498,2026-05-06,f,,,30,1125
4724498,2026-05-07,f,,,30,1125
4724498,2026-05-08,f,,,30,1125
4724498,2026-05-09,f,,,30,1125
4724498,2026-05-10,f,,,30,1125
4724498,2026-05-11,f,,,30,1125
4724498,2026-05-12,f,,,30,1125
4724498,2026-05-13,f,,,30,1125
4724498,2026-05-14,f,,,30,1125
4724498,2026-05-15,f,,,30,1125
4724498,2026-05-16,f,,,30,1125
4724498,2026-05-17,f,,,30,1125
4724498,2026-05-18,f,,,30,1125
4724498,2026-05-19,f,,,30,1125
4724498,2026-05-20,f,,,30,1125
4724498,2026-05-21,f,,,30,1125
4724498,2026-05-22,f,,,30,1125
4724498,2026-05-23,f,,,30,1125
4724498,2026-05-24,f,,,30,1125
4724498,2026-05-25,f,,,30,1125
4724498,2026-05-26,f,,,30,1125
4724498,2026-05-27,f,,,30,1125
4724498,2026-05-28,f,,,30,1125
4724498,2026-05-29,f,,,30,1125
4724498,2026-05-30,f,,,30,1125
4724498,2026-05-31,f,,,30,1125
4724498,2026-06-01,f,,,30,1125
4724498,2026-06-02,f,,,30,1125
4724498,2026-06-03,f,,,30,1125
4724498,2026-06-04,f,,,30,1125
4724498,2026-06-05,f,,,30,1125
4724498,2026-06-06,f,,,30,1125
4724498,2026-06-07,f,,,30,1125
4724498,2026-06-08,f,,,30,1125
4724498,2026-06-09,f,,,30,1125
4724498,2026-06-10,f,,,30,1125
4724498,2026-06-11,f,,,30,1125
4724498,2026-06-12,f,,,30,1125
4724498,2026-06-13,f,,,30,1125
4724498,2026-06-14,f,,,30,1125
4724498,2026-06-15,f,,,30,1125
4724498,2026-06-16,f,,,30,1125
4724498,2026-06-17,f,,,30,1125
4724498,2026-06-18,f,,,30,1125
4724498,2026-06-19,f,,,30,1125
4724498,2026-06-20,f,,,30,1125
4724498,2026-06-21,f,,,30,1125
4724498,2026-06-22,f,,,30,1125
4724498,2026-06-23,f,,,30,1125
4892293,2025-06-24,f,,,1,1125
4892293,2025-06-25,t,,,1,1125
4892293,2025-06-26,t,,,1,1125
4892293,2025-06-27,t,,,1,1125
4892293,2025-06-28,t,,,1,1125
4892293,2025-06-29,t,,,1,1125
4892293,2025-06-30,t,,,1,1125
4892293,2025-07-01,t,,,1,1125
4892293,2025-07-02,t,,,1,1125
4892293,2025-07-03,t,,,1,1125
4892293,2025-07-04,t,,,1,1125
4892293,2025-07-05,t,,,1,1125
4892293,2025-07-06,t,,,1,1125
4892293,2025-07-07,t,,,1,1125
4892293,2025-07-08,t,,,1,1125
4892293,2025-07-09,t,,,1,1125
4892293,2025-07-10,t,,,1,1125
4892293,2025-07-11,t,,,1,1125
4892293,2025-07-12,t,,,1,1125
4892293,2025-07-13,t,,,1,1125
4892293,2025-07-14,t,,,1,1125
4892293,2025-07-15,t,,,1,1125
4892293,2025-07-16,t,,,1,1125
4892293,2025-07-17,t,,,1,1125
4892293,2025-07-18,t,,,1,1125
4892293,2025-07-19,t,,,1,1125
4892293,2025-07-20,t,,,1,1125
4892293,2025-07-21,t,,,1,1125
4892293,2025-07-22,t,,,1,1125
4892293,2025-07-23,t,,,1,1125
4892293,2025-07-24,t,,,1,1125
4892293,2025-07-25,t,,,1,1125
4892293,2025-07-26,t,,,1,1125
4892293,2025-07-27,t,,,1,1125
4892293,2025-07-28,t,,,1,1125
4892293,2025-07-29,t,,,1,1125
4892293,2025-07-30,t,,,1,1125
4892293,2025-07-31,t,,,1,1125
4892293,2025-08-01,t,,,1,1125
4892293,2025-08-02,t,,,1,1125
4892293,2025-08-03,t,,,1,1125
4892293,2025-08-04,t,,,1,1125
4892293,2025-08-05,t,,,1,1125
4892293,2025-08-06,t,,,1,1125
4892293,2025-08-07,t,,,1,1125
4892293,2025-08-08,t,,,1,1125
4892293,2025-08-09,t,,,1,1125
4892293,2025-08-10,t,,,1,1125
4892293,2025-08-11,t,,,1,1125
4892293,2025-08-12,t,,,1,1125
4892293,2025-08-13,t,,,1,1125
4892293,2025-08-14,t,,,1,1125
4892293,2025-08-15,t,,,1,1125
4892293,2025-08-16,t,,,1,1125
4892293,2025-08-17,t,,,1,1125
4892293,2025-08-18,t,,,1,1125
4892293,2025-08-19,t,,,1,1125
4892293,2025-08-20,t,,,1,1125
4892293,2025-08-21,t,,,1,1125
4892293,2025-08-22,t,,,1,1125
4892293,2025-08-23,t,,,1,1125
4892293,2025-08-24,t,,,1,1125
4892293,2025-08-25,t,,,1,1125
4892293,2025-08-26,t,,,1,1125
4892293,2025-08-27,t,,,1,1125
4892293,2025-08-28,t,,,1,1125
4892293,2025-08-29,t,,,1,1125
4892293,2025-08-30,t,,,1,1125
4892293,2025-08-31,t,,,1,1125
4892293,2025-09-01,t,,,1,1125
4892293,2025-09-02,t,,,1,1125
4892293,2025-09-03,t,,,1,1125
4892293,2025-09-04,t,,,1,1125
4892293,2025-09-05,t,,,1,1125
4892293,2025-09-06,t,,,1,1125
4892293,2025-09-07,t,,,1,1125
4892293,2025-09-08,t,,,1,1125
4892293,2025-09-09,t,,,1,1125
4892293,2025-09-10,t,,,1,1125
4892293,2025-09-11,t,,,1,1125
4892293,2025-09-12,t,,,1,1125
4892293,2025-09-13,t,,,1,1125
4892293,2025-09-14,t,,,1,1125
4892293,2025-09-15,t,,,1,1125
4892293,2025-09-16,t,,,1,1125
4892293,2025-09-17,t,,,1,1125
4892293,2025-09-18,t,,,1,1125
4892293,2025-09-19,t,,,1,1125
4892293,2025-09-20,t,,,1,1125
4892293,2025-09-21,t,,,1,1125
4892293,2025-09-22,t,,,1,1125
4892293,2025-09-23,t,,,1,1125
4892293,2025-09-24,t,,,1,1125
4892293,2025-09-25,t,,,1,1125
4892293,2025-09-26,t,,,1,1125
4892293,2025-09-27,t,,,1,1125
4892293,2025-09-28,t,,,1,1125
4892293,2025-09-29,t,,,1,1125
4892293,2025-09-30,t,,,1,1125
4892293,2025-10-01,t,,,1,1125
4892293,2025-10-02,t,,,1,1125
4892293,2025-10-03,t,,,1,1125
4892293,2025-10-04,t,,,1,1125
4892293,2025-10-05,t,,,1,1125
4892293,2025-10-06,t,,,1,1125
4892293,2025-10-07,t,,,1,1125
4892293,2025-10-08,t,,,1,1125
4892293,2025-10-09,t,,,1,1125
4892293,2025-10-10,t,,,1,1125
4892293,2025-10-11,t,,,1,1125
4892293,2025-10-12,t,,,1,1125
4892293,2025-10-13,t,,,1,1125
4892293,2025-10-14,t,,,1,1125
4892293,2025-10-15,t,,,1,1125
4892293,2025-10-16,t,,,1,1125
4892293,2025-10-17,t,,,1,1125
4892293,2025-10-18,t,,,1,1125
4892293,2025-10-19,t,,,1,1125
4892293,2025-10-20,t,,,1,1125
4892293,2025-10-21,t,,,1,1125
4892293,2025-10-22,t,,,1,1125
4892293,2025-10-23,t,,,1,1125
4892293,2025-10-24,t,,,1,1125
4892293,2025-10-25,t,,,1,1125
4892293,2025-10-26,t,,,1,1125
4892293,2025-10-27,t,,,1,1125
4892293,2025-10-28,t,,,1,1125
4892293,2025-10-29,t,,,1,1125
4892293,2025-10-30,t,,,1,1125
4892293,2025-10-31,t,,,1,1125
4892293,2025-11-01,t,,,1,1125
4892293,2025-11-02,t,,,1,1125
4892293,2025-11-03,t,,,1,1125
4892293,2025-11-04,t,,,1,1125
4892293,2025-11-05,t,,,1,1125
4892293,2025-11-06,t,,,1,1125
4892293,2025-11-07,t,,,1,1125
4892293,2025-11-08,t,,,1,1125
4892293,2025-11-09,t,,,1,1125
4892293,2025-11-10,t,,,1,1125
4892293,2025-11-11,t,,,1,1125
4892293,2025-11-12,t,,,1,1125
4892293,2025-11-13,t,,,1,1125
4892293,2025-11-14,t,,,1,1125
4892293,2025-11-15,t,,,1,1125
4892293,2025-11-16,t,,,1,1125
4892293,2025-11-17,t,,,1,1125
4892293,2025-11-18,t,,,1,1125
4892293,2025-11-19,t,,,1,1125
4892293,2025-11-20,t,,,1,1125
4892293,2025-11-21,t,,,1,1125
4892293,2025-11-22,t,,,1,1125
4892293,2025-11-23,t,,,1,1125
4892293,2025-11-24,t,,,1,1125
4892293,2025-11-25,t,,,1,1125
4892293,2025-11-26,t,,,1,1125
4892293,2025-11-27,t,,,1,1125
4892293,2025-11-28,t,,,1,1125
4892293,2025-11-29,t,,,1,1125
4892293,2025-11-30,t,,,1,1125
4892293,2025-12-01,t,,,1,1125
4892293,2025-12-02,t,,,1,1125
4892293,2025-12-03,t,,,1,1125
4892293,2025-12-04,t,,,1,1125
4892293,2025-12-05,t,,,1,1125
4892293,2025-12-06,t,,,1,1125
4892293,2025-12-07,t,,,1,1125
4892293,2025-12-08,t,,,1,1125
4892293,2025-12-09,t,,,1,1125
4892293,2025-12-10,t,,,1,1125
4892293,2025-12-11,t,,,1,1125
4892293,2025-12-12,t,,,1,1125
4892293,2025-12-13,t,,,1,1125
4892293,2025-12-14,t,,,1,1125
4892293,2025-12-15,t,,,1,1125
4892293,2025-12-16,t,,,1,1125
4892293,2025-12-17,t,,,1,1125
4892293,2025-12-18,t,,,1,1125
4892293,2025-12-19,t,,,1,1125
4892293,2025-12-20,t,,,1,1125
4892293,2025-12-21,t,,,1,1125
4892293,2025-12-22,t,,,1,1125
4892293,2025-12-23,t,,,1,1125
4892293,2025-12-24,t,,,1,1125
4892293,2025-12-25,t,,,1,1125
4892293,2025-12-26,t,,,1,1125
4892293,2025-12-27,t,,,1,1125
4892293,2025-12-28,t,,,1,1125
4892293,2025-12-29,t,,,1,1125
4892293,2025-12-30,t,,,1,1125
4892293,2025-12-31,t,,,1,1125
4892293,2026-01-01,t,,,1,1125
4892293,2026-01-02,t,,,1,1125
4892293,2026-01-03,t,,,1,1125
4892293,2026-01-04,t,,,1,1125
4892293,2026-01-05,t,,,1,1125
4892293,2026-01-06,t,,,1,1125
4892293,2026-01-07,t,,,1,1125
4892293,2026-01-08,t,,,1,1125
4892293,2026-01-09,t,,,1,1125
4892293,2026-01-10,t,,,1,1125
4892293,2026-01-11,t,,,1,1125
4892293,2026-01-12,t,,,1,1125
4892293,2026-01-13,t,,,1,1125
4892293,2026-01-14,t,,,1,1125
4892293,2026-01-15,t,,,1,1125
4892293,2026-01-16,t,,,1,1125
4892293,2026-01-17,t,,,1,1125
4892293,2026-01-18,t,,,1,1125
4892293,2026-01-19,t,,,1,1125
4892293,2026-01-20,t,,,1,1125
4892293,2026-01-21,t,,,1,1125
4892293,2026-01-22,t,,,1,1125
4892293,2026-01-23,t,,,1,1125
4892293,2026-01-24,t,,,1,1125
4892293,2026-01-25,t,,,1,1125
4892293,2026-01-26,t,,,1,1125
4892293,2026-01-27,t,,,1,1125
4892293,2026-01-28,t,,,1,1125
4892293,2026-01-29,t,,,1,1125
4892293,2026-01-30,t,,,1,1125
4892293,2026-01-31,t,,,1,1125
4892293,2026-02-01,t,,,1,1125
4892293,2026-02-02,t,,,1,1125
4892293,2026-02-03,t,,,1,1125
4892293,2026-02-04,t,,,1,1125
4892293,2026-02-05,t,,,1,1125
4892293,2026-02-06,t,,,1,1125
4892293,2026-02-07,t,,,1,1125
4892293,2026-02-08,t,,,1,1125
4892293,2026-02-09,t,,,1,1125
4892293,2026-02-10,t,,,1,1125
4892293,2026-02-11,t,,,1,1125
4892293,2026-02-12,t,,,1,1125
4892293,2026-02-13,t,,,1,1125
4892293,2026-02-14,t,,,1,1125
4892293,2026-02-15,t,,,1,1125
4892293,2026-02-16,t,,,1,1125
4892293,2026-02-17,t,,,1,1125
4892293,2026-02-18,t,,,1,1125
4892293,2026-02-19,t,,,1,1125
4892293,2026-02-20,t,,,1,1125
4892293,2026-02-21,t,,,1,1125
4892293,2026-02-22,t,,,1,1125
4892293,2026-02-23,t,,,1,1125
4892293,2026-02-24,t,,,1,1125
4892293,2026-02-25,t,,,1,1125
4892293,2026-02-26,t,,,1,1125
4892293,2026-02-27,t,,,1,1125
4892293,2026-02-28,t,,,1,1125
4892293,2026-03-01,t,,,1,1125
4892293,2026-03-02,t,,,1,1125
4892293,2026-03-03,t,,,1,1125
4892293,2026-03-04,t,,,1,1125
4892293,2026-03-05,t,,,1,1125
4892293,2026-03-06,t,,,1,1125
4892293,2026-03-07,t,,,1,1125
4892293,2026-03-08,t,,,1,1125
4892293,2026-03-09,t,,,1,1125
4892293,2026-03-10,t,,,1,1125
4892293,2026-03-11,t,,,1,1125
4892293,2026-03-12,t,,,1,1125
4892293,2026-03-13,t,,,1,1125
4892293,2026-03-14,t,,,1,1125
4892293,2026-03-15,t,,,1,1125
4892293,2026-03-16,t,,,1,1125
4892293,2026-03-17,t,,,1,1125
4892293,2026-03-18,t,,,1,1125
4892293,2026-03-19,t,,,1,1125
4892293,2026-03-20,t,,,1,1125
4892293,2026-03-21,t,,,1,1125
4892293,2026-03-22,t,,,1,1125
4892293,2026-03-23,t,,,1,1125
4892293,2026-03-24,t,,,1,1125
4892293,2026-03-25,t,,,1,1125
4892293,2026-03-26,t,,,1,1125
4892293,2026-03-27,t,,,1,1125
4892293,2026-03-28,t,,,1,1125
4892293,2026-03-29,t,,,1,1125
4892293,2026-03-30,t,,,1,1125
4892293,2026-03-31,t,,,1,1125
4892293,2026-04-01,t,,,1,1125
4892293,2026-04-02,t,,,1,1125
4892293,2026-04-03,t,,,1,1125
4892293,2026-04-04,t,,,1,1125
4892293,2026-04-05,t,,,1,1125
4892293,2026-04-06,t,,,1,1125
4892293,2026-04-07,t,,,1,1125
4892293,2026-04-08,t,,,1,1125
4892293,2026-04-09,t,,,1,1125
4892293,2026-04-10,t,,,1,1125
4892293,2026-04-11,t,,,1,1125
4892293,2026-04-12,t,,,1,1125
4892293,2026-04-13,t,,,1,1125
4892293,2026-04-14,t,,,1,1125
4892293,2026-04-15,t,,,1,1125
4892293,2026-04-16,t,,,1,1125
4892293,2026-04-17,t,,,1,1125
4892293,2026-04-18,t,,,1,1125
4892293,2026-04-19,t,,,1,1125
4892293,2026-04-20,t,,,1,1125
4892293,2026-04-21,t,,,1,1125
4892293,2026-04-22,t,,,1,1125
4892293,2026-04-23,t,,,1,1125
4892293,2026-04-24,t,,,1,1125
4892293,2026-04-25,t,,,1,1125
4892293,2026-04-26,t,,,1,1125
4892293,2026-04-27,t,,,1,1125
4892293,2026-04-28,t,,,1,1125
4892293,2026-04-29,t,,,1,1125
4892293,2026-04-30,t,,,1,1125
4892293,2026-05-01,t,,,1,1125
4892293,2026-05-02,t,,,1,1125
4892293,2026-05-03,t,,,1,1125
4892293,2026-05-04,t,,,1,1125
4892293,2026-05-05,t,,,1,1125
4892293,2026-05-06,t,,,1,1125
4892293,2026-05-07,t,,,1,1125
4892293,2026-05-08,t,,,1,1125
4892293,2026-05-09,t,,,1,1125
4892293,2026-05-10,t,,,1,1125
4892293,2026-05-11,t,,,1,1125
4892293,2026-05-12,t,,,1,1125
4892293,2026-05-13,t,,,1,1125
4892293,2026-05-14,t,,,1,1125
4892293,2026-05-15,t,,,1,1125
4892293,2026-05-16,t,,,1,1125
4892293,2026-05-17,t,,,1,1125
4892293,2026-05-18,t,,,1,1125
4892293,2026-05-19,t,,,1,1125
4892293,2026-05-20,t,,,1,1125
4892293,2026-05-21,t,,,1,1125
4892293,2026-05-22,t,,,1,1125
4892293,2026-05-23,t,,,1,1125
4892293,2026-05-24,t,,,1,1125
4892293,2026-05-25,t,,,1,1125
4892293,2026-05-26,t,,,1,1125
4892293,2026-05-27,t,,,1,1125
4892293,2026-05-28,t,,,1,1125
4892293,2026-05-29,t,,,1,1125
4892293,2026-05-30,t,,,1,1125
4892293,2026-05-31,t,,,1,1125
4892293,2026-06-01,t,,,1,1125
4892293,2026-06-02,t,,,1,1125
4892293,2026-06-03,t,,,1,1125
4892293,2026-06-04,t,,,1,1125
4892293,2026-06-05,t,,,1,1125
4892293,2026-06-06,t,,,1,1125
4892293,2026-06-07,t,,,1,1125
4892293,2026-06-08,t,,,1,1125
4892293,2026-06-09,t,,,1,1125
4892293,2026-06-10,t,,,1,1125
4892293,2026-06-11,t,,,1,1125
4892293,2026-06-12,t,,,1,1125
4892293,2026-06-13,t,,,1,1125
4892293,2026-06-14,t,,,1,1125
4892293,2026-06-15,t,,,1,1125
4892293,2026-06-16,t,,,1,1125
4892293,2026-06-17,t,,,1,1125
4892293,2026-06-18,t,,,1,1125
4892293,2026-06-19,t,,,1,1125
4892293,2026-06-20,t,,,1,1125
4892293,2026-06-21,t,,,1,1125
4892293,2026-06-22,t,,,1,1125
4892293,2026-06-23,t,,,1,1125
9397908,2025-06-24,f,,,1,365
9397908,2025-06-25,t,,,1,365
9397908,2025-06-26,t,,,1,365
9397908,2025-06-27,f,,,1,365
9397908,2025-06-28,f,,,1,365
9397908,2025-06-29,t,,,1,365
9397908,2025-06-30,t,,,1,365
9397908,2025-07-01,t,,,1,365
9397908,2025-07-02,t,,,1,365
9397908,2025-07-03,f,,,1,365
9397908,2025-07-04,f,,,1,365
9397908,2025-07-05,t,,,1,365
9397908,2025-07-06,t,,,1,365
9397908,2025-07-07,t,,,1,365
9397908,2025-07-08,t,,,1,365
9397908,2025-07-09,t,,,1,365
9397908,2025-07-10,t,,,1,365
9397908,2025-07-11,t,,,1,365
9397908,2025-07-12,f,,,1,365
9397908,2025-07-13,t,,,1,365
9397908,2025-07-14,f,,,1,365
9397908,2025-07-15,t,,,1,365
9397908,2025-07-16,t,,,1,365
9397908,2025-07-17,t,,,1,365
9397908,2025-07-18,f,,,1,365
9397908,2025-07-19,f,,,1,365
9397908,2025-07-20,t,,,1,365
9397908,2025-07-21,t,,,1,365
9397908,2025-07-22,t,,,1,365
9397908,2025-07-23,t,,,1,365
9397908,2025-07-24,t,,,1,365
9397908,2025-07-25,f,,,1,365
9397908,2025-07-26,t,,,1,365
9397908,2025-07-27,t,,,1,365
9397908,2025-07-28,t,,,1,365
9397908,2025-07-29,t,,,1,365
9397908,2025-07-30,f,,,1,365
9397908,2025-07-31,f,,,1,365
9397908,2025-08-01,f,,,1,365
9397908,2025-08-02,f,,,1,365
9397908,2025-08-03,t,,,1,365
9397908,2025-08-04,f,,,1,365
9397908,2025-08-05,t,,,1,365
9397908,2025-08-06,f,,,1,365
9397908,2025-08-07,f,,,1,365
9397908,2025-08-08,f,,,1,365
9397908,2025-08-09,f,,,1,365
9397908,2025-08-10,f,,,1,365
9397908,2025-08-11,f,,,1,365
9397908,2025-08-12,t,,,1,365
9397908,2025-08-13,f,,,1,365
9397908,2025-08-14,f,,,1,365
9397908,2025-08-15,f,,,1,365
9397908,2025-08-16,f,,,1,365
9397908,2025-08-17,t,,,1,365
9397908,2025-08-18,t,,,1,365
9397908,2025-08-19,f,,,1,365
9397908,2025-08-20,t,,,1,365
9397908,2025-08-21,t,,,1,365
9397908,2025-08-22,t,,,1,365
9397908,2025-08-23,f,,,1,365
9397908,2025-08-24,f,,,1,365
9397908,2025-08-25,t,,,1,365
9397908,2025-08-26,t,,,1,365
9397908,2025-08-27,t,,,1,365
9397908,2025-08-28,f,,,1,365
9397908,2025-08-29,f,,,1,365
9397908,2025-08-30,f,,,1,365
9397908,2025-08-31,t,,,1,365
9397908,2025-09-01,t,,,1,365
9397908,2025-09-02,t,,,1,365
9397908,2025-09-03,f,,,1,365
9397908,2025-09-04,f,,,1,365
9397908,2025-09-05,t,,,1,365
9397908,2025-09-06,f,,,1,365
9397908,2025-09-07,f,,,1,365
9397908,2025-09-08,f,,,1,365
9397908,2025-09-09,t,,,1,365
9397908,2025-09-10,t,,,1,365
9397908,2025-09-11,t,,,1,365
9397908,2025-09-12,t,,,1,365
9397908,2025-09-13,f,,,1,365
9397908,2025-09-14,f,,,1,365
9397908,2025-09-15,f,,,1,365
9397908,2025-09-16,f,,,1,365
9397908,2025-09-17,f,,,1,365
9397908,2025-09-18,f,,,1,365
9397908,2025-09-19,t,,,1,365
9397908,2025-09-20,f,,,1,365
9397908,2025-09-21,f,,,1,365
9397908,2025-09-22,f,,,1,365
9397908,2025-09-23,t,,,1,365
9397908,2025-09-24,t,,,1,365
9397908,2025-09-25,t,,,1,365
9397908,2025-09-26,t,,,1,365
9397908,2025-09-27,f,,,1,365
9397908,2025-09-28,f,,,1,365
9397908,2025-09-29,t,,,1,365
9397908,2025-09-30,t,,,1,365
9397908,2025-10-01,f,,,1,365
9397908,2025-10-02,f,,,1,365
9397908,2025-10-03,f,,,1,365
9397908,2025-10-04,f,,,1,365
9397908,2025-10-05,f,,,1,365
9397908,2025-10-06,f,,,1,365
9397908,2025-10-07,f,,,1,365
9397908,2025-10-08,f,,,1,365
9397908,2025-10-09,f,,,1,365
9397908,2025-10-10,f,,,1,365
9397908,2025-10-11,f,,,1,365
9397908,2025-10-12,t,,,1,365
9397908,2025-10-13,f,,,1,365
9397908,2025-10-14,f,,,1,365
9397908,2025-10-15,f,,,1,365
9397908,2025-10-16,t,,,1,365
9397908,2025-10-17,t,,,1,365
9397908,2025-10-18,f,,,1,365
9397908,2025-10-19,t,,,1,365
9397908,2025-10-20,f,,,1,365
9397908,2025-10-21,f,,,1,365
9397908,2025-10-22,f,,,1,365
9397908,2025-10-23,f,,,1,365
9397908,2025-10-24,f,,,1,365
9397908,2025-10-25,f,,,1,365
9397908,2025-10-26,f,,,1,365
9397908,2025-10-27,f,,,1,365
9397908,2025-10-28,f,,,1,365
9397908,2025-10-29,f,,,1,365
9397908,2025-10-30,f,,,1,365
9397908,2025-10-31,f,,,1,365
9397908,2025-11-01,f,,,1,365
9397908,2025-11-02,t,,,1,365
9397908,2025-11-03,f,,,1,365
9397908,2025-11-04,t,,,1,365
9397908,2025-11-05,t,,,1,365
9397908,2025-11-06,t,,,1,365
9397908,2025-11-07,t,,,1,365
9397908,2025-11-08,t,,,1,365
9397908,2025-11-09,t,,,1,365
9397908,2025-11-10,f,,,1,365
9397908,2025-11-11,f,,,1,365
9397908,2025-11-12,f,,,1,365
9397908,2025-11-13,f,,,1,365
9397908,2025-11-14,t,,,1,365
9397908,2025-11-15,f,,,1,365
9397908,2025-11-16,f,,,1,365
9397908,2025-11-17,f,,,1,365
9397908,2025-11-18,t,,,1,365
9397908,2025-11-19,t,,,1,365
9397908,2025-11-20,f,,,1,365
9397908,2025-11-21,f,,,1,365
9397908,2025-11-22,f,,,1,365
9397908,2025-11-23,f,,,1,365
9397908,2025-11-24,f,,,1,365
9397908,2025-11-25,f,,,1,365
9397908,2025-11-26,f,,,1,365
9397908,2025-11-27,f,,,1,365
9397908,2025-11-28,f,,,1,365
9397908,2025-11-29,t,,,1,365
9397908,2025-11-30,t,,,1,365
9397908,2025-12-01,t,,,1,365
9397908,2025-12-02,f,,,1,365
9397908,2025-12-03,t,,,1,365
9397908,2025-12-04,f,,,1,365
9397908,2025-12-05,f,,,1,365
9397908,2025-12-06,f,,,1,365
9397908,2025-12-07,f,,,1,365
9397908,2025-12-08,f,,,1,365
9397908,2025-12-09,t,,,1,365
9397908,2025-12-10,f,,,1,365
9397908,2025-12-11,f,,,1,365
9397908,2025-12-12,f,,,1,365
9397908,2025-12-13,f,,,1,365
9397908,2025-12-14,t,,,1,365
9397908,2025-12-15,t,,,1,365
9397908,2025-12-16,t,,,1,365
9397908,2025-12-17,t,,,1,365
9397908,2025-12-18,t,,,1,365
9397908,2025-12-19,t,,,1,365
9397908,2025-12-20,t,,,1,365
9397908,2025-12-21,f,,,1,365
9397908,2025-12-22,t,,,1,365
9397908,2025-12-23,t,,,1,365
9397908,2025-12-24,f,,,1,365
9397908,2025-12-25,f,,,1,365
9397908,2025-12-26,t,,,1,365
9397908,2025-12-27,f,,,1,365
9397908,2025-12-28,f,,,1,365
9397908,2025-12-29,t,,,1,365
9397908,2025-12-30,f,,,1,365
9397908,2025-12-31,f,,,1,365
9397908,2026-01-01,f,,,1,365
9397908,2026-01-02,f,,,1,365
9397908,2026-01-03,t,,,1,365
9397908,2026-01-04,t,,,1,365
9397908,2026-01-05,t,,,1,365
9397908,2026-01-06,f,,,1,365
9397908,2026-01-07,t,,,1,365
9397908,2026-01-08,f,,,1,365
9397908,2026-01-09,t,,,1,365
9397908,2026-01-10,f,,,1,365
9397908,2026-01-11,f,,,1,365
9397908,2026-01-12,t,,,1,365
9397908,2026-01-13,t,,,1,365
9397908,2026-01-14,t,,,1,365
9397908,2026-01-15,t,,,1,365
9397908,2026-01-16,t,,,1,365
9397908,2026-01-17,f,,,1,365
9397908,2026-01-18,t,,,1,365
9397908,2026-01-19,t,,,1,365
9397908,2026-01-20,t,,,1,365
9397908,2026-01-21,t,,,1,365
9397908,2026-01-22,t,,,1,365
9397908,2026-01-23,f,,,1,365
9397908,2026-01-24,t,,,1,365
9397908,2026-01-25,f,,,1,365
9397908,2026-01-26,t,,,1,365
9397908,2026-01-27,t,,,1,365
9397908,2026-01-28,t,,,1,365
9397908,2026-01-29,t,,,1,365
9397908,2026-01-30,t,,,1,365
9397908,2026-01-31,f,,,1,365
9397908,2026-02-01,f,,,1,365
9397908,2026-02-02,t,,,1,365
9397908,2026-02-03,t,,,1,365
9397908,2026-02-04,t,,,1,365
9397908,2026-02-05,t,,,1,365
9397908,2026-02-06,t,,,1,365
9397908,2026-02-07,t,,,1,365
9397908,2026-02-08,t,,,1,365
9397908,2026-02-09,t,,,1,365
9397908,2026-02-10,t,,,1,365
9397908,2026-02-11,t,,,1,365
9397908,2026-02-12,t,,,1,365
9397908,2026-02-13,t,,,1,365
9397908,2026-02-14,t,,,1,365
9397908,2026-02-15,f,,,1,365
9397908,2026-02-16,f,,,1,365
9397908,2026-02-17,f,,,1,365
9397908,2026-02-18,f,,,1,365
9397908,2026-02-19,t,,,1,365
9397908,2026-02-20,f,,,1,365
9397908,2026-02-21,f,,,1,365
9397908,2026-02-22,f,,,1,365
9397908,2026-02-23,t,,,1,365
9397908,2026-02-24,t,,,1,365
9397908,2026-02-25,t,,,1,365
9397908,2026-02-26,t,,,1,365
9397908,2026-02-27,t,,,1,365
9397908,2026-02-28,t,,,1,365
9397908,2026-03-01,f,,,1,365
9397908,2026-03-02,f,,,1,365
9397908,2026-03-03,t,,,1,365
9397908,2026-03-04,t,,,1,365
9397908,2026-03-05,t,,,1,365
9397908,2026-03-06,t,,,1,365
9397908,2026-03-07,t,,,1,365
9397908,2026-03-08,t,,,1,365
9397908,2026-03-09,t,,,1,365
9397908,2026-03-10,t,,,1,365
9397908,2026-03-11,t,,,1,365
9397908,2026-03-12,t,,,1,365
9397908,2026-03-13,t,,,1,365
9397908,2026-03-14,t,,,1,365
9397908,2026-03-15,t,,,1,365
9397908,2026-03-16,t,,,1,365
9397908,2026-03-17,t,,,1,365
9397908,2026-03-18,t,,,1,365
9397908,2026-03-19,t,,,1,365
9397908,2026-03-20,t,,,1,365
9397908,2026-03-21,t,,,1,365
9397908,2026-03-22,t,,,1,365
9397908,2026-03-23,t,,,1,365
9397908,2026-03-24,t,,,1,365
9397908,2026-03-25,t,,,1,365
9397908,2026-03-26,t,,,1,365
9397908,2026-03-27,t,,,1,365
9397908,2026-03-28,f,,,1,365
9397908,2026-03-29,t,,,1,365
9397908,2026-03-30,t,,,1,365
9397908,2026-03-31,t,,,1,365
9397908,2026-04-01,t,,,1,365
9397908,2026-04-02,t,,,1,365
9397908,2026-04-03,t,,,1,1125
9397908,2026-04-04,t,,,1,1125
9397908,2026-04-05,t,,,1,1125
9397908,2026-04-06,t,,,1,1125
9397908,2026-04-07,t,,,1,1125
9397908,2026-04-08,t,,,1,1125
9397908,2026-04-09,t,,,1,1125
9397908,2026-04-10,t,,,1,1125
9397908,2026-04-11,t,,,1,1125
9397908,2026-04-12,t,,,1,1125
9397908,2026-04-13,t,,,1,1125
9397908,2026-04-14,t,,,1,1125
9397908,2026-04-15,t,,,1,1125
9397908,2026-04-16,t,,,1,1125
9397908,2026-04-17,t,,,1,1125
9397908,2026-04-18,t,,,1,1125
9397908,2026-04-19,t,,,1,1125
9397908,2026-04-20,t,,,1,1125
9397908,2026-04-21,t,,,1,1125
9397908,2026-04-22,t,,,1,1125
9397908,2026-04-23,t,,,1,1125
9397908,2026-04-24,t,,,1,1125
9397908,2026-04-25,t,,,1,1125
9397908,2026-04-26,t,,,1,1125
9397908,2026-04-27,t,,,1,1125
9397908,2026-04-28,t,,,1,1125
9397908,2026-04-29,t,,,1,1125
9397908,2026-04-30,t,,,1,1125
9397908,2026-05-01,t,,,1,1125
9397908,2026-05-02,t,,,1,1125
9397908,2026-05-03,t,,,1,1125
9397908,2026-05-04,t,,,1,1125
9397908,2026-05-05,t,,,1,1125
9397908,2026-05-06,t,,,1,1125
9397908,2026-05-07,t,,,1,1125
9397908,2026-05-08,t,,,1,1125
9397908,2026-05-09,t,,,1,1125
9397908,2026-05-10,t,,,1,1125
9397908,2026-05-11,t,,,1,1125
9397908,2026-05-12,t,,,1,1125
9397908,2026-05-13,t,,,1,1125
9397908,2026-05-14,t,,,1,1125
9397908,2026-05-15,t,,,1,1125
9397908,2026-05-16,t,,,1,1125
9397908,2026-05-17,t,,,1,1125
9397908,2026-05-18,t,,,1,1125
9397908,2026-05-19,t,,,1,1125
9397908,2026-05-20,t,,,1,1125
9397908,2026-05-21,t,,,1,1125
9397908,2026-05-22,t,,,1,1125
9397908,2026-05-23,t,,,1,1125
9397908,2026-05-24,t,,,1,1125
9397908,2026-05-25,t,,,1,1125
9397908,2026-05-26,t,,,1,1125
9397908,2026-05-27,t,,,1,1125
9397908,2026-05-28,t,,,1,1125
9397908,2026-05-29,t,,,1,1125
9397908,2026-05-30,t,,,1,1125
9397908,2026-05-31,t,,,1,1125
9397908,2026-06-01,t,,,1,1125
9397908,2026-06-02,t,,,1,1125
9397908,2026-06-03,t,,,1,1125
9397908,2026-06-04,t,,,1,1125
9397908,2026-06-05,t,,,1,1125
9397908,2026-06-06,t,,,1,1125
9397908,2026-06-07,t,,,1,1125
9397908,2026-06-08,t,,,1,1125
9397908,2026-06-09,t,,,1,1125
9397908,2026-06-10,t,,,1,1125
9397908,2026-06-11,t,,,1,1125
9397908,2026-06-12,t,,,1,1125
9397908,2026-06-13,t,,,1,1125
9397908,2026-06-14,t,,,1,1125
9397908,2026-06-15,t,,,1,1125
9397908,2026-06-16,t,,,1,1125
9397908,2026-06-17,t,,,1,1125
9397908,2026-06-18,t,,,1,1125
9397908,2026-06-19,t,,,1,1125
9397908,2026-06-20,t,,,1,1125
9397908,2026-06-21,t,,,1,1125
9397908,2026-06-22,t,,,1,1125
9397908,2026-06-23,t,,,1,1125
13176265,2025-06-24,f,,,30,90
13176265,2025-06-25,t,,,30,90
13176265,2025-06-26,t,,,30,90
13176265,2025-06-27,t,,,30,90
13176265,2025-06-28,t,,,30,90
13176265,2025-06-29,t,,,30,90
13176265,2025-06-30,t,,,30,90
13176265,2025-07-01,t,,,30,90
13176265,2025-07-02,t,,,30,90
13176265,2025-07-03,t,,,30,90
13176265,2025-07-04,t,,,30,90
13176265,2025-07-05,t,,,30,90
13176265,2025-07-06,t,,,30,90
13176265,2025-07-07,t,,,30,90
13176265,2025-07-08,t,,,30,90
13176265,2025-07-09,t,,,30,90
13176265,2025-07-10,t,,,30,90
13176265,2025-07-11,t,,,30,90
13176265,2025-07-12,t,,,30,90
13176265,2025-07-13,t,,,30,90
13176265,2025-07-14,t,,,30,90
13176265,2025-07-15,t,,,30,90
13176265,2025-07-16,t,,,30,90
13176265,2025-07-17,t,,,30,90
13176265,2025-07-18,t,,,30,90
13176265,2025-07-19,t,,,30,90
13176265,2025-07-20,t,,,30,90
13176265,2025-07-21,t,,,30,90
13176265,2025-07-22,t,,,30,90
13176265,2025-07-23,t,,,30,90
13176265,2025-07-24,t,,,30,90
13176265,2025-07-25,t,,,30,90
13176265,2025-07-26,t,,,30,90
13176265,2025-07-27,t,,,30,90
13176265,2025-07-28,t,,,30,90
13176265,2025-07-29,t,,,30,90
13176265,2025-07-30,t,,,30,90
13176265,2025-07-31,t,,,30,90
13176265,2025-08-01,t,,,30,90
13176265,2025-08-02,t,,,30,90
13176265,2025-08-03,t,,,30,90
13176265,2025-08-04,t,,,30,90
13176265,2025-08-05,t,,,30,90
13176265,2025-08-06,t,,,30,90
13176265,2025-08-07,t,,,30,90
13176265,2025-08-08,t,,,30,90
13176265,2025-08-09,t,,,30,90
13176265,2025-08-10,t,,,30,90
13176265,2025-08-11,t,,,30,90
13176265,2025-08-12,t,,,30,90
13176265,2025-08-13,t,,,30,90
13176265,2025-08-14,t,,,30,90
13176265,2025-08-15,t,,,30,90
13176265,2025-08-16,t,,,30,90
13176265,2025-08-17,t,,,30,90
13176265,2025-08-18,t,,,30,90
13176265,2025-08-19,t,,,30,90
13176265,2025-08-20,t,,,30,90
13176265,2025-08-21,t,,,30,90
13176265,2025-08-22,t,,,30,90
13176265,2025-08-23,t,,,30,90
13176265,2025-08-24,t,,,30,90
13176265,2025-08-25,t,,,30,90
13176265,2025-08-26,t,,,30,90
13176265,2025-08-27,t,,,30,90
13176265,2025-08-28,t,,,30,90
13176265,2025-08-29,t,,,30,90
13176265,2025-08-30,t,,,30,90
13176265,2025-08-31,t,,,30,90
13176265,2025-09-01,t,,,30,90
13176265,2025-09-02,t,,,30,90
13176265,2025-09-03,t,,,30,90
13176265,2025-09-04,t,,,30,90
13176265,2025-09-05,t,,,30,90
13176265,2025-09-06,t,,,30,90
13176265,2025-09-07,t,,,30,90
13176265,2025-09-08,t,,,30,90
13176265,2025-09-09,t,,,30,90
13176265,2025-09-10,t,,,30,90
13176265,2025-09-11,t,,,30,90
13176265,2025-09-12,t,,,30,90
13176265,2025-09-13,t,,,30,90
13176265,2025-09-14,t,,,30,90
13176265,2025-09-15,t,,,30,90
13176265,2025-09-16,t,,,30,90
13176265,2025-09-17,t,,,30,90
13176265,2025-09-18,t,,,30,90
13176265,2025-09-19,t,,,30,90
13176265,2025-09-20,t,,,30,90
13176265,2025-09-21,t,,,30,90
13176265,2025-09-22,t,,,30,90
13176265,2025-09-23,t,,,30,90
13176265,2025-09-24,t,,,30,90
13176265,2025-09-25,t,,,30,90
13176265,2025-09-26,t,,,30,90
13176265,2025-09-27,t,,,30,90
13176265,2025-09-28,t,,,30,90
13176265,2025-09-29,t,,,30,90
13176265,2025-09-30,t,,,30,90
13176265,2025-10-01,t,,,30,90
13176265,2025-10-02,t,,,30,90
13176265,2025-10-03,t,,,30,90
13176265,2025-10-04,t,,,30,90
13176265,2025-10-05,t,,,30,90
13176265,2025-10-06,t,,,30,90
13176265,2025-10-07,t,,,30,90
13176265,2025-10-08,t,,,30,90
13176265,2025-10-09,t,,,30,90
13176265,2025-10-10,t,,,30,90
13176265,2025-10-11,t,,,30,90
13176265,2025-10-12,t,,,30,90
13176265,2025-10-13,t,,,30,90
13176265,2025-10-14,t,,,30,90
13176265,2025-10-15,t,,,30,90
13176265,2025-10-16,t,,,30,90
13176265,2025-10-17,t,,,30,90
13176265,2025-10-18,t,,,30,90
13176265,2025-10-19,t,,,30,90
13176265,2025-10-20,t,,,30,90
13176265,2025-10-21,t,,,30,90
13176265,2025-10-22,t,,,30,90
13176265,2025-10-23,t,,,30,90
13176265,2025-10-24,t,,,30,90
13176265,2025-10-25,t,,,30,90
13176265,2025-10-26,t,,,30,90
13176265,2025-10-27,t,,,30,90
13176265,2025-10-28,t,,,30,90
13176265,2025-10-29,t,,,30,90
13176265,2025-10-30,t,,,30,90
13176265,2025-10-31,t,,,30,90
13176265,2025-11-01,t,,,30,90
13176265,2025-11-02,t,,,30,90
13176265,2025-11-03,t,,,30,90
13176265,2025-11-04,t,,,30,90
13176265,2025-11-05,t,,,30,90
13176265,2025-11-06,t,,,30,90
13176265,2025-11-07,t,,,30,90
13176265,2025-11-08,t,,,30,90
13176265,2025-11-09,t,,,30,90
13176265,2025-11-10,t,,,30,90
13176265,2025-11-11,t,,,30,90
13176265,2025-11-12,t,,,30,90
13176265,2025-11-13,t,,,30,90
13176265,2025-11-14,t,,,30,90
13176265,2025-11-15,t,,,30,90
13176265,2025-11-16,t,,,30,90
13176265,2025-11-17,t,,,30,90
13176265,2025-11-18,t,,,30,90
13176265,2025-11-19,t,,,30,90
13176265,2025-11-20,t,,,30,90
13176265,2025-11-21,t,,,30,90
13176265,2025-11-22,t,,,30,90
13176265,2025-11-23,t,,,30,90
13176265,2025-11-24,t,,,30,90
13176265,2025-11-25,t,,,30,90
13176265,2025-11-26,t,,,30,90
13176265,2025-11-27,t,,,30,90
13176265,2025-11-28,t,,,30,90
13176265,2025-11-29,t,,,30,90
13176265,2025-11-30,t,,,30,90
13176265,2025-12-01,t,,,30,90
13176265,2025-12-02,t,,,30,90
13176265,2025-12-03,t,,,30,90
13176265,2025-12-04,t,,,30,90
13176265,2025-12-05,t,,,30,90
13176265,2025-12-06,t,,,30,90
13176265,2025-12-07,t,,,30,90
13176265,2025-12-08,t,,,30,90
13176265,2025-12-09,t,,,30,90
13176265,2025-12-10,t,,,30,90
13176265,2025-12-11,t,,,30,90
13176265,2025-12-12,t,,,30,90
13176265,2025-12-13,t,,,30,90
13176265,2025-12-14,t,,,30,90
13176265,2025-12-15,t,,,30,90
13176265,2025-12-16,t,,,30,90
13176265,2025-12-17,t,,,30,90
13176265,2025-12-18,t,,,30,90
13176265,2025-12-19,t,,,30,90
13176265,2025-12-20,t,,,30,90
13176265,2025-12-21,t,,,30,90
13176265,2025-12-22,t,,,30,90
13176265,2025-12-23,t,,,30,90
13176265,2025-12-24,t,,,30,90
13176265,2025-12-25,t,,,30,90
13176265,2025-12-26,t,,,30,90
13176265,2025-12-27,t,,,30,90
13176265,2025-12-28,t,,,30,90
13176265,2025-12-29,t,,,30,90
13176265,2025-12-30,t,,,30,90
13176265,2025-12-31,t,,,30,90
13176265,2026-01-01,t,,,30,90
13176265,2026-01-02,t,,,30,90
13176265,2026-01-03,t,,,30,90
13176265,2026-01-04,t,,,30,90
13176265,2026-01-05,t,,,30,90
13176265,2026-01-06,t,,,30,90
13176265,2026-01-07,t,,,30,90
13176265,2026-01-08,t,,,30,90
13176265,2026-01-09,t,,,30,90
13176265,2026-01-10,t,,,30,90
13176265,2026-01-11,t,,,30,90
13176265,2026-01-12,t,,,30,90
13176265,2026-01-13,t,,,30,90
13176265,2026-01-14,t,,,30,90
13176265,2026-01-15,t,,,30,90
13176265,2026-01-16,t,,,30,90
13176265,2026-01-17,t,,,30,90
13176265,2026-01-18,t,,,30,90
13176265,2026-01-19,t,,,30,90
13176265,2026-01-20,t,,,30,90
13176265,2026-01-21,t,,,30,90
13176265,2026-01-22,t,,,30,90
13176265,2026-01-23,t,,,30,90
13176265,2026-01-24,t,,,30,90
13176265,2026-01-25,t,,,30,90
13176265,2026-01-26,t,,,30,90
13176265,2026-01-27,t,,,30,90
13176265,2026-01-28,t,,,30,90
13176265,2026-01-29,t,,,30,90
13176265,2026-01-30,t,,,30,90
13176265,2026-01-31,t,,,30,90
13176265,2026-02-01,t,,,30,90
13176265,2026-02-02,t,,,30,90
13176265,2026-02-03,t,,,30,90
13176265,2026-02-04,t,,,30,90
13176265,2026-02-05,t,,,30,90
13176265,2026-02-06,t,,,30,90
13176265,2026-02-07,t,,,30,90
13176265,2026-02-08,t,,,30,90
13176265,2026-02-09,t,,,30,90
13176265,2026-02-10,t,,,30,90
13176265,2026-02-11,t,,,30,90
13176265,2026-02-12,t,,,30,90
13176265,2026-02-13,t,,,30,90
13176265,2026-02-14,t,,,30,90
13176265,2026-02-15,t,,,30,90
13176265,2026-02-16,t,,,30,90
13176265,2026-02-17,t,,,30,90
13176265,2026-02-18,t,,,30,90
13176265,2026-02-19,t,,,30,90
13176265,2026-02-20,t,,,30,90
13176265,2026-02-21,t,,,30,90
13176265,2026-02-22,t,,,30,90
13176265,2026-02-23,t,,,30,90
13176265,2026-02-24,t,,,30,90
13176265,2026-02-25,t,,,30,90
13176265,2026-02-26,t,,,30,90
13176265,2026-02-27,t,,,30,90
13176265,2026-02-28,t,,,30,90
13176265,2026-03-01,t,,,30,90
13176265,2026-03-02,t,,,30,90
13176265,2026-03-03,t,,,30,90
13176265,2026-03-04,t,,,30,90
13176265,2026-03-05,t,,,30,90
13176265,2026-03-06,t,,,30,90
13176265,2026-03-07,t,,,30,90
13176265,2026-03-08,t,,,30,90
13176265,2026-03-09,t,,,30,90
13176265,2026-03-10,t,,,30,90
13176265,2026-03-11,t,,,30,90
13176265,2026-03-12,t,,,30,90
13176265,2026-03-13,t,,,30,90
13176265,2026-03-14,t,,,30,90
13176265,2026-03-15,t,,,30,90
13176265,2026-03-16,t,,,30,90
13176265,2026-03-17,t,,,30,90
13176265,2026-03-18,t,,,30,90
13176265,2026-03-19,t,,,30,90
13176265,2026-03-20,t,,,30,90
13176265,2026-03-21,t,,,30,90
13176265,2026-03-22,t,,,30,90
13176265,2026-03-23,t,,,30,90
13176265,2026-03-24,t,,,30,90
13176265,2026-03-25,t,,,30,90
13176265,2026-03-26,t,,,30,90
13176265,2026-03-27,t,,,30,90
13176265,2026-03-28,t,,,30,90
13176265,2026-03-29,t,,,30,90
13176265,2026-03-30,t,,,30,90
13176265,2026-03-31,t,,,30,90
13176265,2026-04-01,t,,,30,90
13176265,2026-04-02,t,,,30,90
13176265,2026-04-03,t,,,30,90
13176265,2026-04-04,t,,,30,90
13176265,2026-04-05,t,,,30,90
13176265,2026-04-06,t,,,30,90
13176265,2026-04-07,t,,,30,90
13176265,2026-04-08,t,,,30,90
13176265,2026-04-09,t,,,30,90
13176265,2026-04-10,t,,,30,90
13176265,2026-04-11,t,,,30,90
13176265,2026-04-12,t,,,30,90
13176265,2026-04-13,t,,,30,90
13176265,2026-04-14,t,,,30,90
13176265,2026-04-15,t,,,30,90
13176265,2026-04-16,t,,,30,90
13176265,2026-04-17,t,,,30,90
13176265,2026-04-18,t,,,30,90
13176265,2026-04-19,t,,,30,90
13176265,2026-04-20,t,,,30,90
13176265,2026-04-21,t,,,30,90
13176265,2026-04-22,t,,,30,90
13176265,2026-04-23,t,,,30,90
13176265,2026-04-24,t,,,30,90
13176265,2026-04-25,t,,,30,90
13176265,2026-04-26,t,,,30,90
13176265,2026-04-27,t,,,30,90
13176265,2026-04-28,t,,,30,90
13176265,2026-04-29,t,,,30,90
13176265,2026-04-30,t,,,30,90
13176265,2026-05-01,t,,,30,90
13176265,2026-05-02,t,,,30,90
13176265,2026-05-03,t,,,30,90
13176265,2026-05-04,t,,,30,90
13176265,2026-05-05,t,,,30,90
13176265,2026-05-06,t,,,30,90
13176265,2026-05-07,t,,,30,90
13176265,2026-05-08,t,,,30,90
13176265,2026-05-09,t,,,30,90
13176265,2026-05-10,t,,,30,90
13176265,2026-05-11,t,,,30,90
13176265,2026-05-12,t,,,30,90
13176265,2026-05-13,t,,,30,90
13176265,2026-05-14,t,,,30,90
13176265,2026-05-15,t,,,30,90
13176265,2026-05-16,t,,,30,90
13176265,2026-05-17,t,,,30,90
13176265,2026-05-18,t,,,30,90
13176265,2026-05-19,t,,,30,90
13176265,2026-05-20,t,,,30,90
13176265,2026-05-21,t,,,30,90
13176265,2026-05-22,t,,,30,90
13176265,2026-05-23,t,,,30,90
13176265,2026-05-24,t,,,30,90
13176265,2026-05-25,t,,,30,90
13176265,2026-05-26,t,,,30,90
13176265,2026-05-27,t,,,30,90
13176265,2026-05-28,t,,,30,90
13176265,2026-05-29,t,,,30,90
13176265,2026-05-30,t,,,30,90
13176265,2026-05-31,t,,,30,90
13176265,2026-06-01,t,,,30,90
13176265,2026-06-02,t,,,30,90
13176265,2026-06-03,t,,,30,90
13176265,2026-06-04,t,,,30,90
13176265,2026-06-05,t,,,30,90
13176265,2026-06-06,t,,,30,90
13176265,2026-06-07,t,,,30,90
13176265,2026-06-08,t,,,30,90
13176265,2026-06-09,t,,,30,90
13176265,2026-06-10,t,,,30,90
13176265,2026-06-11,t,,,30,90
13176265,2026-06-12,t,,,30,90
13176265,2026-06-13,t,,,30,90
13176265,2026-06-14,t,,,30,90
13176265,2026-06-15,t,,,30,90
13176265,2026-06-16,t,,,30,90
13176265,2026-06-17,t,,,30,90
13176265,2026-06-18,t,,,30,90
13176265,2026-06-19,t,,,30,90
13176265,2026-06-20,t,,,30,90
13176265,2026-06-21,t,,,30,90
13176265,2026-06-22,t,,,30,90
13176265,2026-06-23,t,,,30,90
16100405,2025-06-24,f,,,2,30
16100405,2025-06-25,f,,,2,30
16100405,2025-06-26,f,,,2,30
16100405,2025-06-27,f,,,2,30
16100405,2025-06-28,f,,,2,30
16100405,2025-06-29,f,,,2,30
16100405,2025-06-30,f,,,2,30
16100405,2025-07-01,f,,,2,30
16100405,2025-07-02,f,,,2,30
16100405,2025-07-03,f,,,2,30
16100405,2025-07-04,f,,,2,30
16100405,2025-07-05,f,,,2,30
16100405,2025-07-06,f,,,2,30
16100405,2025-07-07,f,,,2,30
16100405,2025-07-08,f,,,2,30
16100405,2025-07-09,f,,,2,30
16100405,2025-07-10,f,,,2,30
16100405,2025-07-11,f,,,2,30
16100405,2025-07-12,f,,,2,30
16100405,2025-07-13,t,,,2,30
16100405,2025-07-14,t,,,2,30
16100405,2025-07-15,t,,,2,30
16100405,2025-07-16,f,,,2,30
16100405,2025-07-17,f,,,2,30
16100405,2025-07-18,f,,,2,30
16100405,2025-07-19,f,,,2,30
16100405,2025-07-20,f,,,2,30
16100405,2025-07-21,f,,,2,30
16100405,2025-07-22,f,,,2,30
16100405,2025-07-23,f,,,2,30
16100405,2025-07-24,f,,,2,30
16100405,2025-07-25,f,,,2,30
16100405,2025-07-26,f,,,2,30
16100405,2025-07-27,f,,,2,30
16100405,2025-07-28,f,,,2,30
16100405,2025-07-29,f,,,2,30
16100405,2025-07-30,f,,,2,30
16100405,2025-07-31,f,,,2,30
16100405,2025-08-01,f,,,2,30
16100405,2025-08-02,f,,,2,30
16100405,2025-08-03,f,,,2,30
16100405,2025-08-04,f,,,2,30
16100405,2025-08-05,f,,,2,30
16100405,2025-08-06,f,,,2,30
16100405,2025-08-07,f,,,2,30
16100405,2025-08-08,f,,,2,30
16100405,2025-08-09,f,,,2,30
16100405,2025-08-10,f,,,2,30
16100405,2025-08-11,f,,,2,30
16100405,2025-08-12,f,,,2,30
16100405,2025-08-13,f,,,2,30
16100405,2025-08-14,f,,,2,30
16100405,2025-08-15,f,,,2,30
16100405,2025-08-16,f,,,2,30
16100405,2025-08-17,f,,,2,30
16100405,2025-08-18,f,,,2,30
16100405,2025-08-19,f,,,2,30
16100405,2025-08-20,f,,,2,30
16100405,2025-08-21,f,,,2,30
16100405,2025-08-22,f,,,2,30
16100405,2025-08-23,f,,,2,30
16100405,2025-08-24,f,,,2,30
16100405,2025-08-25,f,,,2,30
16100405,2025-08-26,f,,,2,30
16100405,2025-08-27,f,,,2,30
16100405,2025-08-28,f,,,2,30
16100405,2025-08-29,t,,,2,30
16100405,2025-08-30,f,,,2,30
16100405,2025-08-31,f,,,2,30
16100405,2025-09-01,f,,,2,30
16100405,2025-09-02,f,,,2,30
16100405,2025-09-03,f,,,2,30
16100405,2025-09-04,f,,,2,30
16100405,2025-09-05,f,,,2,30
16100405,2025-09-06,f,,,2,30
16100405,2025-09-07,f,,,2,30
16100405,2025-09-08,f,,,2,30
16100405,2025-09-09,f,,,2,30
16100405,2025-09-10,f,,,2,30
16100405,2025-09-11,f,,,2,30
16100405,2025-09-12,f,,,2,30
16100405,2025-09-13,f,,,2,30
16100405,2025-09-14,f,,,2,30
16100405,2025-09-15,f,,,2,30
16100405,2025-09-16,f,,,2,30
16100405,2025-09-17,f,,,2,30
16100405,2025-09-18,f,,,2,30
16100405,2025-09-19,f,,,2,30
16100405,2025-09-20,f,,,2,30
16100405,2025-09-21,f,,,2,30
16100405,2025-09-22,f,,,2,30
16100405,2025-09-23,f,,,2,30
16100405,2025-09-24,f,,,2,30
16100405,2025-09-25,f,,,2,30
16100405,2025-09-26,f,,,2,30
16100405,2025-09-27,f,,,2,30
16100405,2025-09-28,f,,,2,30
16100405,2025-09-29,f,,,2,30
16100405,2025-09-30,f,,,2,30
16100405,2025-10-01,f,,,2,30
16100405,2025-10-02,f,,,2,30
16100405,2025-10-03,f,,,2,30
16100405,2025-10-04,f,,,2,30
16100405,2025-10-05,f,,,2,30
16100405,2025-10-06,f,,,2,30
16100405,2025-10-07,f,,,2,30
16100405,2025-10-08,f,,,2,30
16100405,2025-10-09,f,,,2,30
16100405,2025-10-10,f,,,2,30
16100405,2025-10-11,f,,,2,30
16100405,2025-10-12,f,,,2,30
16100405,2025-10-13,f,,,2,30
16100405,2025-10-14,f,,,2,30
16100405,2025-10-15,f,,,2,30
16100405,2025-10-16,f,,,2,30
16100405,2025-10-17,f,,,2,30
16100405,2025-10-18,f,,,2,30
16100405,2025-10-19,f,,,2,30
16100405,2025-10-20,f,,,2,30
16100405,2025-10-21,f,,,2,30
16100405,2025-10-22,f,,,2,30
16100405,2025-10-23,f,,,2,30
16100405,2025-10-24,f,,,2,30
16100405,2025-10-25,f,,,2,30
16100405,2025-10-26,f,,,2,30
16100405,2025-10-27,f,,,2,30
16100405,2025-10-28,f,,,2,30
16100405,2025-10-29,f,,,2,30
16100405,2025-10-30,f,,,2,30
16100405,2025-10-31,f,,,2,30
16100405,2025-11-01,f,,,2,30
16100405,2025-11-02,f,,,2,30
16100405,2025-11-03,f,,,2,30
16100405,2025-11-04,f,,,2,30
16100405,2025-11-05,f,,,2,30
16100405,2025-11-06,f,,,2,30
16100405,2025-11-07,f,,,2,30
16100405,2025-11-08,f,,,2,30
16100405,2025-11-09,f,,,2,30
16100405,2025-11-10,f,,,2,30
16100405,2025-11-11,f,,,2,30
16100405,2025-11-12,f,,,2,30
16100405,2025-11-13,f,,,2,30
16100405,2025-11-14,f,,,2,30
16100405,2025-11-15,f,,,2,30
16100405,2025-11-16,f,,,2,30
16100405,2025-11-17,f,,,2,30
16100405,2025-11-18,f,,,2,30
16100405,2025-11-19,f,,,2,30
16100405,2025-11-20,f,,,2,30
16100405,2025-11-21,f,,,2,30
16100405,2025-11-22,f,,,2,30
16100405,2025-11-23,f,,,2,30
16100405,2025-11-24,f,,,2,30
16100405,2025-11-25,f,,,2,30
16100405,2025-11-26,f,,,2,30
16100405,2025-11-27,f,,,2,30
16100405,2025-11-28,f,,,2,30
16100405,2025-11-29,f,,,2,30
16100405,2025-11-30,f,,,2,30
16100405,2025-12-01,f,,,2,30
16100405,2025-12-02,f,,,2,30
16100405,2025-12-03,f,,,2,30
16100405,2025-12-04,f,,,2,30
16100405,2025-12-05,f,,,2,30
16100405,2025-12-06,f,,,2,30
16100405,2025-12-07,f,,,2,30
16100405,2025-12-08,f,,,2,30
16100405,2025-12-09,f,,,2,30
16100405,2025-12-10,f,,,2,30
16100405,2025-12-11,f,,,2,30
16100405,2025-12-12,f,,,2,30
16100405,2025-12-13,f,,,2,30
16100405,2025-12-14,f,,,2,30
16100405,2025-12-15,f,,,2,30
16100405,2025-12-16,f,,,2,30
16100405,2025-12-17,f,,,2,30
16100405,2025-12-18,f,,,2,30
16100405,2025-12-19,f,,,2,30
16100405,2025-12-20,f,,,2,30
16100405,2025-12-21,f,,,2,30
16100405,2025-12-22,f,,,2,30
16100405,2025-12-23,f,,,2,30
16100405,2025-12-24,f,,,2,30
16100405,2025-12-25,f,,,2,30
16100405,2025-12-26,f,,,2,30
16100405,2025-12-27,f,,,2,30
16100405,2025-12-28,f,,,2,30
16100405,2025-12-29,t,,,2,30
16100405,2025-12-30,f,,,2,30
16100405,2025-12-31,f,,,2,30
16100405,2026-01-01,f,,,2,30
16100405,2026-01-02,f,,,2,30
16100405,2026-01-03,t,,,2,30
16100405,2026-01-04,t,,,2,30
16100405,2026-01-05,t,,,2,30
16100405,2026-01-06,t,,,2,30
16100405,2026-01-07,t,,,2,30
16100405,2026-01-08,t,,,2,30
16100405,2026-01-09,t,,,2,30
16100405,2026-01-10,t,,,2,30
16100405,2026-01-11,t,,,2,30
16100405,2026-01-12,t,,,2,30
16100405,2026-01-13,t,,,2,30
16100405,2026-01-14,t,,,2,30
16100405,2026-01-15,t,,,2,30
16100405,2026-01-16,t,,,2,30
16100405,2026-01-17,t,,,2,30
16100405,2026-01-18,t,,,2,30
16100405,2026-01-19,t,,,2,30
16100405,2026-01-20,t,,,2,30
16100405,2026-01-21,t,,,2,30
16100405,2026-01-22,t,,,2,30
16100405,2026-01-23,t,,,2,30
16100405,2026-01-24,t,,,2,30
16100405,2026-01-25,t,,,2,30
16100405,2026-01-26,t,,,2,30
16100405,2026-01-27,t,,,2,30
16100405,2026-01-28,t,,,2,30
16100405,2026-01-29,t,,,2,30
16100405,2026-01-30,t,,,2,30
16100405,2026-01-31,t,,,2,30
16100405,2026-02-01,t,,,2,30
16100405,2026-02-02,t,,,2,30
16100405,2026-02-03,t,,,2,30
16100405,2026-02-04,t,,,2,30
16100405,2026-02-05,t,,,2,30
16100405,2026-02-06,t,,,2,30
16100405,2026-02-07,t,,,2,30
16100405,2026-02-08,t,,,2,30
16100405,2026-02-09,t,,,2,30
16100405,2026-02-10,t,,,2,30
16100405,2026-02-11,t,,,2,30
16100405,2026-02-12,t,,,2,30
16100405,2026-02-13,t,,,2,30
16100405,2026-02-14,t,,,2,30
16100405,2026-02-15,t,,,2,30
16100405,2026-02-16,t,,,2,30
16100405,2026-02-17,t,,,2,30
16100405,2026-02-18,t,,,2,30
16100405,2026-02-19,t,,,2,30
16100405,2026-02-20,t,,,2,30
16100405,2026-02-21,t,,,2,30
16100405,2026-02-22,t,,,2,30
16100405,2026-02-23,t,,,2,30
16100405,2026-02-24,t,,,2,30
16100405,2026-02-25,t,,,2,30
16100405,2026-02-26,t,,,2,30
16100405,2026-02-27,t,,,2,30
16100405,2026-02-28,t,,,2,30
16100405,2026-03-01,t,,,2,30
16100405,2026-03-02,t,,,2,30
16100405,2026-03-03,t,,,2,30
16100405,2026-03-04,t,,,2,30
16100405,2026-03-05,t,,,2,30
16100405,2026-03-06,t,,,2,30
16100405,2026-03-07,t,,,2,30
16100405,2026-03-08,t,,,2,30
16100405,2026-03-09,t,,,2,30
16100405,2026-03-10,t,,,2,30
16100405,2026-03-11,t,,,2,30
16100405,2026-03-12,t,,,2,30
16100405,2026-03-13,t,,,2,30
16100405,2026-03-14,t,,,2,30
16100405,2026-03-15,t,,,2,30
16100405,2026-03-16,t,,,2,30
16100405,2026-03-17,t,,,2,30
16100405,2026-03-18,t,,,2,30
16100405,2026-03-19,t,,,2,30
16100405,2026-03-20,t,,,2,30
16100405,2026-03-21,t,,,2,30
16100405,2026-03-22,t,,,2,30
16100405,2026-03-23,t,,,2,30
16100405,2026-03-24,t,,,2,30
16100405,2026-03-25,t,,,2,30
16100405,2026-03-26,t,,,2,30
16100405,2026-03-27,t,,,2,30
16100405,2026-03-28,t,,,2,30
16100405,2026-03-29,t,,,2,30
16100405,2026-03-30,t,,,2,30
16100405,2026-03-31,t,,,2,30
16100405,2026-04-01,t,,,2,30
16100405,2026-04-02,t,,,2,30
16100405,2026-04-03,t,,,2,30
16100405,2026-04-04,t,,,2,30
16100405,2026-04-05,t,,,2,30
16100405,2026-04-06,t,,,2,30
16100405,2026-04-07,t,,,2,30
16100405,2026-04-08,t,,,2,30
16100405,2026-04-09,t,,,2,30
16100405,2026-04-10,t,,,2,30
16100405,2026-04-11,t,,,2,30
16100405,2026-04-12,t,,,2,30
16100405,2026-04-13,t,,,2,30
16100405,2026-04-14,t,,,2,30
16100405,2026-04-15,t,,,2,30
16100405,2026-04-16,t,,,2,30
16100405,2026-04-17,t,,,2,30
16100405,2026-04-18,t,,,2,30
16100405,2026-04-19,t,,,2,30
16100405,2026-04-20,t,,,2,30
16100405,2026-04-21,t,,,2,30
16100405,2026-04-22,t,,,2,30
16100405,2026-04-23,t,,,2,30
16100405,2026-04-24,t,,,2,30
16100405,2026-04-25,t,,,2,30
16100405,2026-04-26,t,,,2,30
16100405,2026-04-27,t,,,2,30
16100405,2026-04-28,t,,,2,30
16100405,2026-04-29,t,,,2,30
16100405,2026-04-30,t,,,2,30
16100405,2026-05-01,t,,,2,30
16100405,2026-05-02,t,,,2,30
16100405,2026-05-03,t,,,2,30
16100405,2026-05-04,t,,,2,30
16100405,2026-05-05,t,,,2,30
16100405,2026-05-06,t,,,2,30
16100405,2026-05-07,t,,,2,30
16100405,2026-05-08,t,,,2,30
16100405,2026-05-09,t,,,2,30
16100405,2026-05-10,t,,,2,30
16100405,2026-05-11,t,,,2,30
16100405,2026-05-12,t,,,2,30
16100405,2026-05-13,t,,,2,30
16100405,2026-05-14,t,,,2,30
16100405,2026-05-15,t,,,2,30
16100405,2026-05-16,t,,,2,30
16100405,2026-05-17,t,,,2,30
16100405,2026-05-18,t,,,2,30
16100405,2026-05-19,t,,,2,30
16100405,2026-05-20,t,,,2,30
16100405,2026-05-21,t,,,2,30
16100405,2026-05-22,t,,,2,30
16100405,2026-05-23,t,,,2,30
16100405,2026-05-24,t,,,2,30
16100405,2026-05-25,t,,,2,30
16100405,2026-05-26,t,,,2,30
16100405,2026-05-27,t,,,2,30
16100405,2026-05-28,t,,,2,30
16100405,2026-05-29,t,,,2,30
16100405,2026-05-30,t,,,2,30
16100405,2026-05-31,t,,,2,30
16100405,2026-06-01,t,,,2,30
16100405,2026-06-02,t,,,2,30
16100405,2026-06-03,t,,,2,30
16100405,2026-06-04,t,,,2,30
16100405,2026-06-05,t,,,2,30
16100405,2026-06-06,t,,,2,30
16100405,2026-06-07,t,,,2,30
16100405,2026-06-08,t,,,2,30
16100405,2026-06-09,t,,,2,30
16100405,2026-06-10,t,,,2,30
16100405,2026-06-11,t,,,2,30
16100405,2026-06-12,t,,,2,30
16100405,2026-06-13,t,,,2,30
16100405,2026-06-14,t,,,2,30
16100405,2026-06-15,t,,,2,30
16100405,2026-06-16,t,,,2,30
16100405,2026-06-17,t,,,2,30
16100405,2026-06-18,t,,,2,30
16100405,2026-06-19,t,,,2,30
16100405,2026-06-20,t,,,2,30
16100405,2026-06-21,t,,,2,30
16100405,2026-06-22,t,,,2,30
16100405,2026-06-23,t,,,2,30
16758194,2025-06-24,f,,,1,2
16758194,2025-06-25,t,,,1,2
16758194,2025-06-26,t,,,1,2
16758194,2025-06-27,t,,,1,2
16758194,2025-06-28,t,,,1,2
16758194,2025-06-29,t,,,1,2
16758194,2025-06-30,t,,,1,2
16758194,2025-07-01,t,,,1,2
16758194,2025-07-02,t,,,1,2
16758194,2025-07-03,t,,,1,2
16758194,2025-07-04,t,,,1,2
16758194,2025-07-05,t,,,1,2
16758194,2025-07-06,t,,,1,2
16758194,2025-07-07,t,,,1,2
16758194,2025-07-08,t,,,1,2
16758194,2025-07-09,t,,,1,2
16758194,2025-07-10,t,,,1,2
16758194,2025-07-11,t,,,1,2
16758194,2025-07-12,t,,,1,2
16758194,2025-07-13,t,,,1,2
16758194,2025-07-14,t,,,1,2
16758194,2025-07-15,t,,,1,2
16758194,2025-07-16,t,,,1,2
16758194,2025-07-17,t,,,1,2
16758194,2025-07-18,t,,,1,2
16758194,2025-07-19,t,,,1,2
16758194,2025-07-20,t,,,1,2
16758194,2025-07-21,t,,,1,2
16758194,2025-07-22,t,,,1,2
16758194,2025-07-23,t,,,1,2
16758194,2025-07-24,t,,,1,2
16758194,2025-07-25,t,,,1,2
16758194,2025-07-26,t,,,1,2
16758194,2025-07-27,t,,,1,2
16758194,2025-07-28,t,,,1,2
16758194,2025-07-29,t,,,1,2
16758194,2025-07-30,t,,,1,2
16758194,2025-07-31,t,,,1,2
16758194,2025-08-01,t,,,1,2
16758194,2025-08-02,t,,,1,2
16758194,2025-08-03,t,,,1,2
16758194,2025-08-04,t,,,1,2
16758194,2025-08-05,t,,,1,2
16758194,2025-08-06,t,,,1,2
16758194,2025-08-07,t,,,1,2
16758194,2025-08-08,t,,,1,2
16758194,2025-08-09,t,,,1,2
16758194,2025-08-10,t,,,1,2
16758194,2025-08-11,t,,,1,2
16758194,2025-08-12,t,,,1,2
16758194,2025-08-13,t,,,1,2
16758194,2025-08-14,t,,,1,2
16758194,2025-08-15,t,,,1,2
16758194,2025-08-16,t,,,1,2
16758194,2025-08-17,t,,,1,2
16758194,2025-08-18,t,,,1,2
16758194,2025-08-19,t,,,1,2
16758194,2025-08-20,t,,,1,2
16758194,2025-08-21,t,,,1,2
16758194,2025-08-22,t,,,1,2
16758194,2025-08-23,t,,,1,2
16758194,2025-08-24,t,,,1,2
16758194,2025-08-25,t,,,1,2
16758194,2025-08-26,t,,,1,2
16758194,2025-08-27,t,,,1,2
16758194,2025-08-28,t,,,1,2
16758194,2025-08-29,t,,,1,2
16758194,2025-08-30,t,,,1,2
16758194,2025-08-31,t,,,1,2
16758194,2025-09-01,f,,,1,2
16758194,2025-09-02,f,,,1,2
16758194,2025-09-03,f,,,1,2
16758194,2025-09-04,f,,,1,2
16758194,2025-09-05,f,,,1,2
16758194,2025-09-06,f,,,1,2
16758194,2025-09-07,f,,,1,2
16758194,2025-09-08,f,,,1,2
16758194,2025-09-09,f,,,1,2
16758194,2025-09-10,f,,,1,2
16758194,2025-09-11,f,,,1,2
16758194,2025-09-12,f,,,1,2
16758194,2025-09-13,f,,,1,2
16758194,2025-09-14,f,,,1,2
16758194,2025-09-15,f,,,1,2
16758194,2025-09-16,f,,,1,2
16758194,2025-09-17,f,,,1,2
16758194,2025-09-18,f,,,1,2
16758194,2025-09-19,f,,,1,2
16758194,2025-09-20,f,,,1,2
16758194,2025-09-21,f,,,1,2
16758194,2025-09-22,f,,,1,2
16758194,2025-09-23,f,,,1,2
16758194,2025-09-24,f,,,1,2
16758194,2025-09-25,f,,,1,2
16758194,2025-09-26,f,,,1,2
16758194,2025-09-27,f,,,1,2
16758194,2025-09-28,f,,,1,2
16758194,2025-09-29,f,,,1,2
16758194,2025-09-30,f,,,1,2
16758194,2025-10-01,f,,,1,2
16758194,2025-10-02,f,,,1,2
16758194,2025-10-03,f,,,1,2
16758194,2025-10-04,f,,,1,2
16758194,2025-10-05,f,,,1,2
16758194,2025-10-06,f,,,1,2
16758194,2025-10-07,f,,,1,2
16758194,2025-10-08,f,,,1,2
16758194,2025-10-09,f,,,1,2
16758194,2025-10-10,f,,,1,2
16758194,2025-10-11,f,,,1,2
16758194,2025-10-12,f,,,1,2
16758194,2025-10-13,f,,,1,2
16758194,2025-10-14,f,,,1,2
16758194,2025-10-15,f,,,1,2
16758194,2025-10-16,f,,,1,2
16758194,2025-10-17,f,,,1,2
16758194,2025-10-18,f,,,1,2
16758194,2025-10-19,f,,,1,2
16758194,2025-10-20,f,,,1,2
16758194,2025-10-21,f,,,1,2
16758194,2025-10-22,f,,,1,2
16758194,2025-10-23,f,,,1,2
16758194,2025-10-24,f,,,1,2
16758194,2025-10-25,f,,,1,2
16758194,2025-10-26,f,,,1,2
16758194,2025-10-27,f,,,1,2
16758194,2025-10-28,f,,,1,2
16758194,2025-10-29,f,,,1,2
16758194,2025-10-30,f,,,1,2
16758194,2025-10-31,f,,,1,2
16758194,2025-11-01,f,,,1,2
16758194,2025-11-02,f,,,1,2
16758194,2025-11-03,f,,,1,2
16758194,2025-11-04,f,,,1,2
16758194,2025-11-05,f,,,1,2
16758194,2025-11-06,f,,,1,2
16758194,2025-11-07,f,,,1,2
16758194,2025-11-08,f,,,1,2
16758194,2025-11-09,f,,,1,2
16758194,2025-11-10,f,,,1,2
16758194,2025-11-11,f,,,1,2
16758194,2025-11-12,f,,,1,2
16758194,2025-11-13,f,,,1,2
16758194,2025-11-14,f,,,1,2
16758194,2025-11-15,f,,,1,2
16758194,2025-11-16,f,,,1,2
16758194,2025-11-17,f,,,1,2
16758194,2025-11-18,f,,,1,2
16758194,2025-11-19,f,,,1,2
16758194,2025-11-20,f,,,1,2
16758194,2025-11-21,f,,,1,2
16758194,2025-11-22,f,,,1,2
16758194,2025-11-23,f,,,1,2
16758194,2025-11-24,f,,,1,2
16758194,2025-11-25,f,,,1,2
16758194,2025-11-26,f,,,1,2
16758194,2025-11-27,f,,,1,2
16758194,2025-11-28,f,,,1,2
16758194,2025-11-29,f,,,1,2
16758194,2025-11-30,f,,,1,2
16758194,2025-12-01,f,,,1,2
16758194,2025-12-02,f,,,1,2
16758194,2025-12-03,f,,,1,2
16758194,2025-12-04,f,,,1,2
16758194,2025-12-05,f,,,1,2
16758194,2025-12-06,f,,,1,2
16758194,2025-12-07,f,,,1,2
16758194,2025-12-08,f,,,1,2
16758194,2025-12-09,f,,,1,2
16758194,2025-12-10,f,,,1,2
16758194,2025-12-11,f,,,1,2
16758194,2025-12-12,f,,,1,2
16758194,2025-12-13,f,,,1,2
16758194,2025-12-14,f,,,1,2
16758194,2025-12-15,f,,,1,2
16758194,2025-12-16,f,,,1,2
16758194,2025-12-17,f,,,1,2
16758194,2025-12-18,f,,,1,2
16758194,2025-12-19,f,,,1,2
16758194,2025-12-20,f,,,1,2
16758194,2025-12-21,f,,,1,2
16758194,2025-12-22,f,,,1,2
16758194,2025-12-23,f,,,1,2
16758194,2025-12-24,f,,,1,2
16758194,2025-12-25,f,,,1,2
16758194,2025-12-26,f,,,1,2
16758194,2025-12-27,f,,,1,2
16758194,2025-12-28,f,,,1,2
16758194,2025-12-29,f,,,1,2
16758194,2025-12-30,f,,,1,2
16758194,2025-12-31,f,,,1,2
16758194,2026-01-01,f,,,1,2
16758194,2026-01-02,f,,,1,2
16758194,2026-01-03,f,,,1,2
16758194,2026-01-04,f,,,1,2
16758194,2026-01-05,f,,,1,2
16758194,2026-01-06,f,,,1,2
16758194,2026-01-07,f,,,1,2
16758194,2026-01-08,f,,,1,2
16758194,2026-01-09,f,,,1,2
16758194,2026-01-10,f,,,1,2
16758194,2026-01-11,f,,,1,2
16758194,2026-01-12,f,,,1,2
16758194,2026-01-13,f,,,1,2
16758194,2026-01-14,f,,,1,2
16758194,2026-01-15,f,,,1,2
16758194,2026-01-16,f,,,1,2
16758194,2026-01-17,f,,,1,2
16758194,2026-01-18,f,,,1,2
16758194,2026-01-19,f,,,1,2
16758194,2026-01-20,f,,,1,2
16758194,2026-01-21,f,,,1,2
16758194,2026-01-22,f,,,1,2
16758194,2026-01-23,f,,,1,2
16758194,2026-01-24,f,,,1,2
16758194,2026-01-25,f,,,1,2
16758194,2026-01-26,f,,,1,2
16758194,2026-01-27,f,,,1,2
16758194,2026-01-28,f,,,1,2
16758194,2026-01-29,f,,,1,2
16758194,2026-01-30,f,,,1,2
16758194,2026-01-31,f,,,1,2
16758194,2026-02-01,f,,,1,2
16758194,2026-02-02,f,,,1,2
16758194,2026-02-03,f,,,1,2
16758194,2026-02-04,f,,,1,2
16758194,2026-02-05,f,,,1,2
16758194,2026-02-06,f,,,1,2
16758194,2026-02-07,f,,,1,2
16758194,2026-02-08,f,,,1,2
16758194,2026-02-09,f,,,1,2
16758194,2026-02-10,f,,,1,2
16758194,2026-02-11,f,,,1,2
16758194,2026-02-12,f,,,1,2
16758194,2026-02-13,f,,,1,2
16758194,2026-02-14,f,,,1,2
16758194,2026-02-15,f,,,1,2
16758194,2026-02-16,f,,,1,2
16758194,2026-02-17,f,,,1,2
16758194,2026-02-18,f,,,1,2
16758194,2026-02-19,f,,,1,2
16758194,2026-02-20,f,,,1,2
16758194,2026-02-21,f,,,1,2
16758194,2026-02-22,f,,,1,2
16758194,2026-02-23,f,,,1,2
16758194,2026-02-24,f,,,1,2
16758194,2026-02-25,f,,,1,2
16758194,2026-02-26,f,,,1,2
16758194,2026-02-27,f,,,1,2
16758194,2026-02-28,f,,,1,2
16758194,2026-03-01,f,,,1,2
16758194,2026-03-02,f,,,1,2
16758194,2026-03-03,f,,,1,2
16758194,2026-03-04,f,,,1,2
16758194,2026-03-05,f,,,1,2
16758194,2026-03-06,f,,,1,2
16758194,2026-03-07,f,,,1,2
16758194,2026-03-08,f,,,1,2
16758194,2026-03-09,f,,,1,2
16758194,2026-03-10,f,,,1,2
16758194,2026-03-11,f,,,1,2
16758194,2026-03-12,f,,,1,2
16758194,2026-03-13,f,,,1,2
16758194,2026-03-14,f,,,1,2
16758194,2026-03-15,f,,,1,2
16758194,2026-03-16,f,,,1,2
16758194,2026-03-17,f,,,1,2
16758194,2026-03-18,f,,,1,2
16758194,2026-03-19,f,,,1,2
16758194,2026-03-20,f,,,1,2
16758194,2026-03-21,f,,,1,2
16758194,2026-03-22,f,,,1,2
16758194,2026-03-23,f,,,1,2
16758194,2026-03-24,f,,,1,2
16758194,2026-03-25,f,,,1,2
16758194,2026-03-26,f,,,1,2
16758194,2026-03-27,f,,,1,2
16758194,2026-03-28,f,,,1,2
16758194,2026-03-29,f,,,1,2
16758194,2026-03-30,f,,,1,2
16758194,2026-03-31,f,,,1,2
16758194,2026-04-01,f,,,1,2
16758194,2026-04-02,f,,,1,2
16758194,2026-04-03,f,,,1,2
16758194,2026-04-04,f,,,1,2
16758194,2026-04-05,f,,,1,2
16758194,2026-04-06,f,,,1,2
16758194,2026-04-07,f,,,1,2
16758194,2026-04-08,f,,,1,2
16758194,2026-04-09,f,,,1,2
16758194,2026-04-10,f,,,1,2
16758194,2026-04-11,f,,,1,2
16758194,2026-04-12,f,,,1,2
16758194,2026-04-13,f,,,1,2
16758194,2026-04-14,f,,,1,2
16758194,2026-04-15,f,,,1,2
16758194,2026-04-16,f,,,1,2
16758194,2026-04-17,f,,,1,2
16758194,2026-04-18,f,,,1,2
16758194,2026-04-19,f,,,1,2
16758194,2026-04-20,f,,,1,2
16758194,2026-04-21,f,,,1,2
16758194,2026-04-22,f,,,1,2
16758194,2026-04-23,f,,,1,2
16758194,2026-04-24,f,,,1,2
16758194,2026-04-25,f,,,1,2
16758194,2026-04-26,f,,,1,2
16758194,2026-04-27,f,,,1,2
16758194,2026-04-28,f,,,1,2
16758194,2026-04-29,f,,,1,2
16758194,2026-04-30,f,,,1,2
16758194,2026-05-01,f,,,1,2
16758194,2026-05-02,f,,,1,2
16758194,2026-05-03,f,,,1,2
16758194,2026-05-04,f,,,1,2
16758194,2026-05-05,f,,,1,2
16758194,2026-05-06,f,,,1,2
16758194,2026-05-07,f,,,1,2
16758194,2026-05-08,f,,,1,2
16758194,2026-05-09,f,,,1,2
16758194,2026-05-10,f,,,1,2
16758194,2026-05-11,f,,,1,2
16758194,2026-05-12,f,,,1,2
16758194,2026-05-13,f,,,1,2
16758194,2026-05-14,f,,,1,2
16758194,2026-05-15,f,,,1,2
16758194,2026-05-16,f,,,1,2
16758194,2026-05-17,f,,,1,2
16758194,2026-05-18,f,,,1,2
16758194,2026-05-19,f,,,1,2
16758194,2026-05-20,f,,,1,2
16758194,2026-05-21,f,,,1,2
16758194,2026-05-22,f,,,1,2
16758194,2026-05-23,f,,,1,2
16758194,2026-05-24,f,,,1,2
16758194,2026-05-25,f,,,1,2
16758194,2026-05-26,f,,,1,2
16758194,2026-05-27,f,,,1,2
16758194,2026-05-28,f,,,1,2
16758194,2026-05-29,f,,,1,2
16758194,2026-05-30,f,,,1,2
16758194,2026-05-31,f,,,1,2
16758194,2026-06-01,f,,,1,2
16758194,2026-06-02,f,,,1,2
16758194,2026-06-03,f,,,1,2
16758194,2026-06-04,f,,,1,2
16758194,2026-06-05,f,,,1,2
16758194,2026-06-06,f,,,1,2
16758194,2026-06-07,f,,,1,2
16758194,2026-06-08,f,,,1,2
16758194,2026-06-09,f,,,1,2
16758194,2026-06-10,f,,,1,2
16758194,2026-06-11,f,,,1,2
16758194,2026-06-12,f,,,1,2
16758194,2026-06-13,f,,,1,2
16758194,2026-06-14,f,,,1,2
16758194,2026-06-15,f,,,1,2
16758194,2026-06-16,f,,,1,2
16758194,2026-06-17,f,,,1,2
16758194,2026-06-18,f,,,1,2
16758194,2026-06-19,f,,,1,2
16758194,2026-06-20,f,,,1,2
16758194,2026-06-21,f,,,1,2
16758194,2026-06-22,f,,,1,2
16758194,2026-06-23,f,,,1,2
18143378,2025-06-24,f,,,2,28
18143378,2025-06-25,f,,,2,28
18143378,2025-06-26,f,,,2,28
18143378,2025-06-27,f,,,2,28
18143378,2025-06-28,f,,,2,28
18143378,2025-06-29,f,,,2,28
18143378,2025-06-30,f,,,2,28
18143378,2025-07-01,f,,,2,28
18143378,2025-07-02,f,,,2,28
18143378,2025-07-03,f,,,2,28
18143378,2025-07-04,f,,,2,28
18143378,2025-07-05,f,,,2,28
18143378,2025-07-06,f,,,2,28
18143378,2025-07-07,f,,,2,28
18143378,2025-07-08,f,,,2,28
18143378,2025-07-09,f,,,2,28
18143378,2025-07-10,f,,,2,28
18143378,2025-07-11,f,,,2,28
18143378,2025-07-12,f,,,2,28
18143378,2025-07-13,f,,,2,28
18143378,2025-07-14,f,,,2,28
18143378,2025-07-15,f,,,2,28
18143378,2025-07-16,f,,,2,28
18143378,2025-07-17,f,,,2,28
18143378,2025-07-18,f,,,2,28
18143378,2025-07-19,f,,,2,28
18143378,2025-07-20,f,,,2,28
18143378,2025-07-21,f,,,2,28
18143378,2025-07-22,f,,,2,28
18143378,2025-07-23,f,,,2,28
18143378,2025-07-24,f,,,2,28
18143378,2025-07-25,f,,,2,28
18143378,2025-07-26,f,,,2,28
18143378,2025-07-27,f,,,2,28
18143378,2025-07-28,f,,,2,28
18143378,2025-07-29,f,,,2,28
18143378,2025-07-30,f,,,2,28
18143378,2025-07-31,f,,,2,28
18143378,2025-08-01,f,,,2,28
18143378,2025-08-02,f,,,2,28
18143378,2025-08-03,f,,,2,28
18143378,2025-08-04,f,,,2,28
18143378,2025-08-05,f,,,2,28
18143378,2025-08-06,f,,,2,28
18143378,2025-08-07,f,,,2,28
18143378,2025-08-08,f,,,2,28
18143378,2025-08-09,f,,,2,28
18143378,2025-08-10,t,,,2,28
18143378,2025-08-11,t,,,2,28
18143378,2025-08-12,t,,,2,28
18143378,2025-08-13,t,,,2,28
18143378,2025-08-14,t,,,2,28
18143378,2025-08-15,t,,,2,28
18143378,2025-08-16,t,,,2,28
18143378,2025-08-17,t,,,2,28
18143378,2025-08-18,t,,,2,28
18143378,2025-08-19,t,,,2,28
18143378,2025-08-20,t,,,2,28
18143378,2025-08-21,t,,,2,28
18143378,2025-08-22,t,,,2,28
18143378,2025-08-23,t,,,2,28
18143378,2025-08-24,t,,,2,28
18143378,2025-08-25,t,,,2,28
18143378,2025-08-26,t,,,2,28
18143378,2025-08-27,t,,,2,28
18143378,2025-08-28,t,,,2,28
18143378,2025-08-29,t,,,2,28
18143378,2025-08-30,t,,,2,28
18143378,2025-08-31,t,,,2,28
18143378,2025-09-01,t,,,2,28
18143378,2025-09-02,t,,,2,28
18143378,2025-09-03,t,,,2,28
18143378,2025-09-04,t,,,2,28
18143378,2025-09-05,t,,,2,28
18143378,2025-09-06,t,,,2,28
18143378,2025-09-07,t,,,2,28
18143378,2025-09-08,t,,,2,28
18143378,2025-09-09,t,,,2,28
18143378,2025-09-10,t,,,2,28
18143378,2025-09-11,t,,,2,28
18143378,2025-09-12,t,,,2,28
18143378,2025-09-13,t,,,2,28
18143378,2025-09-14,t,,,2,28
18143378,2025-09-15,t,,,2,28
18143378,2025-09-16,t,,,2,28
18143378,2025-09-17,t,,,2,28
18143378,2025-09-18,t,,,2,28
18143378,2025-09-19,t,,,2,28
18143378,2025-09-20,t,,,2,28
18143378,2025-09-21,t,,,2,28
18143378,2025-09-22,t,,,2,28
18143378,2025-09-23,f,,,2,28
18143378,2025-09-24,f,,,2,28
18143378,2025-09-25,f,,,2,28
18143378,2025-09-26,f,,,2,28
18143378,2025-09-27,f,,,2,28
18143378,2025-09-28,f,,,2,28
18143378,2025-09-29,f,,,2,28
18143378,2025-09-30,f,,,2,28
18143378,2025-10-01,f,,,2,28
18143378,2025-10-02,f,,,2,28
18143378,2025-10-03,f,,,2,28
18143378,2025-10-04,f,,,2,28
18143378,2025-10-05,f,,,2,28
18143378,2025-10-06,f,,,2,28
18143378,2025-10-07,f,,,2,28
18143378,2025-10-08,f,,,2,28
18143378,2025-10-09,f,,,2,28
18143378,2025-10-10,f,,,2,28
18143378,2025-10-11,f,,,2,28
18143378,2025-10-12,f,,,2,28
18143378,2025-10-13,f,,,2,28
18143378,2025-10-14,f,,,2,28
18143378,2025-10-15,f,,,2,28
18143378,2025-10-16,f,,,2,28
18143378,2025-10-17,f,,,2,28
18143378,2025-10-18,f,,,2,28
18143378,2025-10-19,f,,,2,28
18143378,2025-10-20,f,,,2,28
18143378,2025-10-21,f,,,2,28
18143378,2025-10-22,f,,,2,28
18143378,2025-10-23,f,,,2,28
18143378,2025-10-24,f,,,2,28
18143378,2025-10-25,f,,,2,28
18143378,2025-10-26,f,,,2,28
18143378,2025-10-27,f,,,2,28
18143378,2025-10-28,f,,,2,28
18143378,2025-10-29,f,,,2,28
18143378,2025-10-30,f,,,2,28
18143378,2025-10-31,f,,,2,28
18143378,2025-11-01,f,,,2,28
18143378,2025-11-02,f,,,2,28
18143378,2025-11-03,f,,,2,28
18143378,2025-11-04,f,,,2,28
18143378,2025-11-05,f,,,2,28
18143378,2025-11-06,f,,,2,28
18143378,2025-11-07,f,,,2,28
18143378,2025-11-08,f,,,2,28
18143378,2025-11-09,f,,,2,28
18143378,2025-11-10,f,,,2,28
18143378,2025-11-11,f,,,2,28
18143378,2025-11-12,f,,,2,28
18143378,2025-11-13,f,,,2,28
18143378,2025-11-14,f,,,2,28
18143378,2025-11-15,f,,,2,28
18143378,2025-11-16,f,,,2,28
18143378,2025-11-17,f,,,2,28
18143378,2025-11-18,f,,,2,28
18143378,2025-11-19,f,,,2,28
18143378,2025-11-20,f,,,2,28
18143378,2025-11-21,f,,,2,28
18143378,2025-11-22,f,,,2,28
18143378,2025-11-23,f,,,2,28
18143378,2025-11-24,f,,,2,28
18143378,2025-11-25,f,,,2,28
18143378,2025-11-26,f,,,2,28
18143378,2025-11-27,f,,,2,28
18143378,2025-11-28,f,,,2,28
18143378,2025-11-29,f,,,2,28
18143378,2025-11-30,f,,,2,28
18143378,2025-12-01,f,,,2,28
18143378,2025-12-02,f,,,2,28
18143378,2025-12-03,f,,,2,28
18143378,2025-12-04,f,,,2,28
18143378,2025-12-05,f,,,2,28
18143378,2025-12-06,f,,,2,28
18143378,2025-12-07,f,,,2,28
18143378,2025-12-08,f,,,2,28
18143378,2025-12-09,f,,,2,28
18143378,2025-12-10,f,,,2,28
18143378,2025-12-11,f,,,2,28
18143378,2025-12-12,f,,,2,28
18143378,2025-12-13,f,,,2,28
18143378,2025-12-14,f,,,2,28
18143378,2025-12-15,f,,,2,28
18143378,2025-12-16,f,,,2,28
18143378,2025-12-17,f,,,2,28
18143378,2025-12-18,f,,,2,28
18143378,2025-12-19,f,,,2,28
18143378,2025-12-20,f,,,2,28
18143378,2025-12-21,f,,,2,28
18143378,2025-12-22,f,,,2,28
18143378,2025-12-23,f,,,2,28
18143378,2025-12-24,f,,,2,28
18143378,2025-12-25,f,,,2,28
18143378,2025-12-26,f,,,2,28
18143378,2025-12-27,f,,,2,28
18143378,2025-12-28,f,,,2,28
18143378,2025-12-29,f,,,2,28
18143378,2025-12-30,f,,,2,28
18143378,2025-12-31,f,,,2,28
18143378,2026-01-01,f,,,2,28
18143378,2026-01-02,f,,,2,28
18143378,2026-01-03,f,,,2,28
18143378,2026-01-04,f,,,2,28
18143378,2026-01-05,f,,,2,28
18143378,2026-01-06,f,,,2,28
18143378,2026-01-07,f,,,2,28
18143378,2026-01-08,f,,,2,28
18143378,2026-01-09,f,,,2,28
18143378,2026-01-10,f,,,2,28
18143378,2026-01-11,f,,,2,28
18143378,2026-01-12,f,,,2,28
18143378,2026-01-13,f,,,2,28
18143378,2026-01-14,f,,,2,28
18143378,2026-01-15,f,,,2,28
18143378,2026-01-16,f,,,2,28
18143378,2026-01-17,f,,,2,28
18143378,2026-01-18,f,,,2,28
18143378,2026-01-19,f,,,2,28
18143378,2026-01-20,f,,,2,28
18143378,2026-01-21,f,,,2,28
18143378,2026-01-22,f,,,2,28
18143378,2026-01-23,f,,,2,28
18143378,2026-01-24,f,,,2,28
18143378,2026-01-25,f,,,2,28
18143378,2026-01-26,f,,,2,28
18143378,2026-01-27,f,,,2,28
18143378,2026-01-28,f,,,2,28
18143378,2026-01-29,f,,,2,28
18143378,2026-01-30,f,,,2,28
18143378,2026-01-31,f,,,2,28
18143378,2026-02-01,f,,,2,28
18143378,2026-02-02,f,,,2,28
18143378,2026-02-03,f,,,2,28
18143378,2026-02-04,f,,,2,28
18143378,2026-02-05,f,,,2,28
18143378,2026-02-06,f,,,2,28
18143378,2026-02-07,f,,,2,28
18143378,2026-02-08,f,,,2,28
18143378,2026-02-09,f,,,2,28
18143378,2026-02-10,f,,,2,28
18143378,2026-02-11,f,,,2,28
18143378,2026-02-12,f,,,2,28
18143378,2026-02-13,f,,,2,28
18143378,2026-02-14,f,,,2,28
18143378,2026-02-15,f,,,2,28
18143378,2026-02-16,f,,,2,28
18143378,2026-02-17,f,,,2,28
18143378,2026-02-18,f,,,2,28
18143378,2026-02-19,f,,,2,28
18143378,2026-02-20,f,,,2,28
18143378,2026-02-21,f,,,2,28
18143378,2026-02-22,f,,,2,28
18143378,2026-02-23,f,,,2,28
18143378,2026-02-24,f,,,2,28
18143378,2026-02-25,f,,,2,28
18143378,2026-02-26,f,,,2,28
18143378,2026-02-27,f,,,2,28
18143378,2026-02-28,f,,,2,28
18143378,2026-03-01,f,,,2,28
18143378,2026-03-02,f,,,2,28
18143378,2026-03-03,f,,,2,28
18143378,2026-03-04,f,,,2,28
18143378,2026-03-05,f,,,2,28
18143378,2026-03-06,f,,,2,28
18143378,2026-03-07,f,,,2,28
18143378,2026-03-08,f,,,2,28
18143378,2026-03-09,f,,,2,28
18143378,2026-03-10,f,,,2,28
18143378,2026-03-11,f,,,2,28
18143378,2026-03-12,f,,,2,28
18143378,2026-03-13,f,,,2,28
18143378,2026-03-14,f,,,2,28
18143378,2026-03-15,f,,,2,28
18143378,2026-03-16,f,,,2,28
18143378,2026-03-17,f,,,2,28
18143378,2026-03-18,f,,,2,28
18143378,2026-03-19,f,,,2,28
18143378,2026-03-20,f,,,2,28
18143378,2026-03-21,f,,,2,28
18143378,2026-03-22,f,,,2,28
18143378,2026-03-23,f,,,2,28
18143378,2026-03-24,f,,,2,28
18143378,2026-03-25,f,,,2,28
18143378,2026-03-26,f,,,2,28
18143378,2026-03-27,f,,,2,28
18143378,2026-03-28,f,,,2,28
18143378,2026-03-29,f,,,2,28
18143378,2026-03-30,f,,,2,28
18143378,2026-03-31,f,,,2,28
18143378,2026-04-01,f,,,2,28
18143378,2026-04-02,f,,,2,28
18143378,2026-04-03,f,,,2,28
18143378,2026-04-04,f,,,2,28
18143378,2026-04-05,f,,,2,28
18143378,2026-04-06,f,,,2,28
18143378,2026-04-07,f,,,2,28
18143378,2026-04-08,f,,,2,28
18143378,2026-04-09,f,,,2,28
18143378,2026-04-10,f,,,2,28
18143378,2026-04-11,f,,,2,28
18143378,2026-04-12,f,,,2,28
18143378,2026-04-13,f,,,2,28
18143378,2026-04-14,f,,,2,28
18143378,2026-04-15,f,,,2,28
18143378,2026-04-16,f,,,2,28
18143378,2026-04-17,f,,,2,28
18143378,2026-04-18,f,,,2,28
18143378,2026-04-19,f,,,2,28
18143378,2026-04-20,f,,,2,28
18143378,2026-04-21,f,,,2,28
18143378,2026-04-22,f,,,2,28
18143378,2026-04-23,f,,,2,28
18143378,2026-04-24,f,,,2,28
18143378,2026-04-25,f,,,2,28
18143378,2026-04-26,f,,,2,28
18143378,2026-04-27,f,,,2,28
18143378,2026-04-28,f,,,2,28
18143378,2026-04-29,f,,,2,28
18143378,2026-04-30,f,,,2,28
18143378,2026-05-01,f,,,2,28
18143378,2026-05-02,f,,,2,28
18143378,2026-05-03,f,,,2,28
18143378,2026-05-04,f,,,2,28
18143378,2026-05-05,f,,,2,28
18143378,2026-05-06,f,,,2,28
18143378,2026-05-07,f,,,2,28
18143378,2026-05-08,f,,,2,28
18143378,2026-05-09,f,,,2,28
18143378,2026-05-10,f,,,2,28
18143378,2026-05-11,f,,,2,28
18143378,2026-05-12,f,,,2,28
18143378,2026-05-13,f,,,2,28
18143378,2026-05-14,f,,,2,28
18143378,2026-05-15,f,,,2,28
18143378,2026-05-16,f,,,2,28
18143378,2026-05-17,f,,,2,28
18143378,2026-05-18,f,,,2,28
18143378,2026-05-19,f,,,2,28
18143378,2026-05-20,f,,,2,28
18143378,2026-05-21,f,,,2,28
18143378,2026-05-22,f,,,2,28
18143378,2026-05-23,f,,,2,28
18143378,2026-05-24,f,,,2,28
18143378,2026-05-25,f,,,2,28
18143378,2026-05-26,f,,,2,28
18143378,2026-05-27,f,,,2,28
18143378,2026-05-28,f,,,2,28
18143378,2026-05-29,f,,,2,28
18143378,2026-05-30,f,,,2,28
18143378,2026-05-31,f,,,2,28
18143378,2026-06-01,f,,,2,28
18143378,2026-06-02,f,,,2,28
18143378,2026-06-03,f,,,2,28
18143378,2026-06-04,f,,,2,28
18143378,2026-06-05,f,,,2,28
18143378,2026-06-06,f,,,2,28
18143378,2026-06-07,f,,,2,28
18143378,2026-06-08,f,,,2,28
18143378,2026-06-09,f,,,2,28
18143378,2026-06-10,f,,,2,28
18143378,2026-06-11,f,,,2,28
18143378,2026-06-12,f,,,2,28
18143378,2026-06-13,f,,,2,28
18143378,2026-06-14,f,,,2,28
18143378,2026-06-15,f,,,2,28
18143378,2026-06-16,f,,,2,28
18143378,2026-06-17,f,,,2,28
18143378,2026-06-18,f,,,2,28
18143378,2026-06-19,f,,,2,28
18143378,2026-06-20,f,,,2,28
18143378,2026-06-21,f,,,2,28
18143378,2026-06-22,f,,,2,28
18143378,2026-06-23,f,,,2,28
18186434,2025-06-24,f,,,2,1125
18186434,2025-06-25,f,,,2,1125
18186434,2025-06-26,f,,,2,1125
18186434,2025-06-27,f,,,2,1125
18186434,2025-06-28,f,,,2,1125
18186434,2025-06-29,f,,,2,1125
18186434,2025-06-30,f,,,2,1125
18186434,2025-07-01,f,,,2,1125
18186434,2025-07-02,f,,,2,1125
18186434,2025-07-03,f,,,2,1125
18186434,2025-07-04,f,,,2,1125
18186434,2025-07-05,f,,,2,1125
18186434,2025-07-06,f,,,2,1125
18186434,2025-07-07,f,,,2,1125
18186434,2025-07-08,f,,,2,1125
18186434,2025-07-09,f,,,2,1125
18186434,2025-07-10,f,,,2,1125
18186434,2025-07-11,f,,,2,1125
18186434,2025-07-12,f,,,2,1125
18186434,2025-07-13,f,,,2,1125
18186434,2025-07-14,f,,,2,1125
18186434,2025-07-15,f,,,2,1125
18186434,2025-07-16,f,,,2,1125
18186434,2025-07-17,f,,,2,1125
18186434,2025-07-18,f,,,2,1125
18186434,2025-07-19,f,,,2,1125
18186434,2025-07-20,f,,,2,1125
18186434,2025-07-21,f,,,2,1125
18186434,2025-07-22,f,,,2,1125
18186434,2025-07-23,f,,,2,1125
18186434,2025-07-24,f,,,2,1125
18186434,2025-07-25,f,,,2,1125
18186434,2025-07-26,f,,,2,1125
18186434,2025-07-27,f,,,2,1125
18186434,2025-07-28,f,,,2,1125
18186434,2025-07-29,f,,,2,1125
18186434,2025-07-30,f,,,2,1125
18186434,2025-07-31,f,,,2,1125
18186434,2025-08-01,f,,,2,1125
18186434,2025-08-02,f,,,2,1125
18186434,2025-08-03,f,,,2,1125
18186434,2025-08-04,f,,,2,1125
18186434,2025-08-05,f,,,2,1125
18186434,2025-08-06,f,,,2,1125
18186434,2025-08-07,f,,,2,1125
18186434,2025-08-08,f,,,2,1125
18186434,2025-08-09,f,,,2,1125
18186434,2025-08-10,f,,,2,1125
18186434,2025-08-11,f,,,2,1125
18186434,2025-08-12,f,,,2,1125
18186434,2025-08-13,f,,,2,1125
18186434,2025-08-14,f,,,2,1125
18186434,2025-08-15,f,,,2,1125
18186434,2025-08-16,f,,,2,1125
18186434,2025-08-17,f,,,2,1125
18186434,2025-08-18,f,,,2,1125
18186434,2025-08-19,f,,,2,1125
18186434,2025-08-20,f,,,2,1125
18186434,2025-08-21,f,,,2,1125
18186434,2025-08-22,f,,,2,1125
18186434,2025-08-23,f,,,2,1125
18186434,2025-08-24,f,,,2,1125
18186434,2025-08-25,f,,,2,1125
18186434,2025-08-26,f,,,2,1125
18186434,2025-08-27,f,,,2,1125
18186434,2025-08-28,f,,,2,1125
18186434,2025-08-29,f,,,2,1125
18186434,2025-08-30,f,,,2,1125
18186434,2025-08-31,f,,,2,1125
18186434,2025-09-01,f,,,2,1125
18186434,2025-09-02,f,,,2,1125
18186434,2025-09-03,f,,,2,1125
18186434,2025-09-04,f,,,2,1125
18186434,2025-09-05,f,,,2,1125
18186434,2025-09-06,f,,,2,1125
18186434,2025-09-07,f,,,2,1125
18186434,2025-09-08,f,,,2,1125
18186434,2025-09-09,f,,,2,1125
18186434,2025-09-10,f,,,2,1125
18186434,2025-09-11,f,,,2,1125
18186434,2025-09-12,f,,,2,1125
18186434,2025-09-13,f,,,2,1125
18186434,2025-09-14,f,,,2,1125
18186434,2025-09-15,f,,,2,1125
18186434,2025-09-16,f,,,2,1125
18186434,2025-09-17,f,,,2,1125
18186434,2025-09-18,f,,,2,1125
18186434,2025-09-19,f,,,2,1125
18186434,2025-09-20,f,,,2,1125
18186434,2025-09-21,f,,,2,1125
18186434,2025-09-22,f,,,2,1125
18186434,2025-09-23,f,,,2,1125
18186434,2025-09-24,f,,,2,1125
18186434,2025-09-25,f,,,2,1125
18186434,2025-09-26,f,,,2,1125
18186434,2025-09-27,f,,,2,1125
18186434,2025-09-28,f,,,2,1125
18186434,2025-09-29,f,,,2,1125
18186434,2025-09-30,f,,,2,1125
18186434,2025-10-01,f,,,2,1125
18186434,2025-10-02,f,,,2,1125
18186434,2025-10-03,f,,,2,1125
18186434,2025-10-04,f,,,2,1125
18186434,2025-10-05,f,,,2,1125
18186434,2025-10-06,f,,,2,1125
18186434,2025-10-07,f,,,2,1125
18186434,2025-10-08,f,,,2,1125
18186434,2025-10-09,f,,,2,1125
18186434,2025-10-10,f,,,2,1125
18186434,2025-10-11,f,,,2,1125
18186434,2025-10-12,f,,,2,1125
18186434,2025-10-13,f,,,2,1125
18186434,2025-10-14,f,,,2,1125
18186434,2025-10-15,f,,,2,1125
18186434,2025-10-16,f,,,2,1125
18186434,2025-10-17,f,,,2,1125
18186434,2025-10-18,f,,,2,1125
18186434,2025-10-19,f,,,2,1125
18186434,2025-10-20,f,,,2,1125
18186434,2025-10-21,f,,,2,1125
18186434,2025-10-22,f,,,2,1125
18186434,2025-10-23,f,,,2,1125
18186434,2025-10-24,f,,,2,1125
18186434,2025-10-25,f,,,2,1125
18186434,2025-10-26,f,,,2,1125
18186434,2025-10-27,f,,,2,1125
18186434,2025-10-28,f,,,2,1125
18186434,2025-10-29,f,,,2,1125
18186434,2025-10-30,f,,,2,1125
18186434,2025-10-31,f,,,2,1125
18186434,2025-11-01,f,,,2,1125
18186434,2025-11-02,f,,,2,1125
18186434,2025-11-03,f,,,2,1125
18186434,2025-11-04,f,,,2,1125
18186434,2025-11-05,f,,,2,1125
18186434,2025-11-06,f,,,2,1125
18186434,2025-11-07,f,,,2,1125
18186434,2025-11-08,f,,,2,1125
18186434,2025-11-09,f,,,2,1125
18186434,2025-11-10,f,,,2,1125
18186434,2025-11-11,f,,,2,1125
18186434,2025-11-12,f,,,2,1125
18186434,2025-11-13,f,,,2,1125
18186434,2025-11-14,f,,,2,1125
18186434,2025-11-15,f,,,2,1125
18186434,2025-11-16,f,,,2,1125
18186434,2025-11-17,f,,,2,1125
18186434,2025-11-18,f,,,2,1125
18186434,2025-11-19,f,,,2,1125
18186434,2025-11-20,f,,,2,1125
18186434,2025-11-21,f,,,2,1125
18186434,2025-11-22,f,,,2,1125
18186434,2025-11-23,f,,,2,1125
18186434,2025-11-24,f,,,2,1125
18186434,2025-11-25,f,,,2,1125
18186434,2025-11-26,f,,,2,1125
18186434,2025-11-27,f,,,2,1125
18186434,2025-11-28,f,,,2,1125
18186434,2025-11-29,f,,,2,1125
18186434,2025-11-30,f,,,2,1125
18186434,2025-12-01,f,,,2,1125
18186434,2025-12-02,f,,,2,1125
18186434,2025-12-03,f,,,2,1125
18186434,2025-12-04,f,,,2,1125
18186434,2025-12-05,f,,,2,1125
18186434,2025-12-06,f,,,2,1125
18186434,2025-12-07,f,,,2,1125
18186434,2025-12-08,f,,,2,1125
18186434,2025-12-09,f,,,2,1125
18186434,2025-12-10,f,,,2,1125
18186434,2025-12-11,f,,,2,1125
18186434,2025-12-12,f,,,2,1125
18186434,2025-12-13,f,,,2,1125
18186434,2025-12-14,f,,,2,1125
18186434,2025-12-15,f,,,2,1125
18186434,2025-12-16,f,,,2,1125
18186434,2025-12-17,f,,,2,1125
18186434,2025-12-18,f,,,2,1125
18186434,2025-12-19,f,,,2,1125
18186434,2025-12-20,f,,,2,1125
18186434,2025-12-21,f,,,2,1125
18186434,2025-12-22,f,,,2,1125
18186434,2025-12-23,f,,,2,1125
18186434,2025-12-24,f,,,2,1125
18186434,2025-12-25,f,,,2,1125
18186434,2025-12-26,f,,,2,1125
18186434,2025-12-27,f,,,2,1125
18186434,2025-12-28,f,,,2,1125
18186434,2025-12-29,f,,,2,1125
18186434,2025-12-30,f,,,2,1125
18186434,2025-12-31,f,,,2,1125
18186434,2026-01-01,f,,,2,1125
18186434,2026-01-02,f,,,2,1125
18186434,2026-01-03,f,,,2,1125
18186434,2026-01-04,f,,,2,1125
18186434,2026-01-05,f,,,2,1125
18186434,2026-01-06,f,,,2,1125
18186434,2026-01-07,f,,,2,1125
18186434,2026-01-08,f,,,2,1125
18186434,2026-01-09,f,,,2,1125
18186434,2026-01-10,f,,,2,1125
18186434,2026-01-11,f,,,2,1125
18186434,2026-01-12,f,,,2,1125
18186434,2026-01-13,f,,,2,1125
18186434,2026-01-14,f,,,2,1125
18186434,2026-01-15,f,,,2,1125
18186434,2026-01-16,f,,,2,1125
18186434,2026-01-17,f,,,2,1125
18186434,2026-01-18,f,,,2,1125
18186434,2026-01-19,f,,,2,1125
18186434,2026-01-20,f,,,2,1125
18186434,2026-01-21,f,,,2,1125
18186434,2026-01-22,f,,,2,1125
18186434,2026-01-23,f,,,2,1125
18186434,2026-01-24,f,,,2,1125
18186434,2026-01-25,f,,,2,1125
18186434,2026-01-26,f,,,2,1125
18186434,2026-01-27,f,,,2,1125
18186434,2026-01-28,f,,,2,1125
18186434,2026-01-29,f,,,2,1125
18186434,2026-01-30,f,,,2,1125
18186434,2026-01-31,f,,,2,1125
18186434,2026-02-01,f,,,2,1125
18186434,2026-02-02,f,,,2,1125
18186434,2026-02-03,f,,,2,1125
18186434,2026-02-04,f,,,2,1125
18186434,2026-02-05,f,,,2,1125
18186434,2026-02-06,f,,,2,1125
18186434,2026-02-07,f,,,2,1125
18186434,2026-02-08,f,,,2,1125
18186434,2026-02-09,f,,,2,1125
18186434,2026-02-10,f,,,2,1125
18186434,2026-02-11,f,,,2,1125
18186434,2026-02-12,f,,,2,1125
18186434,2026-02-13,f,,,2,1125
18186434,2026-02-14,f,,,2,1125
18186434,2026-02-15,f,,,2,1125
18186434,2026-02-16,f,,,2,1125
18186434,2026-02-17,f,,,2,1125
18186434,2026-02-18,f,,,2,1125
18186434,2026-02-19,f,,,2,1125
18186434,2026-02-20,f,,,2,1125
18186434,2026-02-21,f,,,2,1125
18186434,2026-02-22,f,,,2,1125
18186434,2026-02-23,f,,,2,1125
18186434,2026-02-24,f,,,2,1125
18186434,2026-02-25,f,,,2,1125
18186434,2026-02-26,f,,,2,1125
18186434,2026-02-27,f,,,2,1125
18186434,2026-02-28,f,,,2,1125
18186434,2026-03-01,f,,,2,1125
18186434,2026-03-02,f,,,2,1125
18186434,2026-03-03,f,,,2,1125
18186434,2026-03-04,f,,,2,1125
18186434,2026-03-05,f,,,2,1125
18186434,2026-03-06,f,,,2,1125
18186434,2026-03-07,f,,,2,1125
18186434,2026-03-08,f,,,2,1125
18186434,2026-03-09,f,,,2,1125
18186434,2026-03-10,f,,,2,1125
18186434,2026-03-11,f,,,2,1125
18186434,2026-03-12,f,,,2,1125
18186434,2026-03-13,f,,,2,1125
18186434,2026-03-14,f,,,2,1125
18186434,2026-03-15,f,,,2,1125
18186434,2026-03-16,f,,,2,1125
18186434,2026-03-17,f,,,2,1125
18186434,2026-03-18,f,,,2,1125
18186434,2026-03-19,f,,,2,1125
18186434,2026-03-20,f,,,2,1125
18186434,2026-03-21,f,,,2,1125
18186434,2026-03-22,f,,,2,1125
18186434,2026-03-23,f,,,2,1125
18186434,2026-03-24,f,,,2,1125
18186434,2026-03-25,f,,,2,1125
18186434,2026-03-26,f,,,2,1125
18186434,2026-03-27,f,,,2,1125
18186434,2026-03-28,f,,,2,1125
18186434,2026-03-29,f,,,2,1125
18186434,2026-03-30,f,,,2,1125
18186434,2026-03-31,f,,,2,1125
18186434,2026-04-01,f,,,2,1125
18186434,2026-04-02,f,,,2,1125
18186434,2026-04-03,f,,,2,1125
18186434,2026-04-04,f,,,2,1125
18186434,2026-04-05,f,,,2,1125
18186434,2026-04-06,f,,,2,1125
18186434,2026-04-07,f,,,2,1125
18186434,2026-04-08,f,,,2,1125
18186434,2026-04-09,f,,,2,1125
18186434,2026-04-10,f,,,2,1125
18186434,2026-04-11,f,,,2,1125
18186434,2026-04-12,f,,,2,1125
18186434,2026-04-13,f,,,2,1125
18186434,2026-04-14,f,,,2,1125
18186434,2026-04-15,f,,,2,1125
18186434,2026-04-16,f,,,2,1125
18186434,2026-04-17,f,,,2,1125
18186434,2026-04-18,f,,,2,1125
18186434,2026-04-19,f,,,2,1125
18186434,2026-04-20,f,,,2,1125
18186434,2026-04-21,f,,,2,1125
18186434,2026-04-22,f,,,2,1125
18186434,2026-04-23,f,,,2,1125
18186434,2026-04-24,f,,,2,1125
18186434,2026-04-25,f,,,2,1125
18186434,2026-04-26,f,,,2,1125
18186434,2026-04-27,f,,,2,1125
18186434,2026-04-28,f,,,2,1125
18186434,2026-04-29,f,,,2,1125
18186434,2026-04-30,f,,,2,1125
18186434,2026-05-01,f,,,2,1125
18186434,2026-05-02,f,,,2,1125
18186434,2026-05-03,f,,,2,1125
18186434,2026-05-04,f,,,2,1125
18186434,2026-05-05,f,,,2,1125
18186434,2026-05-06,f,,,2,1125
18186434,2026-05-07,f,,,2,1125
18186434,2026-05-08,f,,,2,1125
18186434,2026-05-09,f,,,2,1125
18186434,2026-05-10,f,,,2,1125
18186434,2026-05-11,f,,,2,1125
18186434,2026-05-12,f,,,2,1125
18186434,2026-05-13,f,,,2,1125
18186434,2026-05-14,f,,,2,1125
18186434,2026-05-15,f,,,2,1125
18186434,2026-05-16,f,,,2,1125
18186434,2026-05-17,f,,,2,1125
18186434,2026-05-18,f,,,2,1125
18186434,2026-05-19,f,,,2,1125
18186434,2026-05-20,f,,,2,1125
18186434,2026-05-21,f,,,2,1125
18186434,2026-05-22,f,,,2,1125
18186434,2026-05-23,f,,,2,1125
18186434,2026-05-24,f,,,2,1125
18186434,2026-05-25,f,,,2,1125
18186434,2026-05-26,f,,,2,1125
18186434,2026-05-27,f,,,2,1125
18186434,2026-05-28,f,,,2,1125
18186434,2026-05-29,f,,,2,1125
18186434,2026-05-30,f,,,2,1125
18186434,2026-05-31,f,,,2,1125
18186434,2026-06-01,f,,,2,1125
18186434,2026-06-02,f,,,2,1125
18186434,2026-06-03,f,,,2,1125
18186434,2026-06-04,f,,,2,1125
18186434,2026-06-05,f,,,2,1125
18186434,2026-06-06,f,,,2,1125
18186434,2026-06-07,f,,,2,1125
18186434,2026-06-08,f,,,2,1125
18186434,2026-06-09,f,,,2,1125
18186434,2026-06-10,f,,,2,1125
18186434,2026-06-11,f,,,2,1125
18186434,2026-06-12,f,,,2,1125
18186434,2026-06-13,f,,,2,1125
18186434,2026-06-14,f,,,2,1125
18186434,2026-06-15,f,,,2,1125
18186434,2026-06-16,f,,,2,1125
18186434,2026-06-17,f,,,2,1125
18186434,2026-06-18,f,,,2,1125
18186434,2026-06-19,f,,,2,1125
18186434,2026-06-20,f,,,2,1125
18186434,2026-06-21,f,,,2,1125
18186434,2026-06-22,f,,,2,1125
18186434,2026-06-23,f,,,2,1125
18530387,2025-06-24,f,,,1,1125
18530387,2025-06-25,f,,,1,1125
18530387,2025-06-26,t,,,1,1125
18530387,2025-06-27,t,,,1,1125
18530387,2025-06-28,t,,,1,1125
18530387,2025-06-29,t,,,1,1125
18530387,2025-06-30,t,,,2,1125
18530387,2025-07-01,t,,,2,1125
18530387,2025-07-02,t,,,2,1125
18530387,2025-07-03,t,,,2,1125
18530387,2025-07-04,t,,,2,1125
18530387,2025-07-05,t,,,2,1125
18530387,2025-07-06,t,,,2,1125
18530387,2025-07-07,t,,,2,1125
18530387,2025-07-08,t,,,2,1125
18530387,2025-07-09,t,,,2,1125
18530387,2025-07-10,t,,,2,1125
18530387,2025-07-11,t,,,2,1125
18530387,2025-07-12,t,,,2,1125
18530387,2025-07-13,t,,,2,1125
18530387,2025-07-14,t,,,2,1125
18530387,2025-07-15,t,,,2,1125
18530387,2025-07-16,t,,,2,1125
18530387,2025-07-17,t,,,2,1125
18530387,2025-07-18,t,,,2,1125
18530387,2025-07-19,t,,,2,1125
18530387,2025-07-20,t,,,2,1125
18530387,2025-07-21,t,,,2,1125
18530387,2025-07-22,t,,,2,1125
18530387,2025-07-23,t,,,2,1125
18530387,2025-07-24,t,,,2,1125
18530387,2025-07-25,t,,,2,1125
18530387,2025-07-26,t,,,2,1125
18530387,2025-07-27,t,,,2,1125
18530387,2025-07-28,t,,,2,1125
18530387,2025-07-29,t,,,2,1125
18530387,2025-07-30,t,,,2,1125
18530387,2025-07-31,t,,,2,1125
18530387,2025-08-01,t,,,2,1125
18530387,2025-08-02,t,,,2,1125
18530387,2025-08-03,t,,,2,1125
18530387,2025-08-04,t,,,2,1125
18530387,2025-08-05,t,,,2,1125
18530387,2025-08-06,t,,,2,1125
18530387,2025-08-07,t,,,2,1125
18530387,2025-08-08,t,,,2,1125
18530387,2025-08-09,t,,,2,1125
18530387,2025-08-10,t,,,2,1125
18530387,2025-08-11,t,,,2,1125
18530387,2025-08-12,t,,,2,1125
18530387,2025-08-13,t,,,2,1125
18530387,2025-08-14,t,,,2,1125
18530387,2025-08-15,t,,,2,1125
18530387,2025-08-16,t,,,2,1125
18530387,2025-08-17,t,,,2,1125
18530387,2025-08-18,t,,,2,1125
18530387,2025-08-19,t,,,2,1125
18530387,2025-08-20,t,,,2,1125
18530387,2025-08-21,t,,,2,1125
18530387,2025-08-22,t,,,2,1125
18530387,2025-08-23,t,,,2,1125
18530387,2025-08-24,t,,,2,1125
18530387,2025-08-25,t,,,2,1125
18530387,2025-08-26,t,,,2,1125
18530387,2025-08-27,t,,,2,1125
18530387,2025-08-28,t,,,2,1125
18530387,2025-08-29,t,,,2,1125
18530387,2025-08-30,t,,,2,1125
18530387,2025-08-31,t,,,2,1125
18530387,2025-09-01,t,,,2,1125
18530387,2025-09-02,t,,,2,1125
18530387,2025-09-03,t,,,2,1125
18530387,2025-09-04,t,,,2,1125
18530387,2025-09-05,t,,,2,1125
18530387,2025-09-06,t,,,2,1125
18530387,2025-09-07,t,,,2,1125
18530387,2025-09-08,t,,,2,1125
18530387,2025-09-09,t,,,2,1125
18530387,2025-09-10,t,,,2,1125
18530387,2025-09-11,t,,,2,1125
18530387,2025-09-12,t,,,2,1125
18530387,2025-09-13,t,,,2,1125
18530387,2025-09-14,t,,,2,1125
18530387,2025-09-15,t,,,2,1125
18530387,2025-09-16,t,,,2,1125
18530387,2025-09-17,t,,,2,1125
18530387,2025-09-18,t,,,2,1125
18530387,2025-09-19,t,,,2,1125
18530387,2025-09-20,t,,,2,1125
18530387,2025-09-21,t,,,2,1125
18530387,2025-09-22,t,,,2,1125
18530387,2025-09-23,f,,,2,1125
18530387,2025-09-24,f,,,2,1125
18530387,2025-09-25,f,,,2,1125
18530387,2025-09-26,f,,,2,1125
18530387,2025-09-27,f,,,2,1125
18530387,2025-09-28,f,,,2,1125
18530387,2025-09-29,f,,,2,1125
18530387,2025-09-30,f,,,2,1125
18530387,2025-10-01,f,,,2,1125
18530387,2025-10-02,f,,,2,1125
18530387,2025-10-03,f,,,2,1125
18530387,2025-10-04,f,,,2,1125
18530387,2025-10-05,f,,,2,1125
18530387,2025-10-06,f,,,2,1125
18530387,2025-10-07,f,,,2,1125
18530387,2025-10-08,f,,,2,1125
18530387,2025-10-09,f,,,2,1125
18530387,2025-10-10,f,,,2,1125
18530387,2025-10-11,f,,,2,1125
18530387,2025-10-12,f,,,2,1125
18530387,2025-10-13,f,,,2,1125
18530387,2025-10-14,f,,,2,1125
18530387,2025-10-15,f,,,2,1125
18530387,2025-10-16,f,,,2,1125
18530387,2025-10-17,f,,,2,1125
18530387,2025-10-18,f,,,2,1125
18530387,2025-10-19,f,,,2,1125
18530387,2025-10-20,f,,,2,1125
18530387,2025-10-21,f,,,2,1125
18530387,2025-10-22,f,,,2,1125
18530387,2025-10-23,f,,,2,1125
18530387,2025-10-24,f,,,2,1125
18530387,2025-10-25,f,,,2,1125
18530387,2025-10-26,f,,,2,1125
18530387,2025-10-27,f,,,2,1125
18530387,2025-10-28,f,,,2,1125
18530387,2025-10-29,f,,,2,1125
18530387,2025-10-30,f,,,2,1125
18530387,2025-10-31,f,,,2,1125
18530387,2025-11-01,f,,,2,1125
18530387,2025-11-02,f,,,2,1125
18530387,2025-11-03,f,,,2,1125
18530387,2025-11-04,f,,,2,1125
18530387,2025-11-05,f,,,2,1125
18530387,2025-11-06,f,,,2,1125
18530387,2025-11-07,f,,,2,1125
18530387,2025-11-08,f,,,2,1125
18530387,2025-11-09,f,,,2,1125
18530387,2025-11-10,f,,,2,1125
18530387,2025-11-11,f,,,2,1125
18530387,2025-11-12,f,,,2,1125
18530387,2025-11-13,f,,,2,1125
18530387,2025-11-14,f,,,2,1125
18530387,2025-11-15,f,,,2,1125
18530387,2025-11-16,f,,,2,1125
18530387,2025-11-17,f,,,2,1125
18530387,2025-11-18,f,,,2,1125
18530387,2025-11-19,f,,,2,1125
18530387,2025-11-20,f,,,2,1125
18530387,2025-11-21,f,,,2,1125
18530387,2025-11-22,f,,,2,1125
18530387,2025-11-23,f,,,2,1125
18530387,2025-11-24,f,,,2,1125
18530387,2025-11-25,f,,,2,1125
18530387,2025-11-26,f,,,2,1125
18530387,2025-11-27,f,,,2,1125
18530387,2025-11-28,f,,,2,1125
18530387,2025-11-29,f,,,2,1125
18530387,2025-11-30,f,,,2,1125
18530387,2025-12-01,f,,,2,1125
18530387,2025-12-02,f,,,2,1125
18530387,2025-12-03,f,,,2,1125
18530387,2025-12-04,f,,,2,1125
18530387,2025-12-05,f,,,2,1125
18530387,2025-12-06,f,,,2,1125
18530387,2025-12-07,f,,,2,1125
18530387,2025-12-08,f,,,2,1125
18530387,2025-12-09,f,,,2,1125
18530387,2025-12-10,f,,,2,1125
18530387,2025-12-11,f,,,2,1125
18530387,2025-12-12,f,,,2,1125
18530387,2025-12-13,f,,,2,1125
18530387,2025-12-14,f,,,2,1125
18530387,2025-12-15,f,,,2,1125
18530387,2025-12-16,f,,,2,1125
18530387,2025-12-17,f,,,2,1125
18530387,2025-12-18,f,,,2,1125
18530387,2025-12-19,f,,,2,1125
18530387,2025-12-20,f,,,2,1125
18530387,2025-12-21,f,,,2,1125
18530387,2025-12-22,f,,,2,1125
18530387,2025-12-23,f,,,2,1125
18530387,2025-12-24,f,,,2,1125
18530387,2025-12-25,f,,,2,1125
18530387,2025-12-26,f,,,2,1125
18530387,2025-12-27,f,,,2,1125
18530387,2025-12-28,f,,,2,1125
18530387,2025-12-29,f,,,2,1125
18530387,2025-12-30,f,,,2,1125
18530387,2025-12-31,f,,,2,1125
18530387,2026-01-01,f,,,2,1125
18530387,2026-01-02,f,,,2,1125
18530387,2026-01-03,f,,,2,1125
18530387,2026-01-04,f,,,2,1125
18530387,2026-01-05,f,,,2,1125
18530387,2026-01-06,f,,,2,1125
18530387,2026-01-07,f,,,2,1125
18530387,2026-01-08,f,,,2,1125
18530387,2026-01-09,f,,,2,1125
18530387,2026-01-10,f,,,2,1125
18530387,2026-01-11,f,,,2,1125
18530387,2026-01-12,f,,,2,1125
18530387,2026-01-13,f,,,2,1125
18530387,2026-01-14,f,,,2,1125
18530387,2026-01-15,f,,,2,1125
18530387,2026-01-16,f,,,2,1125
18530387,2026-01-17,f,,,2,1125
18530387,2026-01-18,f,,,2,1125
18530387,2026-01-19,f,,,2,1125
18530387,2026-01-20,f,,,2,1125
18530387,2026-01-21,f,,,2,1125
18530387,2026-01-22,f,,,2,1125
18530387,2026-01-23,f,,,2,1125
18530387,2026-01-24,f,,,2,1125
18530387,2026-01-25,f,,,2,1125
18530387,2026-01-26,f,,,2,1125
18530387,2026-01-27,f,,,2,1125
18530387,2026-01-28,f,,,2,1125
18530387,2026-01-29,f,,,2,1125
18530387,2026-01-30,f,,,2,1125
18530387,2026-01-31,f,,,2,1125
18530387,2026-02-01,f,,,2,1125
18530387,2026-02-02,f,,,2,1125
18530387,2026-02-03,f,,,2,1125
18530387,2026-02-04,f,,,2,1125
18530387,2026-02-05,f,,,2,1125
18530387,2026-02-06,f,,,2,1125
18530387,2026-02-07,f,,,2,1125
18530387,2026-02-08,f,,,2,1125
18530387,2026-02-09,f,,,2,1125
18530387,2026-02-10,f,,,2,1125
18530387,2026-02-11,f,,,2,1125
18530387,2026-02-12,f,,,2,1125
18530387,2026-02-13,f,,,2,1125
18530387,2026-02-14,f,,,2,1125
18530387,2026-02-15,f,,,2,1125
18530387,2026-02-16,f,,,2,1125
18530387,2026-02-17,f,,,2,1125
18530387,2026-02-18,f,,,2,1125
18530387,2026-02-19,f,,,2,1125
18530387,2026-02-20,f,,,2,1125
18530387,2026-02-21,f,,,2,1125
18530387,2026-02-22,f,,,2,1125
18530387,2026-02-23,f,,,2,1125
18530387,2026-02-24,f,,,2,1125
18530387,2026-02-25,f,,,2,1125
18530387,2026-02-26,f,,,2,1125
18530387,2026-02-27,f,,,2,1125
18530387,2026-02-28,f,,,2,1125
18530387,2026-03-01,f,,,2,1125
18530387,2026-03-02,f,,,2,1125
18530387,2026-03-03,f,,,2,1125
18530387,2026-03-04,f,,,2,1125
18530387,2026-03-05,f,,,2,1125
18530387,2026-03-06,f,,,2,1125
18530387,2026-03-07,f,,,2,1125
18530387,2026-03-08,f,,,2,1125
18530387,2026-03-09,f,,,2,1125
18530387,2026-03-10,f,,,2,1125
18530387,2026-03-11,f,,,2,1125
18530387,2026-03-12,f,,,2,1125
18530387,2026-03-13,f,,,2,1125
18530387,2026-03-14,f,,,2,1125
18530387,2026-03-15,f,,,2,1125
18530387,2026-03-16,f,,,2,1125
18530387,2026-03-17,f,,,2,1125
18530387,2026-03-18,f,,,2,1125
18530387,2026-03-19,f,,,2,1125
18530387,2026-03-20,f,,,2,1125
18530387,2026-03-21,f,,,2,1125
18530387,2026-03-22,f,,,2,1125
18530387,2026-03-23,f,,,2,1125
18530387,2026-03-24,f,,,2,1125
18530387,2026-03-25,f,,,2,1125
18530387,2026-03-26,f,,,2,1125
18530387,2026-03-27,f,,,2,1125
18530387,2026-03-28,f,,,2,1125
18530387,2026-03-29,f,,,2,1125
18530387,2026-03-30,f,,,2,1125
18530387,2026-03-31,f,,,2,1125
18530387,2026-04-01,f,,,2,1125
18530387,2026-04-02,f,,,2,1125
18530387,2026-04-03,f,,,2,1125
18530387,2026-04-04,f,,,2,1125
18530387,2026-04-05,f,,,2,1125
18530387,2026-04-06,f,,,2,1125
18530387,2026-04-07,f,,,2,1125
18530387,2026-04-08,f,,,2,1125
18530387,2026-04-09,f,,,2,1125
18530387,2026-04-10,f,,,2,1125
18530387,2026-04-11,f,,,2,1125
18530387,2026-04-12,f,,,2,1125
18530387,2026-04-13,f,,,2,1125
18530387,2026-04-14,f,,,2,1125
18530387,2026-04-15,f,,,2,1125
18530387,2026-04-16,f,,,2,1125
18530387,2026-04-17,f,,,2,1125
18530387,2026-04-18,f,,,2,1125
18530387,2026-04-19,f,,,2,1125
18530387,2026-04-20,f,,,2,1125
18530387,2026-04-21,f,,,2,1125
18530387,2026-04-22,f,,,2,1125
18530387,2026-04-23,f,,,2,1125
18530387,2026-04-24,f,,,2,1125
18530387,2026-04-25,f,,,2,1125
18530387,2026-04-26,f,,,2,1125
18530387,2026-04-27,f,,,2,1125
18530387,2026-04-28,f,,,2,1125
18530387,2026-04-29,f,,,2,1125
18530387,2026-04-30,f,,,2,1125
18530387,2026-05-01,f,,,2,1125
18530387,2026-05-02,f,,,2,1125
18530387,2026-05-03,f,,,2,1125
18530387,2026-05-04,f,,,2,1125
18530387,2026-05-05,f,,,2,1125
18530387,2026-05-06,f,,,2,1125
18530387,2026-05-07,f,,,2,1125
18530387,2026-05-08,f,,,2,1125
18530387,2026-05-09,f,,,2,1125
18530387,2026-05-10,f,,,2,1125
18530387,2026-05-11,f,,,2,1125
18530387,2026-05-12,f,,,2,1125
18530387,2026-05-13,f,,,2,1125
18530387,2026-05-14,f,,,2,1125
18530387,2026-05-15,f,,,2,1125
18530387,2026-05-16,f,,,2,1125
18530387,2026-05-17,f,,,2,1125
18530387,2026-05-18,f,,,2,1125
18530387,2026-05-19,f,,,2,1125
18530387,2026-05-20,f,,,2,1125
18530387,2026-05-21,f,,,2,1125
18530387,2026-05-22,f,,,2,1125
18530387,2026-05-23,f,,,2,1125
18530387,2026-05-24,f,,,2,1125
18530387,2026-05-25,f,,,2,1125
18530387,2026-05-26,f,,,2,1125
18530387,2026-05-27,f,,,2,1125
18530387,2026-05-28,f,,,2,1125
18530387,2026-05-29,f,,,2,1125
18530387,2026-05-30,f,,,2,1125
18530387,2026-05-31,f,,,2,1125
18530387,2026-06-01,f,,,2,1125
18530387,2026-06-02,f,,,2,1125
18530387,2026-06-03,f,,,2,1125
18530387,2026-06-04,f,,,2,1125
18530387,2026-06-05,f,,,2,1125
18530387,2026-06-06,f,,,2,1125
18530387,2026-06-07,f,,,2,1125
18530387,2026-06-08,f,,,2,1125
18530387,2026-06-09,f,,,2,1125
18530387,2026-06-10,f,,,2,1125
18530387,2026-06-11,f,,,2,1125
18530387,2026-06-12,f,,,2,1125
18530387,2026-06-13,f,,,2,1125
18530387,2026-06-14,f,,,2,1125
18530387,2026-06-15,f,,,2,1125
18530387,2026-06-16,f,,,2,1125
18530387,2026-06-17,f,,,2,1125
18530387,2026-06-18,f,,,2,1125
18530387,2026-06-19,f,,,2,1125
18530387,2026-06-20,f,,,2,1125
18530387,2026-06-21,f,,,2,1125
18530387,2026-06-22,f,,,2,1125
18530387,2026-06-23,f,,,2,1125
19368637,2025-06-24,f,,,30,90
19368637,2025-06-25,t,,,30,90
19368637,2025-06-26,t,,,30,90
19368637,2025-06-27,t,,,30,90
19368637,2025-06-28,t,,,30,90
19368637,2025-06-29,t,,,30,90
19368637,2025-06-30,t,,,30,90
19368637,2025-07-01,t,,,30,90
19368637,2025-07-02,t,,,30,90
19368637,2025-07-03,t,,,30,90
19368637,2025-07-04,t,,,30,90
19368637,2025-07-05,t,,,30,90
19368637,2025-07-06,t,,,30,90
19368637,2025-07-07,t,,,30,90
19368637,2025-07-08,t,,,30,90
19368637,2025-07-09,t,,,30,90
19368637,2025-07-10,t,,,30,90
19368637,2025-07-11,t,,,30,90
19368637,2025-07-12,t,,,30,90
19368637,2025-07-13,t,,,30,90
19368637,2025-07-14,t,,,30,90
19368637,2025-07-15,t,,,30,90
19368637,2025-07-16,t,,,30,90
19368637,2025-07-17,t,,,30,90
19368637,2025-07-18,t,,,30,90
19368637,2025-07-19,t,,,30,90
19368637,2025-07-20,t,,,30,90
19368637,2025-07-21,t,,,30,90
19368637,2025-07-22,t,,,30,90
19368637,2025-07-23,t,,,30,90
19368637,2025-07-24,t,,,30,90
19368637,2025-07-25,t,,,30,90
19368637,2025-07-26,t,,,30,90
19368637,2025-07-27,t,,,30,90
19368637,2025-07-28,t,,,30,90
19368637,2025-07-29,t,,,30,90
19368637,2025-07-30,t,,,30,90
19368637,2025-07-31,t,,,30,90
19368637,2025-08-01,t,,,30,90
19368637,2025-08-02,t,,,30,90
19368637,2025-08-03,t,,,30,90
19368637,2025-08-04,t,,,30,90
19368637,2025-08-05,t,,,30,90
19368637,2025-08-06,t,,,30,90
19368637,2025-08-07,t,,,30,90
19368637,2025-08-08,t,,,30,90
19368637,2025-08-09,t,,,30,90
19368637,2025-08-10,t,,,30,90
19368637,2025-08-11,t,,,30,90
19368637,2025-08-12,t,,,30,90
19368637,2025-08-13,t,,,30,90
19368637,2025-08-14,t,,,30,90
19368637,2025-08-15,t,,,30,90
19368637,2025-08-16,t,,,30,90
19368637,2025-08-17,t,,,30,90
19368637,2025-08-18,t,,,30,90
19368637,2025-08-19,t,,,30,90
19368637,2025-08-20,t,,,30,90
19368637,2025-08-21,t,,,30,90
19368637,2025-08-22,t,,,30,90
19368637,2025-08-23,t,,,30,90
19368637,2025-08-24,t,,,30,90
19368637,2025-08-25,t,,,30,90
19368637,2025-08-26,t,,,30,90
19368637,2025-08-27,t,,,30,90
19368637,2025-08-28,t,,,30,90
19368637,2025-08-29,t,,,30,90
19368637,2025-08-30,t,,,30,90
19368637,2025-08-31,t,,,30,90
19368637,2025-09-01,t,,,30,90
19368637,2025-09-02,t,,,30,90
19368637,2025-09-03,t,,,30,90
19368637,2025-09-04,t,,,30,90
19368637,2025-09-05,t,,,30,90
19368637,2025-09-06,t,,,30,90
19368637,2025-09-07,t,,,30,90
19368637,2025-09-08,t,,,30,90
19368637,2025-09-09,t,,,30,90
19368637,2025-09-10,t,,,30,90
19368637,2025-09-11,t,,,30,90
19368637,2025-09-12,t,,,30,90
19368637,2025-09-13,t,,,30,90
19368637,2025-09-14,t,,,30,90
19368637,2025-09-15,t,,,30,90
19368637,2025-09-16,t,,,30,90
19368637,2025-09-17,t,,,30,90
19368637,2025-09-18,t,,,30,90
19368637,2025-09-19,t,,,30,90
19368637,2025-09-20,t,,,30,90
19368637,2025-09-21,t,,,30,90
19368637,2025-09-22,t,,,30,90
19368637,2025-09-23,t,,,30,90
19368637,2025-09-24,t,,,30,90
19368637,2025-09-25,t,,,30,90
19368637,2025-09-26,t,,,30,90
19368637,2025-09-27,t,,,30,90
19368637,2025-09-28,t,,,30,90
19368637,2025-09-29,t,,,30,90
19368637,2025-09-30,t,,,30,90
19368637,2025-10-01,t,,,30,90
19368637,2025-10-02,t,,,30,90
19368637,2025-10-03,t,,,30,90
19368637,2025-10-04,t,,,30,90
19368637,2025-10-05,t,,,30,90
19368637,2025-10-06,t,,,30,90
19368637,2025-10-07,t,,,30,90
19368637,2025-10-08,t,,,30,90
19368637,2025-10-09,t,,,30,90
19368637,2025-10-10,t,,,30,90
19368637,2025-10-11,t,,,30,90
19368637,2025-10-12,t,,,30,90
19368637,2025-10-13,t,,,30,90
19368637,2025-10-14,t,,,30,90
19368637,2025-10-15,t,,,30,90
19368637,2025-10-16,t,,,30,90
19368637,2025-10-17,t,,,30,90
19368637,2025-10-18,t,,,30,90
19368637,2025-10-19,t,,,30,90
19368637,2025-10-20,t,,,30,90
19368637,2025-10-21,t,,,30,90
19368637,2025-10-22,t,,,30,90
19368637,2025-10-23,t,,,30,90
19368637,2025-10-24,t,,,30,90
19368637,2025-10-25,t,,,30,90
19368637,2025-10-26,t,,,30,90
19368637,2025-10-27,t,,,30,90
19368637,2025-10-28,t,,,30,90
19368637,2025-10-29,t,,,30,90
19368637,2025-10-30,t,,,30,90
19368637,2025-10-31,t,,,30,90
19368637,2025-11-01,t,,,30,90
19368637,2025-11-02,t,,,30,90
19368637,2025-11-03,t,,,30,90
19368637,2025-11-04,t,,,30,90
19368637,2025-11-05,t,,,30,90
19368637,2025-11-06,t,,,30,90
19368637,2025-11-07,t,,,30,90
19368637,2025-11-08,t,,,30,90
19368637,2025-11-09,t,,,30,90
19368637,2025-11-10,t,,,30,90
19368637,2025-11-11,t,,,30,90
19368637,2025-11-12,t,,,30,90
19368637,2025-11-13,t,,,30,90
19368637,2025-11-14,t,,,30,90
19368637,2025-11-15,t,,,30,90
19368637,2025-11-16,t,,,30,90
19368637,2025-11-17,t,,,30,90
19368637,2025-11-18,t,,,30,90
19368637,2025-11-19,t,,,30,90
19368637,2025-11-20,t,,,30,90
19368637,2025-11-21,t,,,30,90
19368637,2025-11-22,t,,,30,90
19368637,2025-11-23,t,,,30,90
19368637,2025-11-24,t,,,30,90
19368637,2025-11-25,t,,,30,90
19368637,2025-11-26,t,,,30,90
19368637,2025-11-27,t,,,30,90
19368637,2025-11-28,t,,,30,90
19368637,2025-11-29,t,,,30,90
19368637,2025-11-30,t,,,30,90
19368637,2025-12-01,t,,,30,90
19368637,2025-12-02,t,,,30,90
19368637,2025-12-03,t,,,30,90
19368637,2025-12-04,t,,,30,90
19368637,2025-12-05,t,,,30,90
19368637,2025-12-06,t,,,30,90
19368637,2025-12-07,t,,,30,90
19368637,2025-12-08,t,,,30,90
19368637,2025-12-09,t,,,30,90
19368637,2025-12-10,t,,,30,90
19368637,2025-12-11,t,,,30,90
19368637,2025-12-12,t,,,30,90
19368637,2025-12-13,t,,,30,90
19368637,2025-12-14,t,,,30,90
19368637,2025-12-15,t,,,30,90
19368637,2025-12-16,t,,,30,90
19368637,2025-12-17,t,,,30,90
19368637,2025-12-18,t,,,30,90
19368637,2025-12-19,t,,,30,90
19368637,2025-12-20,t,,,30,90
19368637,2025-12-21,t,,,30,90
19368637,2025-12-22,t,,,30,90
19368637,2025-12-23,t,,,30,90
19368637,2025-12-24,t,,,30,90
19368637,2025-12-25,t,,,30,90
19368637,2025-12-26,t,,,30,90
19368637,2025-12-27,t,,,30,90
19368637,2025-12-28,t,,,30,90
19368637,2025-12-29,t,,,30,90
19368637,2025-12-30,t,,,30,90
19368637,2025-12-31,t,,,30,90
19368637,2026-01-01,t,,,30,90
19368637,2026-01-02,t,,,30,90
19368637,2026-01-03,t,,,30,90
19368637,2026-01-04,t,,,30,90
19368637,2026-01-05,t,,,30,90
19368637,2026-01-06,t,,,30,90
19368637,2026-01-07,t,,,30,90
19368637,2026-01-08,t,,,30,90
19368637,2026-01-09,t,,,30,90
19368637,2026-01-10,t,,,30,90
19368637,2026-01-11,t,,,30,90
19368637,2026-01-12,t,,,30,90
19368637,2026-01-13,t,,,30,90
19368637,2026-01-14,t,,,30,90
19368637,2026-01-15,t,,,30,90
19368637,2026-01-16,t,,,30,90
19368637,2026-01-17,t,,,30,90
19368637,2026-01-18,t,,,30,90
19368637,2026-01-19,t,,,30,90
19368637,2026-01-20,t,,,30,90
19368637,2026-01-21,t,,,30,90
19368637,2026-01-22,t,,,30,90
19368637,2026-01-23,t,,,30,90
19368637,2026-01-24,t,,,30,90
19368637,2026-01-25,t,,,30,90
19368637,2026-01-26,t,,,30,90
19368637,2026-01-27,t,,,30,90
19368637,2026-01-28,t,,,30,90
19368637,2026-01-29,t,,,30,90
19368637,2026-01-30,t,,,30,90
19368637,2026-01-31,t,,,30,90
19368637,2026-02-01,t,,,30,90
19368637,2026-02-02,t,,,30,90
19368637,2026-02-03,t,,,30,90
19368637,2026-02-04,t,,,30,90
19368637,2026-02-05,t,,,30,90
19368637,2026-02-06,t,,,30,90
19368637,2026-02-07,t,,,30,90
19368637,2026-02-08,t,,,30,90
19368637,2026-02-09,t,,,30,90
19368637,2026-02-10,t,,,30,90
19368637,2026-02-11,t,,,30,90
19368637,2026-02-12,t,,,30,90
19368637,2026-02-13,t,,,30,90
19368637,2026-02-14,t,,,30,90
19368637,2026-02-15,t,,,30,90
19368637,2026-02-16,t,,,30,90
19368637,2026-02-17,t,,,30,90
19368637,2026-02-18,t,,,30,90
19368637,2026-02-19,t,,,30,90
19368637,2026-02-20,t,,,30,90
19368637,2026-02-21,t,,,30,90
19368637,2026-02-22,t,,,30,90
19368637,2026-02-23,t,,,30,90
19368637,2026-02-24,t,,,30,90
19368637,2026-02-25,t,,,30,90
19368637,2026-02-26,t,,,30,90
19368637,2026-02-27,t,,,30,90
19368637,2026-02-28,t,,,30,90
19368637,2026-03-01,t,,,30,90
19368637,2026-03-02,t,,,30,90
19368637,2026-03-03,t,,,30,90
19368637,2026-03-04,t,,,30,90
19368637,2026-03-05,t,,,30,90
19368637,2026-03-06,t,,,30,90
19368637,2026-03-07,t,,,30,90
19368637,2026-03-08,t,,,30,90
19368637,2026-03-09,t,,,30,90
19368637,2026-03-10,t,,,30,90
19368637,2026-03-11,t,,,30,90
19368637,2026-03-12,t,,,30,90
19368637,2026-03-13,t,,,30,90
19368637,2026-03-14,t,,,30,90
19368637,2026-03-15,t,,,30,90
19368637,2026-03-16,t,,,30,90
19368637,2026-03-17,t,,,30,90
19368637,2026-03-18,t,,,30,90
19368637,2026-03-19,t,,,30,90
19368637,2026-03-20,t,,,30,90
19368637,2026-03-21,t,,,30,90
19368637,2026-03-22,t,,,30,90
19368637,2026-03-23,t,,,30,90
19368637,2026-03-24,t,,,30,90
19368637,2026-03-25,t,,,30,90
19368637,2026-03-26,t,,,30,90
19368637,2026-03-27,t,,,30,90
19368637,2026-03-28,t,,,30,90
19368637,2026-03-29,t,,,30,90
19368637,2026-03-30,t,,,30,90
19368637,2026-03-31,t,,,30,90
19368637,2026-04-01,t,,,30,90
19368637,2026-04-02,t,,,30,90
19368637,2026-04-03,t,,,30,90
19368637,2026-04-04,t,,,30,90
19368637,2026-04-05,t,,,30,90
19368637,2026-04-06,t,,,30,90
19368637,2026-04-07,t,,,30,90
19368637,2026-04-08,t,,,30,90
19368637,2026-04-09,t,,,30,90
19368637,2026-04-10,t,,,30,90
19368637,2026-04-11,t,,,30,90
19368637,2026-04-12,t,,,30,90
19368637,2026-04-13,t,,,30,90
19368637,2026-04-14,t,,,30,90
19368637,2026-04-15,t,,,30,90
19368637,2026-04-16,t,,,30,90
19368637,2026-04-17,t,,,30,90
19368637,2026-04-18,t,,,30,90
19368637,2026-04-19,t,,,30,90
19368637,2026-04-20,t,,,30,90
19368637,2026-04-21,t,,,30,90
19368637,2026-04-22,t,,,30,90
19368637,2026-04-23,t,,,30,90
19368637,2026-04-24,t,,,30,90
19368637,2026-04-25,t,,,30,90
19368637,2026-04-26,t,,,30,90
19368637,2026-04-27,t,,,30,90
19368637,2026-04-28,t,,,30,90
19368637,2026-04-29,t,,,30,90
19368637,2026-04-30,t,,,30,90
19368637,2026-05-01,t,,,30,90
19368637,2026-05-02,t,,,30,90
19368637,2026-05-03,t,,,30,90
19368637,2026-05-04,t,,,30,90
19368637,2026-05-05,t,,,30,90
19368637,2026-05-06,t,,,30,90
19368637,2026-05-07,t,,,30,90
19368637,2026-05-08,t,,,30,90
19368637,2026-05-09,t,,,30,90
19368637,2026-05-10,t,,,30,90
19368637,2026-05-11,t,,,30,90
19368637,2026-05-12,t,,,30,90
19368637,2026-05-13,t,,,30,90
19368637,2026-05-14,t,,,30,90
19368637,2026-05-15,t,,,30,90
19368637,2026-05-16,t,,,30,90
19368637,2026-05-17,t,,,30,90
19368637,2026-05-18,t,,,30,90
19368637,2026-05-19,t,,,30,90
19368637,2026-05-20,t,,,30,90
19368637,2026-05-21,t,,,30,90
19368637,2026-05-22,t,,,30,90
19368637,2026-05-23,t,,,30,90
19368637,2026-05-24,t,,,30,90
19368637,2026-05-25,t,,,30,90
19368637,2026-05-26,t,,,30,90
19368637,2026-05-27,t,,,30,90
19368637,2026-05-28,t,,,30,90
19368637,2026-05-29,t,,,30,90
19368637,2026-05-30,t,,,30,90
19368637,2026-05-31,t,,,30,90
19368637,2026-06-01,t,,,30,90
19368637,2026-06-02,t,,,30,90
19368637,2026-06-03,t,,,30,90
19368637,2026-06-04,t,,,30,90
19368637,2026-06-05,t,,,30,90
19368637,2026-06-06,t,,,30,90
19368637,2026-06-07,t,,,30,90
19368637,2026-06-08,t,,,30,90
19368637,2026-06-09,t,,,30,90
19368637,2026-06-10,t,,,30,90
19368637,2026-06-11,t,,,30,90
19368637,2026-06-12,t,,,30,90
19368637,2026-06-13,t,,,30,90
19368637,2026-06-14,t,,,30,90
19368637,2026-06-15,t,,,30,90
19368637,2026-06-16,t,,,30,90
19368637,2026-06-17,t,,,30,90
19368637,2026-06-18,t,,,30,90
19368637,2026-06-19,t,,,30,90
19368637,2026-06-20,t,,,30,90
19368637,2026-06-21,t,,,30,90
19368637,2026-06-22,t,,,30,90
19368637,2026-06-23,t,,,30,90
20918003,2025-06-24,f,,,1,365
20918003,2025-06-25,t,,,1,365
20918003,2025-06-26,t,,,1,365
20918003,2025-06-27,t,,,1,365
20918003,2025-06-28,t,,,1,365
20918003,2025-06-29,t,,,1,365
20918003,2025-06-30,t,,,1,365
20918003,2025-07-01,t,,,1,365
20918003,2025-07-02,t,,,1,365
20918003,2025-07-03,t,,,1,365
20918003,2025-07-04,t,,,1,365
20918003,2025-07-05,t,,,1,365
20918003,2025-07-06,t,,,1,365
20918003,2025-07-07,t,,,1,365
20918003,2025-07-08,t,,,1,365
20918003,2025-07-09,t,,,1,365
20918003,2025-07-10,t,,,1,365
20918003,2025-07-11,t,,,1,365
20918003,2025-07-12,t,,,1,365
20918003,2025-07-13,t,,,1,365
20918003,2025-07-14,t,,,1,365
20918003,2025-07-15,t,,,1,365
20918003,2025-07-16,t,,,1,365
20918003,2025-07-17,t,,,1,365
20918003,2025-07-18,t,,,1,365
20918003,2025-07-19,t,,,1,365
20918003,2025-07-20,t,,,1,365
20918003,2025-07-21,t,,,1,365
20918003,2025-07-22,t,,,1,365
20918003,2025-07-23,t,,,1,365
20918003,2025-07-24,t,,,1,365
20918003,2025-07-25,t,,,1,365
20918003,2025-07-26,t,,,1,365
20918003,2025-07-27,t,,,1,365
20918003,2025-07-28,t,,,1,365
20918003,2025-07-29,t,,,1,365
20918003,2025-07-30,t,,,1,365
20918003,2025-07-31,t,,,1,365
20918003,2025-08-01,t,,,1,365
20918003,2025-08-02,t,,,1,365
20918003,2025-08-03,t,,,1,365
20918003,2025-08-04,t,,,1,365
20918003,2025-08-05,t,,,1,365
20918003,2025-08-06,t,,,1,365
20918003,2025-08-07,t,,,1,365
20918003,2025-08-08,t,,,1,365
20918003,2025-08-09,t,,,1,365
20918003,2025-08-10,t,,,1,365
20918003,2025-08-11,t,,,1,365
20918003,2025-08-12,t,,,1,365
20918003,2025-08-13,t,,,1,365
20918003,2025-08-14,t,,,1,365
20918003,2025-08-15,t,,,1,365
20918003,2025-08-16,t,,,1,365
20918003,2025-08-17,t,,,1,365
20918003,2025-08-18,t,,,1,365
20918003,2025-08-19,t,,,1,365
20918003,2025-08-20,t,,,1,365
20918003,2025-08-21,t,,,1,365
20918003,2025-08-22,t,,,1,365
20918003,2025-08-23,t,,,1,365
20918003,2025-08-24,t,,,1,365
20918003,2025-08-25,t,,,1,365
20918003,2025-08-26,t,,,1,365
20918003,2025-08-27,t,,,1,365
20918003,2025-08-28,t,,,1,365
20918003,2025-08-29,t,,,1,365
20918003,2025-08-30,t,,,1,365
20918003,2025-08-31,t,,,1,365
20918003,2025-09-01,t,,,1,365
20918003,2025-09-02,t,,,1,365
20918003,2025-09-03,t,,,1,365
20918003,2025-09-04,t,,,1,365
20918003,2025-09-05,t,,,1,365
20918003,2025-09-06,t,,,1,365
20918003,2025-09-07,t,,,1,365
20918003,2025-09-08,t,,,1,365
20918003,2025-09-09,t,,,1,365
20918003,2025-09-10,t,,,1,365
20918003,2025-09-11,t,,,1,365
20918003,2025-09-12,t,,,1,365
20918003,2025-09-13,t,,,1,365
20918003,2025-09-14,t,,,1,365
20918003,2025-09-15,t,,,1,365
20918003,2025-09-16,t,,,1,365
20918003,2025-09-17,t,,,1,365
20918003,2025-09-18,t,,,1,365
20918003,2025-09-19,t,,,1,365
20918003,2025-09-20,t,,,1,365
20918003,2025-09-21,t,,,1,365
20918003,2025-09-22,t,,,1,365
20918003,2025-09-23,t,,,1,365
20918003,2025-09-24,t,,,1,365
20918003,2025-09-25,t,,,1,365
20918003,2025-09-26,t,,,1,365
20918003,2025-09-27,t,,,1,365
20918003,2025-09-28,t,,,1,365
20918003,2025-09-29,t,,,1,365
20918003,2025-09-30,t,,,1,365
20918003,2025-10-01,t,,,1,365
20918003,2025-10-02,t,,,1,365
20918003,2025-10-03,t,,,1,365
20918003,2025-10-04,t,,,1,365
20918003,2025-10-05,t,,,1,365
20918003,2025-10-06,t,,,1,365
20918003,2025-10-07,t,,,1,365
20918003,2025-10-08,t,,,1,365
20918003,2025-10-09,t,,,1,365
20918003,2025-10-10,t,,,1,365
20918003,2025-10-11,t,,,1,365
20918003,2025-10-12,t,,,1,365
20918003,2025-10-13,t,,,1,365
20918003,2025-10-14,t,,,1,365
20918003,2025-10-15,t,,,1,365
20918003,2025-10-16,t,,,1,365
20918003,2025-10-17,t,,,1,365
20918003,2025-10-18,t,,,1,365
20918003,2025-10-19,t,,,1,365
20918003,2025-10-20,t,,,1,365
20918003,2025-10-21,t,,,1,365
20918003,2025-10-22,t,,,1,365
20918003,2025-10-23,t,,,1,365
20918003,2025-10-24,t,,,1,365
20918003,2025-10-25,t,,,1,365
20918003,2025-10-26,t,,,1,365
20918003,2025-10-27,t,,,1,365
20918003,2025-10-28,t,,,1,365
20918003,2025-10-29,t,,,1,365
20918003,2025-10-30,t,,,1,365
20918003,2025-10-31,t,,,1,365
20918003,2025-11-01,t,,,1,365
20918003,2025-11-02,t,,,1,365
20918003,2025-11-03,t,,,1,365
20918003,2025-11-04,t,,,1,365
20918003,2025-11-05,t,,,1,365
20918003,2025-11-06,t,,,1,365
20918003,2025-11-07,t,,,1,365
20918003,2025-11-08,t,,,1,365
20918003,2025-11-09,t,,,1,365
20918003,2025-11-10,t,,,1,365
20918003,2025-11-11,t,,,1,365
20918003,2025-11-12,t,,,1,365
20918003,2025-11-13,t,,,1,365
20918003,2025-11-14,t,,,1,365
20918003,2025-11-15,t,,,1,365
20918003,2025-11-16,t,,,1,365
20918003,2025-11-17,t,,,1,365
20918003,2025-11-18,t,,,1,365
20918003,2025-11-19,t,,,1,365
20918003,2025-11-20,t,,,1,365
20918003,2025-11-21,t,,,1,365
20918003,2025-11-22,t,,,1,365
20918003,2025-11-23,t,,,1,365
20918003,2025-11-24,t,,,1,365
20918003,2025-11-25,t,,,1,365
20918003,2025-11-26,t,,,1,365
20918003,2025-11-27,t,,,1,365
20918003,2025-11-28,t,,,1,365
20918003,2025-11-29,t,,,1,365
20918003,2025-11-30,t,,,1,365
20918003,2025-12-01,t,,,1,365
20918003,2025-12-02,t,,,1,365
20918003,2025-12-03,t,,,1,365
20918003,2025-12-04,t,,,1,365
20918003,2025-12-05,t,,,1,365
20918003,2025-12-06,t,,,1,365
20918003,2025-12-07,t,,,1,365
20918003,2025-12-08,t,,,1,365
20918003,2025-12-09,t,,,1,365
20918003,2025-12-10,t,,,1,365
20918003,2025-12-11,t,,,1,365
20918003,2025-12-12,t,,,1,365
20918003,2025-12-13,t,,,1,365
20918003,2025-12-14,t,,,1,365
20918003,2025-12-15,t,,,1,365
20918003,2025-12-16,t,,,1,365
20918003,2025-12-17,t,,,1,365
20918003,2025-12-18,t,,,1,365
20918003,2025-12-19,t,,,1,365
20918003,2025-12-20,t,,,1,365
20918003,2025-12-21,t,,,1,365
20918003,2025-12-22,t,,,1,365
20918003,2025-12-23,t,,,1,365
20918003,2025-12-24,t,,,1,365
20918003,2025-12-25,t,,,1,365
20918003,2025-12-26,t,,,1,365
20918003,2025-12-27,t,,,1,365
20918003,2025-12-28,t,,,1,365
20918003,2025-12-29,t,,,1,365
20918003,2025-12-30,t,,,1,365
20918003,2025-12-31,t,,,1,365
20918003,2026-01-01,t,,,1,365
20918003,2026-01-02,t,,,1,365
20918003,2026-01-03,t,,,1,365
20918003,2026-01-04,t,,,1,365
20918003,2026-01-05,t,,,1,365
20918003,2026-01-06,t,,,1,365
20918003,2026-01-07,t,,,1,365
20918003,2026-01-08,t,,,1,365
20918003,2026-01-09,t,,,1,365
20918003,2026-01-10,t,,,1,365
20918003,2026-01-11,t,,,1,365
20918003,2026-01-12,t,,,1,365
20918003,2026-01-13,t,,,1,365
20918003,2026-01-14,t,,,1,365
20918003,2026-01-15,t,,,1,365
20918003,2026-01-16,t,,,1,365
20918003,2026-01-17,t,,,1,365
20918003,2026-01-18,t,,,1,365
20918003,2026-01-19,t,,,1,365
20918003,2026-01-20,t,,,1,365
20918003,2026-01-21,t,,,1,365
20918003,2026-01-22,t,,,1,365
20918003,2026-01-23,t,,,1,365
20918003,2026-01-24,t,,,1,365
20918003,2026-01-25,t,,,1,365
20918003,2026-01-26,t,,,1,365
20918003,2026-01-27,t,,,1,365
20918003,2026-01-28,t,,,1,365
20918003,2026-01-29,t,,,1,365
20918003,2026-01-30,t,,,1,365
20918003,2026-01-31,t,,,1,365
20918003,2026-02-01,t,,,1,365
20918003,2026-02-02,t,,,1,365
20918003,2026-02-03,t,,,1,365
20918003,2026-02-04,t,,,1,365
20918003,2026-02-05,t,,,1,365
20918003,2026-02-06,t,,,1,365
20918003,2026-02-07,t,,,1,365
20918003,2026-02-08,t,,,1,365
20918003,2026-02-09,t,,,1,365
20918003,2026-02-10,t,,,1,365
20918003,2026-02-11,t,,,1,365
20918003,2026-02-12,t,,,1,365
20918003,2026-02-13,t,,,1,365
20918003,2026-02-14,t,,,1,365
20918003,2026-02-15,t,,,1,365
20918003,2026-02-16,t,,,1,365
20918003,2026-02-17,t,,,1,365
20918003,2026-02-18,t,,,1,365
20918003,2026-02-19,t,,,1,365
20918003,2026-02-20,t,,,1,365
20918003,2026-02-21,t,,,1,365
20918003,2026-02-22,t,,,1,365
20918003,2026-02-23,t,,,1,365
20918003,2026-02-24,t,,,1,365
20918003,2026-02-25,t,,,1,365
20918003,2026-02-26,t,,,1,365
20918003,2026-02-27,t,,,1,365
20918003,2026-02-28,t,,,1,365
20918003,2026-03-01,t,,,1,365
20918003,2026-03-02,t,,,1,365
20918003,2026-03-03,t,,,1,365
20918003,2026-03-04,t,,,1,365
20918003,2026-03-05,t,,,1,365
20918003,2026-03-06,t,,,1,365
20918003,2026-03-07,t,,,1,365
20918003,2026-03-08,t,,,1,365
20918003,2026-03-09,t,,,1,365
20918003,2026-03-10,t,,,1,365
20918003,2026-03-11,t,,,1,365
20918003,2026-03-12,t,,,1,365
20918003,2026-03-13,t,,,1,365
20918003,2026-03-14,t,,,1,365
20918003,2026-03-15,t,,,1,365
20918003,2026-03-16,t,,,1,365
20918003,2026-03-17,t,,,1,365
20918003,2026-03-18,t,,,1,365
20918003,2026-03-19,t,,,1,365
20918003,2026-03-20,t,,,1,365
20918003,2026-03-21,t,,,1,365
20918003,2026-03-22,t,,,1,365
20918003,2026-03-23,t,,,1,365
20918003,2026-03-24,t,,,1,365
20918003,2026-03-25,t,,,1,365
20918003,2026-03-26,t,,,1,365
20918003,2026-03-27,t,,,1,365
20918003,2026-03-28,t,,,1,365
20918003,2026-03-29,t,,,1,365
20918003,2026-03-30,t,,,1,365
20918003,2026-03-31,t,,,1,365
20918003,2026-04-01,t,,,1,365
20918003,2026-04-02,t,,,1,365
20918003,2026-04-03,t,,,1,365
20918003,2026-04-04,t,,,1,365
20918003,2026-04-05,t,,,1,365
20918003,2026-04-06,t,,,1,365
20918003,2026-04-07,t,,,1,365
20918003,2026-04-08,t,,,1,365
20918003,2026-04-09,t,,,1,365
20918003,2026-04-10,t,,,1,365
20918003,2026-04-11,t,,,1,365
20918003,2026-04-12,t,,,1,365
20918003,2026-04-13,t,,,1,365
20918003,2026-04-14,t,,,1,365
20918003,2026-04-15,t,,,1,365
20918003,2026-04-16,t,,,1,365
20918003,2026-04-17,t,,,1,365
20918003,2026-04-18,t,,,1,365
20918003,2026-04-19,t,,,1,365
20918003,2026-04-20,t,,,1,365
20918003,2026-04-21,t,,,1,365
20918003,2026-04-22,t,,,1,365
20918003,2026-04-23,t,,,1,365
20918003,2026-04-24,t,,,1,365
20918003,2026-04-25,t,,,1,365
20918003,2026-04-26,t,,,1,365
20918003,2026-04-27,t,,,1,365
20918003,2026-04-28,t,,,1,365
20918003,2026-04-29,t,,,1,365
20918003,2026-04-30,t,,,1,365
20918003,2026-05-01,t,,,1,365
20918003,2026-05-02,t,,,1,365
20918003,2026-05-03,t,,,1,365
20918003,2026-05-04,t,,,1,365
20918003,2026-05-05,t,,,1,365
20918003,2026-05-06,t,,,1,365
20918003,2026-05-07,t,,,1,365
20918003,2026-05-08,t,,,1,365
20918003,2026-05-09,t,,,1,365
20918003,2026-05-10,t,,,1,365
20918003,2026-05-11,t,,,1,365
20918003,2026-05-12,t,,,1,365
20918003,2026-05-13,t,,,1,365
20918003,2026-05-14,t,,,1,365
20918003,2026-05-15,t,,,1,365
20918003,2026-05-16,t,,,1,365
20918003,2026-05-17,t,,,1,365
20918003,2026-05-18,t,,,1,365
20918003,2026-05-19,t,,,1,365
20918003,2026-05-20,t,,,1,365
20918003,2026-05-21,t,,,1,365
20918003,2026-05-22,t,,,1,365
20918003,2026-05-23,t,,,1,365
20918003,2026-05-24,t,,,1,365
20918003,2026-05-25,t,,,1,365
20918003,2026-05-26,t,,,1,365
20918003,2026-05-27,t,,,1,365
20918003,2026-05-28,t,,,1,365
20918003,2026-05-29,t,,,1,365
20918003,2026-05-30,t,,,1,365
20918003,2026-05-31,t,,,1,365
20918003,2026-06-01,t,,,1,365
20918003,2026-06-02,t,,,1,365
20918003,2026-06-03,t,,,1,365
20918003,2026-06-04,t,,,1,365
20918003,2026-06-05,t,,,1,365
20918003,2026-06-06,t,,,1,365
20918003,2026-06-07,t,,,1,365
20918003,2026-06-08,t,,,1,365
20918003,2026-06-09,t,,,1,365
20918003,2026-06-10,t,,,1,365
20918003,2026-06-11,t,,,1,365
20918003,2026-06-12,t,,,1,365
20918003,2026-06-13,t,,,1,365
20918003,2026-06-14,t,,,1,365
20918003,2026-06-15,t,,,1,365
20918003,2026-06-16,t,,,1,365
20918003,2026-06-17,t,,,1,365
20918003,2026-06-18,t,,,1,365
20918003,2026-06-19,t,,,1,365
20918003,2026-06-20,t,,,1,365
20918003,2026-06-21,t,,,1,365
20918003,2026-06-22,t,,,1,365
20918003,2026-06-23,t,,,1,365
21231752,2025-06-24,f,,,1,1125
21231752,2025-06-25,f,,,1,1125
21231752,2025-06-26,f,,,1,1125
21231752,2025-06-27,f,,,1,1125
21231752,2025-06-28,f,,,1,1125
21231752,2025-06-29,t,,,1,1125
21231752,2025-06-30,t,,,1,1125
21231752,2025-07-01,t,,,1,1125
21231752,2025-07-02,f,,,1,1125
21231752,2025-07-03,f,,,1,1125
21231752,2025-07-04,f,,,1,1125
21231752,2025-07-05,f,,,1,1125
21231752,2025-07-06,f,,,1,1125
21231752,2025-07-07,t,,,1,1125
21231752,2025-07-08,t,,,1,1125
21231752,2025-07-09,t,,,1,1125
21231752,2025-07-10,t,,,1,1125
21231752,2025-07-11,t,,,1,1125
21231752,2025-07-12,t,,,1,1125
21231752,2025-07-13,t,,,1,1125
21231752,2025-07-14,t,,,1,1125
21231752,2025-07-15,t,,,1,1125
21231752,2025-07-16,t,,,1,1125
21231752,2025-07-17,f,,,1,1125
21231752,2025-07-18,f,,,1,1125
21231752,2025-07-19,t,,,1,1125
21231752,2025-07-20,t,,,1,1125
21231752,2025-07-21,f,,,1,1125
21231752,2025-07-22,f,,,1,1125
21231752,2025-07-23,f,,,1,1125
21231752,2025-07-24,t,,,1,1125
21231752,2025-07-25,t,,,1,1125
21231752,2025-07-26,t,,,1,1125
21231752,2025-07-27,t,,,1,1125
21231752,2025-07-28,t,,,1,1125
21231752,2025-07-29,t,,,1,1125
21231752,2025-07-30,t,,,1,1125
21231752,2025-07-31,t,,,1,1125
21231752,2025-08-01,t,,,1,1125
21231752,2025-08-02,t,,,1,1125
21231752,2025-08-03,t,,,1,1125
21231752,2025-08-04,t,,,1,1125
21231752,2025-08-05,t,,,1,1125
21231752,2025-08-06,t,,,1,1125
21231752,2025-08-07,t,,,1,1125
21231752,2025-08-08,t,,,1,1125
21231752,2025-08-09,f,,,1,1125
21231752,2025-08-10,f,,,1,1125
21231752,2025-08-11,f,,,1,1125
21231752,2025-08-12,t,,,1,1125
21231752,2025-08-13,t,,,1,1125
21231752,2025-08-14,t,,,1,1125
21231752,2025-08-15,t,,,1,1125
21231752,2025-08-16,t,,,1,1125
21231752,2025-08-17,f,,,1,1125
21231752,2025-08-18,f,,,1,1125
21231752,2025-08-19,f,,,1,1125
21231752,2025-08-20,t,,,1,1125
21231752,2025-08-21,t,,,1,1125
21231752,2025-08-22,t,,,1,1125
21231752,2025-08-23,t,,,1,1125
21231752,2025-08-24,f,,,1,1125
21231752,2025-08-25,f,,,1,1125
21231752,2025-08-26,f,,,1,1125
21231752,2025-08-27,f,,,1,1125
21231752,2025-08-28,f,,,1,1125
21231752,2025-08-29,f,,,1,1125
21231752,2025-08-30,f,,,1,1125
21231752,2025-08-31,f,,,1,1125
21231752,2025-09-01,t,,,1,1125
21231752,2025-09-02,t,,,1,1125
21231752,2025-09-03,t,,,1,1125
21231752,2025-09-04,t,,,1,1125
21231752,2025-09-05,t,,,1,1125
21231752,2025-09-06,t,,,1,1125
21231752,2025-09-07,t,,,1,1125
21231752,2025-09-08,t,,,1,1125
21231752,2025-09-09,t,,,1,1125
21231752,2025-09-10,f,,,1,1125
21231752,2025-09-11,t,,,1,1125
21231752,2025-09-12,f,,,1,1125
21231752,2025-09-13,t,,,1,1125
21231752,2025-09-14,t,,,1,1125
21231752,2025-09-15,t,,,1,1125
21231752,2025-09-16,t,,,1,1125
21231752,2025-09-17,t,,,1,1125
21231752,2025-09-18,t,,,1,1125
21231752,2025-09-19,t,,,1,1125
21231752,2025-09-20,f,,,1,1125
21231752,2025-09-21,f,,,1,1125
21231752,2025-09-22,t,,,1,1125
21231752,2025-09-23,t,,,1,1125
21231752,2025-09-24,t,,,1,1125
21231752,2025-09-25,t,,,1,1125
21231752,2025-09-26,t,,,1,1125
21231752,2025-09-27,t,,,1,1125
21231752,2025-09-28,t,,,1,1125
21231752,2025-09-29,t,,,1,1125
21231752,2025-09-30,t,,,1,1125
21231752,2025-10-01,t,,,1,1125
21231752,2025-10-02,t,,,1,1125
21231752,2025-10-03,t,,,1,1125
21231752,2025-10-04,t,,,1,1125
21231752,2025-10-05,t,,,1,1125
21231752,2025-10-06,t,,,1,1125
21231752,2025-10-07,t,,,1,1125
21231752,2025-10-08,t,,,1,1125
21231752,2025-10-09,t,,,1,1125
21231752,2025-10-10,t,,,1,1125
21231752,2025-10-11,t,,,1,1125
21231752,2025-10-12,t,,,1,1125
21231752,2025-10-13,t,,,1,1125
21231752,2025-10-14,t,,,1,1125
21231752,2025-10-15,t,,,1,1125
21231752,2025-10-16,t,,,1,1125
21231752,2025-10-17,t,,,1,1125
21231752,2025-10-18,t,,,1,1125
21231752,2025-10-19,t,,,1,1125
21231752,2025-10-20,t,,,1,1125
21231752,2025-10-21,t,,,1,1125
21231752,2025-10-22,t,,,1,1125
21231752,2025-10-23,t,,,1,1125
21231752,2025-10-24,t,,,1,1125
21231752,2025-10-25,t,,,1,1125
21231752,2025-10-26,t,,,1,1125
21231752,2025-10-27,t,,,1,1125
21231752,2025-10-28,t,,,1,1125
21231752,2025-10-29,t,,,1,1125
21231752,2025-10-30,t,,,1,1125
21231752,2025-10-31,t,,,1,1125
21231752,2025-11-01,t,,,1,1125
21231752,2025-11-02,t,,,1,1125
21231752,2025-11-03,t,,,1,1125
21231752,2025-11-04,t,,,1,1125
21231752,2025-11-05,t,,,1,1125
21231752,2025-11-06,t,,,1,1125
21231752,2025-11-07,t,,,1,1125
21231752,2025-11-08,t,,,1,1125
21231752,2025-11-09,t,,,1,1125
21231752,2025-11-10,t,,,1,1125
21231752,2025-11-11,t,,,1,1125
21231752,2025-11-12,f,,,1,1125
21231752,2025-11-13,f,,,1,1125
21231752,2025-11-14,f,,,1,1125
21231752,2025-11-15,t,,,1,1125
21231752,2025-11-16,f,,,1,1125
21231752,2025-11-17,f,,,1,1125
21231752,2025-11-18,f,,,1,1125
21231752,2025-11-19,t,,,1,1125
21231752,2025-11-20,t,,,1,1125
21231752,2025-11-21,t,,,1,1125
21231752,2025-11-22,t,,,1,1125
21231752,2025-11-23,t,,,1,1125
21231752,2025-11-24,t,,,1,1125
21231752,2025-11-25,t,,,1,1125
21231752,2025-11-26,t,,,1,1125
21231752,2025-11-27,t,,,1,1125
21231752,2025-11-28,t,,,1,1125
21231752,2025-11-29,t,,,1,1125
21231752,2025-11-30,t,,,1,1125
21231752,2025-12-01,t,,,1,1125
21231752,2025-12-02,t,,,1,1125
21231752,2025-12-03,t,,,1,1125
21231752,2025-12-04,t,,,1,1125
21231752,2025-12-05,t,,,1,1125
21231752,2025-12-06,t,,,1,1125
21231752,2025-12-07,t,,,1,1125
21231752,2025-12-08,t,,,1,1125
21231752,2025-12-09,t,,,1,1125
21231752,2025-12-10,t,,,1,1125
21231752,2025-12-11,t,,,1,1125
21231752,2025-12-12,t,,,1,1125
21231752,2025-12-13,t,,,1,1125
21231752,2025-12-14,t,,,1,1125
21231752,2025-12-15,f,,,1,1125
21231752,2025-12-16,f,,,1,1125
21231752,2025-12-17,f,,,1,1125
21231752,2025-12-18,t,,,1,1125
21231752,2025-12-19,t,,,1,1125
21231752,2025-12-20,t,,,1,1125
21231752,2025-12-21,t,,,1,1125
21231752,2025-12-22,t,,,1,1125
21231752,2025-12-23,t,,,1,1125
21231752,2025-12-24,t,,,1,1125
21231752,2025-12-25,t,,,1,1125
21231752,2025-12-26,t,,,1,1125
21231752,2025-12-27,t,,,1,1125
21231752,2025-12-28,t,,,1,1125
21231752,2025-12-29,t,,,1,1125
21231752,2025-12-30,t,,,1,1125
21231752,2025-12-31,t,,,1,1125
21231752,2026-01-01,t,,,1,1125
21231752,2026-01-02,t,,,1,1125
21231752,2026-01-03,t,,,1,1125
21231752,2026-01-04,t,,,1,1125
21231752,2026-01-05,t,,,1,1125
21231752,2026-01-06,t,,,1,1125
21231752,2026-01-07,t,,,1,1125
21231752,2026-01-08,t,,,1,1125
21231752,2026-01-09,t,,,1,1125
21231752,2026-01-10,t,,,1,1125
21231752,2026-01-11,t,,,1,1125
21231752,2026-01-12,t,,,1,1125
21231752,2026-01-13,t,,,1,1125
21231752,2026-01-14,t,,,1,1125
21231752,2026-01-15,t,,,1,1125
21231752,2026-01-16,t,,,1,1125
21231752,2026-01-17,t,,,1,1125
21231752,2026-01-18,t,,,1,1125
21231752,2026-01-19,t,,,1,1125
21231752,2026-01-20,t,,,1,1125
21231752,2026-01-21,t,,,1,1125
21231752,2026-01-22,t,,,1,1125
21231752,2026-01-23,t,,,1,1125
21231752,2026-01-24,t,,,1,1125
21231752,2026-01-25,t,,,1,1125
21231752,2026-01-26,t,,,1,1125
21231752,2026-01-27,t,,,1,1125
21231752,2026-01-28,t,,,1,1125
21231752,2026-01-29,t,,,1,1125
21231752,2026-01-30,t,,,1,1125
21231752,2026-01-31,t,,,1,1125
21231752,2026-02-01,t,,,1,1125
21231752,2026-02-02,t,,,1,1125
21231752,2026-02-03,t,,,1,1125
21231752,2026-02-04,t,,,1,1125
21231752,2026-02-05,t,,,1,1125
21231752,2026-02-06,t,,,1,1125
21231752,2026-02-07,t,,,1,1125
21231752,2026-02-08,t,,,1,1125
21231752,2026-02-09,t,,,1,1125
21231752,2026-02-10,t,,,1,1125
21231752,2026-02-11,t,,,1,1125
21231752,2026-02-12,t,,,1,1125
21231752,2026-02-13,t,,,1,1125
21231752,2026-02-14,t,,,1,1125
21231752,2026-02-15,t,,,1,1125
21231752,2026-02-16,t,,,1,1125
21231752,2026-02-17,t,,,1,1125
21231752,2026-02-18,t,,,1,1125
21231752,2026-02-19,t,,,1,1125
21231752,2026-02-20,t,,,1,1125
21231752,2026-02-21,t,,,1,1125
21231752,2026-02-22,t,,,1,1125
21231752,2026-02-23,t,,,1,1125
21231752,2026-02-24,t,,,1,1125
21231752,2026-02-25,t,,,1,1125
21231752,2026-02-26,t,,,1,1125
21231752,2026-02-27,t,,,1,1125
21231752,2026-02-28,t,,,1,1125
21231752,2026-03-01,t,,,1,1125
21231752,2026-03-02,t,,,1,1125
21231752,2026-03-03,t,,,1,1125
21231752,2026-03-04,t,,,1,1125
21231752,2026-03-05,t,,,1,1125
21231752,2026-03-06,t,,,1,1125
21231752,2026-03-07,t,,,1,1125
21231752,2026-03-08,t,,,1,1125
21231752,2026-03-09,t,,,1,1125
21231752,2026-03-10,t,,,1,1125
21231752,2026-03-11,t,,,1,1125
21231752,2026-03-12,t,,,1,1125
21231752,2026-03-13,t,,,1,1125
21231752,2026-03-14,t,,,1,1125
21231752,2026-03-15,t,,,1,1125
21231752,2026-03-16,t,,,1,1125
21231752,2026-03-17,t,,,1,1125
21231752,2026-03-18,t,,,1,1125
21231752,2026-03-19,t,,,1,1125
21231752,2026-03-20,t,,,1,1125
21231752,2026-03-21,t,,,1,1125
21231752,2026-03-22,t,,,1,1125
21231752,2026-03-23,t,,,1,1125
21231752,2026-03-24,t,,,1,1125
21231752,2026-03-25,t,,,1,1125
21231752,2026-03-26,t,,,1,1125
21231752,2026-03-27,t,,,1,1125
21231752,2026-03-28,t,,,1,1125
21231752,2026-03-29,t,,,1,1125
21231752,2026-03-30,t,,,1,1125
21231752,2026-03-31,t,,,1,1125
21231752,2026-04-01,t,,,1,1125
21231752,2026-04-02,t,,,1,1125
21231752,2026-04-03,t,,,1,1125
21231752,2026-04-04,t,,,1,1125
21231752,2026-04-05,t,,,1,1125
21231752,2026-04-06,t,,,1,1125
21231752,2026-04-07,t,,,1,1125
21231752,2026-04-08,t,,,1,1125
21231752,2026-04-09,t,,,1,1125
21231752,2026-04-10,t,,,1,1125
21231752,2026-04-11,t,,,1,1125
21231752,2026-04-12,t,,,1,1125
21231752,2026-04-13,t,,,1,1125
21231752,2026-04-14,t,,,1,1125
21231752,2026-04-15,t,,,1,1125
21231752,2026-04-16,t,,,1,1125
21231752,2026-04-17,t,,,1,1125
21231752,2026-04-18,t,,,1,1125
21231752,2026-04-19,t,,,1,1125
21231752,2026-04-20,t,,,1,1125
21231752,2026-04-21,t,,,1,1125
21231752,2026-04-22,t,,,1,1125
21231752,2026-04-23,t,,,1,1125
21231752,2026-04-24,t,,,1,1125
21231752,2026-04-25,t,,,1,1125
21231752,2026-04-26,t,,,1,1125
21231752,2026-04-27,t,,,1,1125
21231752,2026-04-28,t,,,1,1125
21231752,2026-04-29,t,,,1,1125
21231752,2026-04-30,t,,,1,1125
21231752,2026-05-01,t,,,1,1125
21231752,2026-05-02,t,,,1,1125
21231752,2026-05-03,t,,,1,1125
21231752,2026-05-04,t,,,1,1125
21231752,2026-05-05,t,,,1,1125
21231752,2026-05-06,t,,,1,1125
21231752,2026-05-07,t,,,1,1125
21231752,2026-05-08,t,,,1,1125
21231752,2026-05-09,t,,,1,1125
21231752,2026-05-10,t,,,1,1125
21231752,2026-05-11,t,,,1,1125
21231752,2026-05-12,t,,,1,1125
21231752,2026-05-13,t,,,1,1125
21231752,2026-05-14,t,,,1,1125
21231752,2026-05-15,t,,,1,1125
21231752,2026-05-16,t,,,1,1125
21231752,2026-05-17,t,,,1,1125
21231752,2026-05-18,t,,,1,1125
21231752,2026-05-19,t,,,1,1125
21231752,2026-05-20,t,,,1,1125
21231752,2026-05-21,t,,,1,1125
21231752,2026-05-22,t,,,1,1125
21231752,2026-05-23,t,,,1,1125
21231752,2026-05-24,t,,,1,1125
21231752,2026-05-25,t,,,1,1125
21231752,2026-05-26,t,,,1,1125
21231752,2026-05-27,t,,,1,1125
21231752,2026-05-28,t,,,1,1125
21231752,2026-05-29,t,,,1,1125
21231752,2026-05-30,t,,,1,1125
21231752,2026-05-31,t,,,1,1125
21231752,2026-06-01,t,,,1,1125
21231752,2026-06-02,t,,,1,1125
21231752,2026-06-03,t,,,1,1125
21231752,2026-06-04,t,,,1,1125
21231752,2026-06-05,t,,,1,1125
21231752,2026-06-06,t,,,1,1125
21231752,2026-06-07,t,,,1,1125
21231752,2026-06-08,t,,,1,1125
21231752,2026-06-09,t,,,1,1125
21231752,2026-06-10,t,,,1,1125
21231752,2026-06-11,t,,,1,1125
21231752,2026-06-12,t,,,1,1125
21231752,2026-06-13,t,,,1,1125
21231752,2026-06-14,t,,,1,1125
21231752,2026-06-15,t,,,1,1125
21231752,2026-06-16,t,,,1,1125
21231752,2026-06-17,t,,,1,1125
21231752,2026-06-18,t,,,1,1125
21231752,2026-06-19,t,,,1,1125
21231752,2026-06-20,t,,,1,1125
21231752,2026-06-21,t,,,1,1125
21231752,2026-06-22,t,,,1,1125
21231752,2026-06-23,t,,,1,1125
26509604,2025-06-24,f,,,1,1125
26509604,2025-06-25,f,,,2,1125
26509604,2025-06-26,f,,,2,1125
26509604,2025-06-27,f,,,2,1125
26509604,2025-06-28,f,,,2,1125
26509604,2025-06-29,f,,,2,1125
26509604,2025-06-30,f,,,2,1125
26509604,2025-07-01,f,,,2,1125
26509604,2025-07-02,f,,,2,1125
26509604,2025-07-03,t,,,2,1125
26509604,2025-07-04,f,,,2,1125
26509604,2025-07-05,f,,,2,1125
26509604,2025-07-06,f,,,2,1125
26509604,2025-07-07,f,,,2,1125
26509604,2025-07-08,f,,,2,1125
26509604,2025-07-09,f,,,2,1125
26509604,2025-07-10,f,,,2,1125
26509604,2025-07-11,f,,,2,1125
26509604,2025-07-12,t,,,2,1125
26509604,2025-07-13,t,,,2,1125
26509604,2025-07-14,t,,,2,1125
26509604,2025-07-15,t,,,2,1125
26509604,2025-07-16,t,,,2,1125
26509604,2025-07-17,f,,,2,1125
26509604,2025-07-18,f,,,2,1125
26509604,2025-07-19,f,,,2,1125
26509604,2025-07-20,f,,,2,1125
26509604,2025-07-21,f,,,2,1125
26509604,2025-07-22,f,,,2,1125
26509604,2025-07-23,f,,,2,1125
26509604,2025-07-24,f,,,2,1125
26509604,2025-07-25,f,,,2,1125
26509604,2025-07-26,f,,,2,1125
26509604,2025-07-27,f,,,2,1125
26509604,2025-07-28,f,,,2,1125
26509604,2025-07-29,f,,,2,1125
26509604,2025-07-30,f,,,2,1125
26509604,2025-07-31,t,,,2,1125
26509604,2025-08-01,t,,,2,1125
26509604,2025-08-02,t,,,2,1125
26509604,2025-08-03,t,,,2,1125
26509604,2025-08-04,t,,,2,1125
26509604,2025-08-05,t,,,2,1125
26509604,2025-08-06,t,,,2,1125
26509604,2025-08-07,f,,,1,1125
26509604,2025-08-08,f,,,1,1125
26509604,2025-08-09,f,,,1,1125
26509604,2025-08-10,t,,,2,1125
26509604,2025-08-11,t,,,2,1125
26509604,2025-08-12,t,,,2,1125
26509604,2025-08-13,t,,,2,1125
26509604,2025-08-14,t,,,2,1125
26509604,2025-08-15,f,,,3,1125
26509604,2025-08-16,f,,,3,1125
26509604,2025-08-17,f,,,3,1125
26509604,2025-08-18,f,,,3,1125
26509604,2025-08-19,f,,,3,1125
26509604,2025-08-20,f,,,3,1125
26509604,2025-08-21,f,,,3,1125
26509604,2025-08-22,f,,,3,1125
26509604,2025-08-23,f,,,3,1125
26509604,2025-08-24,f,,,2,1125
26509604,2025-08-25,f,,,2,1125
26509604,2025-08-26,f,,,2,1125
26509604,2025-08-27,f,,,2,1125
26509604,2025-08-28,t,,,2,1125
26509604,2025-08-29,t,,,2,1125
26509604,2025-08-30,t,,,2,1125
26509604,2025-08-31,t,,,2,1125
26509604,2025-09-01,t,,,2,1125
26509604,2025-09-02,t,,,2,1125
26509604,2025-09-03,t,,,2,1125
26509604,2025-09-04,t,,,2,1125
26509604,2025-09-05,t,,,2,1125
26509604,2025-09-06,t,,,2,1125
26509604,2025-09-07,t,,,2,1125
26509604,2025-09-08,t,,,2,1125
26509604,2025-09-09,t,,,2,1125
26509604,2025-09-10,t,,,2,1125
26509604,2025-09-11,t,,,2,1125
26509604,2025-09-12,t,,,2,1125
26509604,2025-09-13,t,,,2,1125
26509604,2025-09-14,t,,,2,1125
26509604,2025-09-15,t,,,2,1125
26509604,2025-09-16,t,,,2,1125
26509604,2025-09-17,t,,,2,1125
26509604,2025-09-18,t,,,2,1125
26509604,2025-09-19,t,,,2,1125
26509604,2025-09-20,t,,,2,1125
26509604,2025-09-21,t,,,2,1125
26509604,2025-09-22,t,,,2,1125
26509604,2025-09-23,t,,,2,1125
26509604,2025-09-24,t,,,2,1125
26509604,2025-09-25,t,,,2,1125
26509604,2025-09-26,t,,,2,1125
26509604,2025-09-27,t,,,2,1125
26509604,2025-09-28,t,,,2,1125
26509604,2025-09-29,t,,,2,1125
26509604,2025-09-30,t,,,2,1125
26509604,2025-10-01,t,,,2,1125
26509604,2025-10-02,t,,,2,1125
26509604,2025-10-03,t,,,2,1125
26509604,2025-10-04,t,,,2,1125
26509604,2025-10-05,t,,,2,1125
26509604,2025-10-06,t,,,2,1125
26509604,2025-10-07,t,,,2,1125
26509604,2025-10-08,t,,,2,1125
26509604,2025-10-09,t,,,2,1125
26509604,2025-10-10,t,,,2,1125
26509604,2025-10-11,t,,,2,1125
26509604,2025-10-12,t,,,2,1125
26509604,2025-10-13,t,,,2,1125
26509604,2025-10-14,t,,,2,1125
26509604,2025-10-15,t,,,2,1125
26509604,2025-10-16,t,,,2,1125
26509604,2025-10-17,t,,,2,1125
26509604,2025-10-18,t,,,2,1125
26509604,2025-10-19,t,,,2,1125
26509604,2025-10-20,t,,,2,1125
26509604,2025-10-21,t,,,2,1125
26509604,2025-10-22,t,,,2,1125
26509604,2025-10-23,t,,,2,1125
26509604,2025-10-24,t,,,2,1125
26509604,2025-10-25,f,,,3,1125
26509604,2025-10-26,f,,,3,1125
26509604,2025-10-27,f,,,3,1125
26509604,2025-10-28,f,,,3,1125
26509604,2025-10-29,f,,,3,1125
26509604,2025-10-30,f,,,3,1125
26509604,2025-10-31,f,,,3,1125
26509604,2025-11-01,f,,,3,1125
26509604,2025-11-02,t,,,2,1125
26509604,2025-11-03,t,,,2,1125
26509604,2025-11-04,t,,,2,1125
26509604,2025-11-05,t,,,2,1125
26509604,2025-11-06,t,,,2,1125
26509604,2025-11-07,t,,,2,1125
26509604,2025-11-08,t,,,2,1125
26509604,2025-11-09,t,,,2,1125
26509604,2025-11-10,t,,,2,1125
26509604,2025-11-11,t,,,2,1125
26509604,2025-11-12,t,,,2,1125
26509604,2025-11-13,t,,,2,1125
26509604,2025-11-14,t,,,2,1125
26509604,2025-11-15,t,,,2,1125
26509604,2025-11-16,t,,,2,1125
26509604,2025-11-17,t,,,2,1125
26509604,2025-11-18,t,,,2,1125
26509604,2025-11-19,t,,,2,1125
26509604,2025-11-20,t,,,2,1125
26509604,2025-11-21,t,,,2,1125
26509604,2025-11-22,t,,,2,1125
26509604,2025-11-23,t,,,2,1125
26509604,2025-11-24,t,,,2,1125
26509604,2025-11-25,t,,,2,1125
26509604,2025-11-26,t,,,2,1125
26509604,2025-11-27,t,,,2,1125
26509604,2025-11-28,t,,,1,1125
26509604,2025-11-29,t,,,1,1125
26509604,2025-11-30,t,,,1,1125
26509604,2025-12-01,t,,,1,1125
26509604,2025-12-02,t,,,1,1125
26509604,2025-12-03,t,,,1,1125
26509604,2025-12-04,f,,,1,1125
26509604,2025-12-05,f,,,1,1125
26509604,2025-12-06,f,,,1,1125
26509604,2025-12-07,f,,,1,1125
26509604,2025-12-08,f,,,1,1125
26509604,2025-12-09,f,,,1,1125
26509604,2025-12-10,f,,,1,1125
26509604,2025-12-11,f,,,1,1125
26509604,2025-12-12,f,,,1,1125
26509604,2025-12-13,f,,,1,1125
26509604,2025-12-14,f,,,1,1125
26509604,2025-12-15,f,,,1,1125
26509604,2025-12-16,f,,,1,1125
26509604,2025-12-17,f,,,1,1125
26509604,2025-12-18,f,,,1,1125
26509604,2025-12-19,f,,,3,1125
26509604,2025-12-20,f,,,3,1125
26509604,2025-12-21,f,,,3,1125
26509604,2025-12-22,f,,,3,1125
26509604,2025-12-23,f,,,3,1125
26509604,2025-12-24,f,,,3,1125
26509604,2025-12-25,f,,,3,1125
26509604,2025-12-26,f,,,3,1125
26509604,2025-12-27,f,,,3,1125
26509604,2025-12-28,f,,,3,1125
26509604,2025-12-29,f,,,3,1125
26509604,2025-12-30,f,,,3,1125
26509604,2025-12-31,f,,,3,1125
26509604,2026-01-01,f,,,3,1125
26509604,2026-01-02,f,,,3,1125
26509604,2026-01-03,f,,,3,1125
26509604,2026-01-04,t,,,1,1125
26509604,2026-01-05,t,,,1,1125
26509604,2026-01-06,t,,,1,1125
26509604,2026-01-07,t,,,1,1125
26509604,2026-01-08,t,,,1,1125
26509604,2026-01-09,t,,,1,1125
26509604,2026-01-10,t,,,1,1125
26509604,2026-01-11,t,,,1,1125
26509604,2026-01-12,t,,,1,1125
26509604,2026-01-13,t,,,1,1125
26509604,2026-01-14,f,,,1,1125
26509604,2026-01-15,f,,,1,1125
26509604,2026-01-16,f,,,1,1125
26509604,2026-01-17,f,,,1,1125
26509604,2026-01-18,f,,,1,1125
26509604,2026-01-19,f,,,1,1125
26509604,2026-01-20,f,,,1,1125
26509604,2026-01-21,f,,,1,1125
26509604,2026-01-22,f,,,1,1125
26509604,2026-01-23,f,,,1,1125
26509604,2026-01-24,f,,,1,1125
26509604,2026-01-25,f,,,1,1125
26509604,2026-01-26,f,,,1,1125
26509604,2026-01-27,f,,,1,1125
26509604,2026-01-28,f,,,1,1125
26509604,2026-01-29,f,,,1,1125
26509604,2026-01-30,f,,,1,1125
26509604,2026-01-31,f,,,1,1125
26509604,2026-02-01,t,,,1,1125
26509604,2026-02-02,t,,,1,1125
26509604,2026-02-03,t,,,1,1125
26509604,2026-02-04,t,,,1,1125
26509604,2026-02-05,t,,,1,1125
26509604,2026-02-06,t,,,1,1125
26509604,2026-02-07,t,,,1,1125
26509604,2026-02-08,t,,,1,1125
26509604,2026-02-09,t,,,1,1125
26509604,2026-02-10,t,,,1,1125
26509604,2026-02-11,t,,,1,1125
26509604,2026-02-12,t,,,1,1125
26509604,2026-02-13,f,,,4,1125
26509604,2026-02-14,f,,,4,1125
26509604,2026-02-15,f,,,4,1125
26509604,2026-02-16,f,,,4,1125
26509604,2026-02-17,f,,,4,1125
26509604,2026-02-18,f,,,4,1125
26509604,2026-02-19,f,,,4,1125
26509604,2026-02-20,f,,,4,1125
26509604,2026-02-21,t,,,4,1125
26509604,2026-02-22,t,,,1,1125
26509604,2026-02-23,t,,,1,1125
26509604,2026-02-24,t,,,1,1125
26509604,2026-02-25,t,,,1,1125
26509604,2026-02-26,t,,,1,1125
26509604,2026-02-27,t,,,1,1125
26509604,2026-02-28,t,,,1,1125
26509604,2026-03-01,t,,,1,1125
26509604,2026-03-02,t,,,1,1125
26509604,2026-03-03,t,,,1,1125
26509604,2026-03-04,t,,,1,1125
26509604,2026-03-05,t,,,1,1125
26509604,2026-03-06,t,,,1,1125
26509604,2026-03-07,t,,,1,1125
26509604,2026-03-08,f,,,1,1125
26509604,2026-03-09,f,,,1,1125
26509604,2026-03-10,f,,,1,1125
26509604,2026-03-11,f,,,1,1125
26509604,2026-03-12,f,,,1,1125
26509604,2026-03-13,f,,,1,1125
26509604,2026-03-14,f,,,1,1125
26509604,2026-03-15,f,,,1,1125
26509604,2026-03-16,f,,,1,1125
26509604,2026-03-17,f,,,1,1125
26509604,2026-03-18,f,,,1,1125
26509604,2026-03-19,t,,,1,1125
26509604,2026-03-20,t,,,1,1125
26509604,2026-03-21,t,,,1,1125
26509604,2026-03-22,f,,,1,1125
26509604,2026-03-23,f,,,1,1125
26509604,2026-03-24,f,,,1,1125
26509604,2026-03-25,f,,,1,1125
26509604,2026-03-26,f,,,1,1125
26509604,2026-03-27,f,,,1,1125
26509604,2026-03-28,f,,,1,1125
26509604,2026-03-29,f,,,3,1125
26509604,2026-03-30,f,,,3,1125
26509604,2026-03-31,f,,,3,1125
26509604,2026-04-01,f,,,3,1125
26509604,2026-04-02,f,,,3,1125
26509604,2026-04-03,f,,,3,1125
26509604,2026-04-04,f,,,3,1125
26509604,2026-04-05,f,,,3,1125
26509604,2026-04-06,f,,,3,1125
26509604,2026-04-07,f,,,3,1125
26509604,2026-04-08,f,,,3,1125
26509604,2026-04-09,f,,,3,1125
26509604,2026-04-10,f,,,3,1125
26509604,2026-04-11,f,,,3,1125
26509604,2026-04-12,f,,,1,1125
26509604,2026-04-13,f,,,1,1125
26509604,2026-04-14,f,,,1,1125
26509604,2026-04-15,f,,,1,1125
26509604,2026-04-16,f,,,1,1125
26509604,2026-04-17,f,,,1,1125
26509604,2026-04-18,f,,,1,1125
26509604,2026-04-19,f,,,1,1125
26509604,2026-04-20,f,,,1,1125
26509604,2026-04-21,f,,,1,1125
26509604,2026-04-22,f,,,1,1125
26509604,2026-04-23,f,,,1,1125
26509604,2026-04-24,f,,,1,1125
26509604,2026-04-25,f,,,1,1125
26509604,2026-04-26,f,,,1,1125
26509604,2026-04-27,f,,,1,1125
26509604,2026-04-28,f,,,1,1125
26509604,2026-04-29,f,,,1,1125
26509604,2026-04-30,f,,,1,1125
26509604,2026-05-01,f,,,1,1125
26509604,2026-05-02,f,,,1,1125
26509604,2026-05-03,f,,,1,1125
26509604,2026-05-04,f,,,1,1125
26509604,2026-05-05,f,,,1,1125
26509604,2026-05-06,f,,,1,1125
26509604,2026-05-07,f,,,1,1125
26509604,2026-05-08,f,,,1,1125
26509604,2026-05-09,f,,,1,1125
26509604,2026-05-10,f,,,1,1125
26509604,2026-05-11,f,,,1,1125
26509604,2026-05-12,f,,,1,1125
26509604,2026-05-13,f,,,1,1125
26509604,2026-05-14,f,,,1,1125
26509604,2026-05-15,f,,,1,1125
26509604,2026-05-16,f,,,1,1125
26509604,2026-05-17,f,,,1,1125
26509604,2026-05-18,f,,,1,1125
26509604,2026-05-19,f,,,1,1125
26509604,2026-05-20,f,,,1,1125
26509604,2026-05-21,f,,,1,1125
26509604,2026-05-22,f,,,1,1125
26509604,2026-05-23,f,,,1,1125
26509604,2026-05-24,f,,,1,1125
26509604,2026-05-25,f,,,1,1125
26509604,2026-05-26,f,,,1,1125
26509604,2026-05-27,f,,,1,1125
26509604,2026-05-28,f,,,1,1125
26509604,2026-05-29,f,,,1,1125
26509604,2026-05-30,f,,,1,1125
26509604,2026-05-31,f,,,1,1125
26509604,2026-06-01,f,,,1,1125
26509604,2026-06-02,f,,,1,1125
26509604,2026-06-03,f,,,1,1125
26509604,2026-06-04,f,,,1,1125
26509604,2026-06-05,f,,,1,1125
26509604,2026-06-06,f,,,1,1125
26509604,2026-06-07,f,,,1,1125
26509604,2026-06-08,f,,,1,1125
26509604,2026-06-09,f,,,1,1125
26509604,2026-06-10,f,,,1,1125
26509604,2026-06-11,f,,,1,1125
26509604,2026-06-12,f,,,1,1125
26509604,2026-06-13,f,,,1,1125
26509604,2026-06-14,f,,,1,1125
26509604,2026-06-15,f,,,1,1125
26509604,2026-06-16,f,,,1,1125
26509604,2026-06-17,f,,,1,1125
26509604,2026-06-18,f,,,1,1125
26509604,2026-06-19,f,,,1,1125
26509604,2026-06-20,f,,,1,1125
26509604,2026-06-21,f,,,1,1125
26509604,2026-06-22,f,,,1,1125
26509604,2026-06-23,f,,,1,1125
27769157,2025-06-24,f,,,31,1125
27769157,2025-06-25,f,,,31,1125
27769157,2025-06-26,t,,,31,1125
27769157,2025-06-27,t,,,31,1125
27769157,2025-06-28,t,,,31,1125
27769157,2025-06-29,t,,,31,1125
27769157,2025-06-30,t,,,31,1125
27769157,2025-07-01,t,,,31,1125
27769157,2025-07-02,t,,,31,1125
27769157,2025-07-03,t,,,31,1125
27769157,2025-07-04,t,,,31,1125
27769157,2025-07-05,t,,,31,1125
27769157,2025-07-06,t,,,31,1125
27769157,2025-07-07,t,,,31,1125
27769157,2025-07-08,t,,,31,1125
27769157,2025-07-09,t,,,31,1125
27769157,2025-07-10,t,,,31,1125
27769157,2025-07-11,t,,,31,1125
27769157,2025-07-12,t,,,31,1125
27769157,2025-07-13,t,,,31,1125
27769157,2025-07-14,t,,,31,1125
27769157,2025-07-15,t,,,31,1125
27769157,2025-07-16,t,,,31,1125
27769157,2025-07-17,t,,,31,1125
27769157,2025-07-18,t,,,31,1125
27769157,2025-07-19,t,,,31,1125
27769157,2025-07-20,t,,,31,1125
27769157,2025-07-21,t,,,31,1125
27769157,2025-07-22,t,,,31,1125
27769157,2025-07-23,t,,,31,1125
27769157,2025-07-24,t,,,31,1125
27769157,2025-07-25,t,,,31,1125
27769157,2025-07-26,t,,,31,1125
27769157,2025-07-27,t,,,31,1125
27769157,2025-07-28,t,,,31,1125
27769157,2025-07-29,t,,,31,1125
27769157,2025-07-30,t,,,31,1125
27769157,2025-07-31,t,,,31,1125
27769157,2025-08-01,t,,,31,1125
27769157,2025-08-02,t,,,31,1125
27769157,2025-08-03,t,,,31,1125
27769157,2025-08-04,t,,,31,1125
27769157,2025-08-05,t,,,31,1125
27769157,2025-08-06,t,,,31,1125
27769157,2025-08-07,t,,,31,1125
27769157,2025-08-08,t,,,31,1125
27769157,2025-08-09,t,,,31,1125
27769157,2025-08-10,t,,,31,1125
27769157,2025-08-11,t,,,31,1125
27769157,2025-08-12,t,,,31,1125
27769157,2025-08-13,t,,,31,1125
27769157,2025-08-14,t,,,31,1125
27769157,2025-08-15,t,,,31,1125
27769157,2025-08-16,t,,,31,1125
27769157,2025-08-17,t,,,31,1125
27769157,2025-08-18,t,,,31,1125
27769157,2025-08-19,t,,,31,1125
27769157,2025-08-20,t,,,31,1125
27769157,2025-08-21,t,,,31,1125
27769157,2025-08-22,t,,,31,1125
27769157,2025-08-23,t,,,31,1125
27769157,2025-08-24,t,,,31,1125
27769157,2025-08-25,t,,,31,1125
27769157,2025-08-26,t,,,31,1125
27769157,2025-08-27,t,,,31,1125
27769157,2025-08-28,t,,,31,1125
27769157,2025-08-29,t,,,31,1125
27769157,2025-08-30,t,,,31,1125
27769157,2025-08-31,t,,,31,1125
27769157,2025-09-01,t,,,31,1125
27769157,2025-09-02,t,,,31,1125
27769157,2025-09-03,t,,,31,1125
27769157,2025-09-04,t,,,31,1125
27769157,2025-09-05,t,,,31,1125
27769157,2025-09-06,t,,,31,1125
27769157,2025-09-07,t,,,31,1125
27769157,2025-09-08,t,,,31,1125
27769157,2025-09-09,t,,,31,1125
27769157,2025-09-10,t,,,31,1125
27769157,2025-09-11,t,,,31,1125
27769157,2025-09-12,t,,,31,1125
27769157,2025-09-13,t,,,31,1125
27769157,2025-09-14,t,,,31,1125
27769157,2025-09-15,t,,,31,1125
27769157,2025-09-16,t,,,31,1125
27769157,2025-09-17,t,,,31,1125
27769157,2025-09-18,t,,,31,1125
27769157,2025-09-19,t,,,31,1125
27769157,2025-09-20,t,,,31,1125
27769157,2025-09-21,t,,,31,1125
27769157,2025-09-22,t,,,31,1125
27769157,2025-09-23,t,,,31,1125
27769157,2025-09-24,t,,,31,1125
27769157,2025-09-25,t,,,31,1125
27769157,2025-09-26,t,,,31,1125
27769157,2025-09-27,t,,,31,1125
27769157,2025-09-28,t,,,31,1125
27769157,2025-09-29,t,,,31,1125
27769157,2025-09-30,t,,,31,1125
27769157,2025-10-01,t,,,31,1125
27769157,2025-10-02,t,,,31,1125
27769157,2025-10-03,t,,,31,1125
27769157,2025-10-04,t,,,31,1125
27769157,2025-10-05,t,,,31,1125
27769157,2025-10-06,t,,,31,1125
27769157,2025-10-07,t,,,31,1125
27769157,2025-10-08,t,,,31,1125
27769157,2025-10-09,t,,,31,1125
27769157,2025-10-10,t,,,31,1125
27769157,2025-10-11,t,,,31,1125
27769157,2025-10-12,t,,,31,1125
27769157,2025-10-13,t,,,31,1125
27769157,2025-10-14,t,,,31,1125
27769157,2025-10-15,t,,,31,1125
27769157,2025-10-16,t,,,31,1125
27769157,2025-10-17,t,,,31,1125
27769157,2025-10-18,t,,,31,1125
27769157,2025-10-19,t,,,31,1125
27769157,2025-10-20,t,,,31,1125
27769157,2025-10-21,t,,,31,1125
27769157,2025-10-22,t,,,31,1125
27769157,2025-10-23,t,,,31,1125
27769157,2025-10-24,t,,,31,1125
27769157,2025-10-25,t,,,31,1125
27769157,2025-10-26,t,,,31,1125
27769157,2025-10-27,t,,,31,1125
27769157,2025-10-28,t,,,31,1125
27769157,2025-10-29,t,,,31,1125
27769157,2025-10-30,t,,,31,1125
27769157,2025-10-31,t,,,31,1125
27769157,2025-11-01,t,,,31,1125
27769157,2025-11-02,t,,,31,1125
27769157,2025-11-03,t,,,31,1125
27769157,2025-11-04,t,,,31,1125
27769157,2025-11-05,t,,,31,1125
27769157,2025-11-06,t,,,31,1125
27769157,2025-11-07,t,,,31,1125
27769157,2025-11-08,t,,,31,1125
27769157,2025-11-09,t,,,31,1125
27769157,2025-11-10,t,,,31,1125
27769157,2025-11-11,t,,,31,1125
27769157,2025-11-12,t,,,31,1125
27769157,2025-11-13,t,,,31,1125
27769157,2025-11-14,t,,,31,1125
27769157,2025-11-15,t,,,31,1125
27769157,2025-11-16,t,,,31,1125
27769157,2025-11-17,t,,,31,1125
27769157,2025-11-18,t,,,31,1125
27769157,2025-11-19,t,,,31,1125
27769157,2025-11-20,t,,,31,1125
27769157,2025-11-21,t,,,31,1125
27769157,2025-11-22,t,,,31,1125
27769157,2025-11-23,t,,,31,1125
27769157,2025-11-24,t,,,31,1125
27769157,2025-11-25,t,,,31,1125
27769157,2025-11-26,t,,,31,1125
27769157,2025-11-27,t,,,31,1125
27769157,2025-11-28,t,,,31,1125
27769157,2025-11-29,t,,,31,1125
27769157,2025-11-30,t,,,31,1125
27769157,2025-12-01,t,,,31,1125
27769157,2025-12-02,t,,,31,1125
27769157,2025-12-03,t,,,31,1125
27769157,2025-12-04,t,,,31,1125
27769157,2025-12-05,t,,,31,1125
27769157,2025-12-06,t,,,31,1125
27769157,2025-12-07,t,,,31,1125
27769157,2025-12-08,t,,,31,1125
27769157,2025-12-09,t,,,31,1125
27769157,2025-12-10,t,,,31,1125
27769157,2025-12-11,t,,,31,1125
27769157,2025-12-12,t,,,31,1125
27769157,2025-12-13,t,,,31,1125
27769157,2025-12-14,t,,,31,1125
27769157,2025-12-15,t,,,31,1125
27769157,2025-12-16,t,,,31,1125
27769157,2025-12-17,t,,,31,1125
27769157,2025-12-18,t,,,31,1125
27769157,2025-12-19,t,,,31,1125
27769157,2025-12-20,t,,,31,1125
27769157,2025-12-21,t,,,31,1125
27769157,2025-12-22,t,,,31,1125
27769157,2025-12-23,t,,,31,1125
27769157,2025-12-24,t,,,31,1125
27769157,2025-12-25,t,,,31,1125
27769157,2025-12-26,t,,,31,1125
27769157,2025-12-27,t,,,31,1125
27769157,2025-12-28,t,,,31,1125
27769157,2025-12-29,t,,,31,1125
27769157,2025-12-30,t,,,31,1125
27769157,2025-12-31,t,,,31,1125
27769157,2026-01-01,t,,,31,1125
27769157,2026-01-02,t,,,31,1125
27769157,2026-01-03,t,,,31,1125
27769157,2026-01-04,t,,,31,1125
27769157,2026-01-05,t,,,31,1125
27769157,2026-01-06,t,,,31,1125
27769157,2026-01-07,t,,,31,1125
27769157,2026-01-08,t,,,31,1125
27769157,2026-01-09,t,,,31,1125
27769157,2026-01-10,t,,,31,1125
27769157,2026-01-11,t,,,31,1125
27769157,2026-01-12,t,,,31,1125
27769157,2026-01-13,t,,,31,1125
27769157,2026-01-14,t,,,31,1125
27769157,2026-01-15,t,,,31,1125
27769157,2026-01-16,t,,,31,1125
27769157,2026-01-17,t,,,31,1125
27769157,2026-01-18,t,,,31,1125
27769157,2026-01-19,t,,,31,1125
27769157,2026-01-20,t,,,31,1125
27769157,2026-01-21,t,,,31,1125
27769157,2026-01-22,t,,,31,1125
27769157,2026-01-23,t,,,31,1125
27769157,2026-01-24,t,,,31,1125
27769157,2026-01-25,t,,,31,1125
27769157,2026-01-26,t,,,31,1125
27769157,2026-01-27,t,,,31,1125
27769157,2026-01-28,t,,,31,1125
27769157,2026-01-29,t,,,31,1125
27769157,2026-01-30,t,,,31,1125
27769157,2026-01-31,t,,,31,1125
27769157,2026-02-01,t,,,31,1125
27769157,2026-02-02,t,,,31,1125
27769157,2026-02-03,t,,,31,1125
27769157,2026-02-04,t,,,31,1125
27769157,2026-02-05,t,,,31,1125
27769157,2026-02-06,t,,,31,1125
27769157,2026-02-07,t,,,31,1125
27769157,2026-02-08,t,,,31,1125
27769157,2026-02-09,t,,,31,1125
27769157,2026-02-10,t,,,31,1125
27769157,2026-02-11,t,,,31,1125
27769157,2026-02-12,t,,,31,1125
27769157,2026-02-13,t,,,31,1125
27769157,2026-02-14,t,,,31,1125
27769157,2026-02-15,t,,,31,1125
27769157,2026-02-16,t,,,31,1125
27769157,2026-02-17,t,,,31,1125
27769157,2026-02-18,t,,,31,1125
27769157,2026-02-19,t,,,31,1125
27769157,2026-02-20,t,,,31,1125
27769157,2026-02-21,t,,,31,1125
27769157,2026-02-22,t,,,31,1125
27769157,2026-02-23,t,,,31,1125
27769157,2026-02-24,t,,,31,1125
27769157,2026-02-25,t,,,31,1125
27769157,2026-02-26,t,,,31,1125
27769157,2026-02-27,t,,,31,1125
27769157,2026-02-28,t,,,31,1125
27769157,2026-03-01,t,,,31,1125
27769157,2026-03-02,t,,,31,1125
27769157,2026-03-03,t,,,31,1125
27769157,2026-03-04,t,,,31,1125
27769157,2026-03-05,t,,,31,1125
27769157,2026-03-06,t,,,31,1125
27769157,2026-03-07,t,,,31,1125
27769157,2026-03-08,t,,,31,1125
27769157,2026-03-09,t,,,31,1125
27769157,2026-03-10,t,,,31,1125
27769157,2026-03-11,t,,,31,1125
27769157,2026-03-12,t,,,31,1125
27769157,2026-03-13,t,,,31,1125
27769157,2026-03-14,t,,,31,1125
27769157,2026-03-15,t,,,31,1125
27769157,2026-03-16,t,,,31,1125
27769157,2026-03-17,t,,,31,1125
27769157,2026-03-18,t,,,31,1125
27769157,2026-03-19,t,,,31,1125
27769157,2026-03-20,t,,,31,1125
27769157,2026-03-21,t,,,31,1125
27769157,2026-03-22,t,,,31,1125
27769157,2026-03-23,t,,,31,1125
27769157,2026-03-24,t,,,31,1125
27769157,2026-03-25,t,,,31,1125
27769157,2026-03-26,t,,,31,1125
27769157,2026-03-27,t,,,31,1125
27769157,2026-03-28,t,,,31,1125
27769157,2026-03-29,t,,,31,1125
27769157,2026-03-30,t,,,31,1125
27769157,2026-03-31,t,,,31,1125
27769157,2026-04-01,t,,,31,1125
27769157,2026-04-02,t,,,31,1125
27769157,2026-04-03,t,,,31,1125
27769157,2026-04-04,t,,,31,1125
27769157,2026-04-05,t,,,31,1125
27769157,2026-04-06,t,,,31,1125
27769157,2026-04-07,t,,,31,1125
27769157,2026-04-08,t,,,31,1125
27769157,2026-04-09,t,,,31,1125
27769157,2026-04-10,t,,,31,1125
27769157,2026-04-11,t,,,31,1125
27769157,2026-04-12,t,,,31,1125
27769157,2026-04-13,t,,,31,1125
27769157,2026-04-14,t,,,31,1125
27769157,2026-04-15,t,,,31,1125
27769157,2026-04-16,t,,,31,1125
27769157,2026-04-17,t,,,31,1125
27769157,2026-04-18,t,,,31,1125
27769157,2026-04-19,t,,,31,1125
27769157,2026-04-20,t,,,31,1125
27769157,2026-04-21,t,,,31,1125
27769157,2026-04-22,t,,,31,1125
27769157,2026-04-23,t,,,31,1125
27769157,2026-04-24,t,,,31,1125
27769157,2026-04-25,t,,,31,1125
27769157,2026-04-26,t,,,31,1125
27769157,2026-04-27,t,,,31,1125
27769157,2026-04-28,t,,,31,1125
27769157,2026-04-29,t,,,31,1125
27769157,2026-04-30,t,,,31,1125
27769157,2026-05-01,t,,,31,1125
27769157,2026-05-02,t,,,31,1125
27769157,2026-05-03,t,,,31,1125
27769157,2026-05-04,t,,,31,1125
27769157,2026-05-05,t,,,31,1125
27769157,2026-05-06,t,,,31,1125
27769157,2026-05-07,t,,,31,1125
27769157,2026-05-08,t,,,31,1125
27769157,2026-05-09,t,,,31,1125
27769157,2026-05-10,t,,,31,1125
27769157,2026-05-11,t,,,31,1125
27769157,2026-05-12,t,,,31,1125
27769157,2026-05-13,t,,,31,1125
27769157,2026-05-14,t,,,31,1125
27769157,2026-05-15,t,,,31,1125
27769157,2026-05-16,t,,,31,1125
27769157,2026-05-17,t,,,31,1125
27769157,2026-05-18,t,,,31,1125
27769157,2026-05-19,t,,,31,1125
27769157,2026-05-20,t,,,31,1125
27769157,2026-05-21,t,,,31,1125
27769157,2026-05-22,t,,,31,1125
27769157,2026-05-23,t,,,31,1125
27769157,2026-05-24,t,,,31,1125
27769157,2026-05-25,t,,,31,1125
27769157,2026-05-26,t,,,31,1125
27769157,2026-05-27,t,,,31,1125
27769157,2026-05-28,t,,,31,1125
27769157,2026-05-29,t,,,31,1125
27769157,2026-05-30,t,,,31,1125
27769157,2026-05-31,t,,,31,1125
27769157,2026-06-01,t,,,31,1125
27769157,2026-06-02,t,,,31,1125
27769157,2026-06-03,t,,,31,1125
27769157,2026-06-04,t,,,31,1125
27769157,2026-06-05,t,,,31,1125
27769157,2026-06-06,t,,,31,1125
27769157,2026-06-07,t,,,31,1125
27769157,2026-06-08,t,,,31,1125
27769157,2026-06-09,t,,,31,1125
27769157,2026-06-10,t,,,31,1125
27769157,2026-06-11,t,,,31,1125
27769157,2026-06-12,t,,,31,1125
27769157,2026-06-13,t,,,31,1125
27769157,2026-06-14,t,,,31,1125
27769157,2026-06-15,t,,,31,1125
27769157,2026-06-16,t,,,31,1125
27769157,2026-06-17,t,,,31,1125
27769157,2026-06-18,t,,,31,1125
27769157,2026-06-19,t,,,31,1125
27769157,2026-06-20,t,,,31,1125
27769157,2026-06-21,t,,,31,1125
27769157,2026-06-22,t,,,31,1125
27769157,2026-06-23,t,,,31,1125
27769538,2025-06-24,f,,,29,1125
27769538,2025-06-25,f,,,29,1125
27769538,2025-06-26,t,,,29,1125
27769538,2025-06-27,t,,,29,1125
27769538,2025-06-28,t,,,29,1125
27769538,2025-06-29,t,,,29,1125
27769538,2025-06-30,t,,,29,1125
27769538,2025-07-01,t,,,29,1125
27769538,2025-07-02,t,,,29,1125
27769538,2025-07-03,t,,,29,1125
27769538,2025-07-04,t,,,29,1125
27769538,2025-07-05,t,,,29,1125
27769538,2025-07-06,t,,,29,1125
27769538,2025-07-07,t,,,29,1125
27769538,2025-07-08,t,,,29,1125
27769538,2025-07-09,t,,,29,1125
27769538,2025-07-10,t,,,29,1125
27769538,2025-07-11,t,,,29,1125
27769538,2025-07-12,t,,,29,1125
27769538,2025-07-13,t,,,29,1125
27769538,2025-07-14,t,,,29,1125
27769538,2025-07-15,t,,,29,1125
27769538,2025-07-16,t,,,29,1125
27769538,2025-07-17,t,,,29,1125
27769538,2025-07-18,t,,,29,1125
27769538,2025-07-19,t,,,29,1125
27769538,2025-07-20,t,,,29,1125
27769538,2025-07-21,t,,,29,1125
27769538,2025-07-22,t,,,29,1125
27769538,2025-07-23,t,,,29,1125
27769538,2025-07-24,t,,,29,1125
27769538,2025-07-25,t,,,29,1125
27769538,2025-07-26,t,,,29,1125
27769538,2025-07-27,t,,,29,1125
27769538,2025-07-28,t,,,29,1125
27769538,2025-07-29,t,,,29,1125
27769538,2025-07-30,t,,,29,1125
27769538,2025-07-31,t,,,29,1125
27769538,2025-08-01,t,,,29,1125
27769538,2025-08-02,t,,,29,1125
27769538,2025-08-03,t,,,29,1125
27769538,2025-08-04,t,,,29,1125
27769538,2025-08-05,t,,,29,1125
27769538,2025-08-06,t,,,29,1125
27769538,2025-08-07,t,,,29,1125
27769538,2025-08-08,t,,,29,1125
27769538,2025-08-09,t,,,29,1125
27769538,2025-08-10,t,,,29,1125
27769538,2025-08-11,t,,,29,1125
27769538,2025-08-12,t,,,29,1125
27769538,2025-08-13,t,,,29,1125
27769538,2025-08-14,t,,,29,1125
27769538,2025-08-15,t,,,29,1125
27769538,2025-08-16,t,,,29,1125
27769538,2025-08-17,t,,,29,1125
27769538,2025-08-18,t,,,29,1125
27769538,2025-08-19,t,,,29,1125
27769538,2025-08-20,t,,,29,1125
27769538,2025-08-21,t,,,29,1125
27769538,2025-08-22,t,,,29,1125
27769538,2025-08-23,t,,,29,1125
27769538,2025-08-24,t,,,29,1125
27769538,2025-08-25,t,,,29,1125
27769538,2025-08-26,t,,,29,1125
27769538,2025-08-27,t,,,29,1125
27769538,2025-08-28,t,,,29,1125
27769538,2025-08-29,t,,,29,1125
27769538,2025-08-30,t,,,29,1125
27769538,2025-08-31,t,,,29,1125
27769538,2025-09-01,t,,,29,1125
27769538,2025-09-02,t,,,29,1125
27769538,2025-09-03,t,,,29,1125
27769538,2025-09-04,t,,,29,1125
27769538,2025-09-05,t,,,29,1125
27769538,2025-09-06,t,,,29,1125
27769538,2025-09-07,t,,,29,1125
27769538,2025-09-08,t,,,29,1125
27769538,2025-09-09,t,,,29,1125
27769538,2025-09-10,t,,,29,1125
27769538,2025-09-11,t,,,29,1125
27769538,2025-09-12,t,,,29,1125
27769538,2025-09-13,t,,,29,1125
27769538,2025-09-14,t,,,29,1125
27769538,2025-09-15,t,,,29,1125
27769538,2025-09-16,t,,,29,1125
27769538,2025-09-17,t,,,29,1125
27769538,2025-09-18,t,,,29,1125
27769538,2025-09-19,t,,,29,1125
27769538,2025-09-20,t,,,29,1125
27769538,2025-09-21,t,,,29,1125
27769538,2025-09-22,t,,,29,1125
27769538,2025-09-23,t,,,29,1125
27769538,2025-09-24,t,,,29,1125
27769538,2025-09-25,t,,,29,1125
27769538,2025-09-26,t,,,29,1125
27769538,2025-09-27,t,,,29,1125
27769538,2025-09-28,t,,,29,1125
27769538,2025-09-29,t,,,29,1125
27769538,2025-09-30,t,,,29,1125
27769538,2025-10-01,t,,,29,1125
27769538,2025-10-02,t,,,29,1125
27769538,2025-10-03,t,,,29,1125
27769538,2025-10-04,t,,,29,1125
27769538,2025-10-05,t,,,29,1125
27769538,2025-10-06,t,,,29,1125
27769538,2025-10-07,t,,,29,1125
27769538,2025-10-08,t,,,29,1125
27769538,2025-10-09,t,,,29,1125
27769538,2025-10-10,t,,,29,1125
27769538,2025-10-11,t,,,29,1125
27769538,2025-10-12,t,,,29,1125
27769538,2025-10-13,t,,,29,1125
27769538,2025-10-14,t,,,29,1125
27769538,2025-10-15,t,,,29,1125
27769538,2025-10-16,t,,,29,1125
27769538,2025-10-17,t,,,29,1125
27769538,2025-10-18,t,,,29,1125
27769538,2025-10-19,t,,,29,1125
27769538,2025-10-20,t,,,29,1125
27769538,2025-10-21,t,,,29,1125
27769538,2025-10-22,t,,,29,1125
27769538,2025-10-23,t,,,29,1125
27769538,2025-10-24,t,,,29,1125
27769538,2025-10-25,t,,,29,1125
27769538,2025-10-26,t,,,29,1125
27769538,2025-10-27,t,,,29,1125
27769538,2025-10-28,t,,,29,1125
27769538,2025-10-29,t,,,29,1125
27769538,2025-10-30,t,,,29,1125
27769538,2025-10-31,t,,,29,1125
27769538,2025-11-01,t,,,29,1125
27769538,2025-11-02,t,,,29,1125
27769538,2025-11-03,t,,,29,1125
27769538,2025-11-04,t,,,29,1125
27769538,2025-11-05,t,,,29,1125
27769538,2025-11-06,t,,,29,1125
27769538,2025-11-07,t,,,29,1125
27769538,2025-11-08,t,,,29,1125
27769538,2025-11-09,t,,,29,1125
27769538,2025-11-10,t,,,29,1125
27769538,2025-11-11,t,,,29,1125
27769538,2025-11-12,t,,,29,1125
27769538,2025-11-13,t,,,29,1125
27769538,2025-11-14,t,,,29,1125
27769538,2025-11-15,t,,,29,1125
27769538,2025-11-16,t,,,29,1125
27769538,2025-11-17,t,,,29,1125
27769538,2025-11-18,t,,,29,1125
27769538,2025-11-19,t,,,29,1125
27769538,2025-11-20,t,,,29,1125
27769538,2025-11-21,t,,,29,1125
27769538,2025-11-22,t,,,29,1125
27769538,2025-11-23,t,,,29,1125
27769538,2025-11-24,t,,,29,1125
27769538,2025-11-25,t,,,29,1125
27769538,2025-11-26,t,,,29,1125
27769538,2025-11-27,t,,,29,1125
27769538,2025-11-28,t,,,29,1125
27769538,2025-11-29,t,,,29,1125
27769538,2025-11-30,t,,,29,1125
27769538,2025-12-01,t,,,29,1125
27769538,2025-12-02,t,,,29,1125
27769538,2025-12-03,t,,,29,1125
27769538,2025-12-04,t,,,29,1125
27769538,2025-12-05,t,,,29,1125
27769538,2025-12-06,t,,,29,1125
27769538,2025-12-07,t,,,29,1125
27769538,2025-12-08,t,,,29,1125
27769538,2025-12-09,t,,,29,1125
27769538,2025-12-10,t,,,29,1125
27769538,2025-12-11,t,,,29,1125
27769538,2025-12-12,t,,,29,1125
27769538,2025-12-13,t,,,29,1125
27769538,2025-12-14,t,,,29,1125
27769538,2025-12-15,t,,,29,1125
27769538,2025-12-16,t,,,29,1125
27769538,2025-12-17,t,,,29,1125
27769538,2025-12-18,t,,,29,1125
27769538,2025-12-19,t,,,29,1125
27769538,2025-12-20,t,,,29,1125
27769538,2025-12-21,t,,,29,1125
27769538,2025-12-22,t,,,29,1125
27769538,2025-12-23,t,,,29,1125
27769538,2025-12-24,t,,,29,1125
27769538,2025-12-25,t,,,29,1125
27769538,2025-12-26,t,,,29,1125
27769538,2025-12-27,t,,,29,1125
27769538,2025-12-28,t,,,29,1125
27769538,2025-12-29,t,,,29,1125
27769538,2025-12-30,t,,,29,1125
27769538,2025-12-31,t,,,29,1125
27769538,2026-01-01,t,,,29,1125
27769538,2026-01-02,t,,,29,1125
27769538,2026-01-03,t,,,29,1125
27769538,2026-01-04,t,,,29,1125
27769538,2026-01-05,t,,,29,1125
27769538,2026-01-06,t,,,29,1125
27769538,2026-01-07,t,,,29,1125
27769538,2026-01-08,t,,,29,1125
27769538,2026-01-09,t,,,29,1125
27769538,2026-01-10,t,,,29,1125
27769538,2026-01-11,t,,,29,1125
27769538,2026-01-12,t,,,29,1125
27769538,2026-01-13,t,,,29,1125
27769538,2026-01-14,t,,,29,1125
27769538,2026-01-15,t,,,29,1125
27769538,2026-01-16,t,,,29,1125
27769538,2026-01-17,t,,,29,1125
27769538,2026-01-18,t,,,29,1125
27769538,2026-01-19,t,,,29,1125
27769538,2026-01-20,t,,,29,1125
27769538,2026-01-21,t,,,29,1125
27769538,2026-01-22,t,,,29,1125
27769538,2026-01-23,t,,,29,1125
27769538,2026-01-24,t,,,29,1125
27769538,2026-01-25,t,,,29,1125
27769538,2026-01-26,t,,,29,1125
27769538,2026-01-27,t,,,29,1125
27769538,2026-01-28,t,,,29,1125
27769538,2026-01-29,t,,,29,1125
27769538,2026-01-30,t,,,29,1125
27769538,2026-01-31,t,,,29,1125
27769538,2026-02-01,t,,,29,1125
27769538,2026-02-02,t,,,29,1125
27769538,2026-02-03,t,,,29,1125
27769538,2026-02-04,t,,,29,1125
27769538,2026-02-05,t,,,29,1125
27769538,2026-02-06,t,,,29,1125
27769538,2026-02-07,t,,,29,1125
27769538,2026-02-08,t,,,29,1125
27769538,2026-02-09,t,,,29,1125
27769538,2026-02-10,t,,,29,1125
27769538,2026-02-11,t,,,29,1125
27769538,2026-02-12,t,,,29,1125
27769538,2026-02-13,t,,,29,1125
27769538,2026-02-14,t,,,29,1125
27769538,2026-02-15,t,,,29,1125
27769538,2026-02-16,t,,,29,1125
27769538,2026-02-17,t,,,29,1125
27769538,2026-02-18,t,,,29,1125
27769538,2026-02-19,t,,,29,1125
27769538,2026-02-20,t,,,29,1125
27769538,2026-02-21,t,,,29,1125
27769538,2026-02-22,t,,,29,1125
27769538,2026-02-23,t,,,29,1125
27769538,2026-02-24,t,,,29,1125
27769538,2026-02-25,t,,,29,1125
27769538,2026-02-26,t,,,29,1125
27769538,2026-02-27,t,,,29,1125
27769538,2026-02-28,t,,,29,1125
27769538,2026-03-01,t,,,29,1125
27769538,2026-03-02,t,,,29,1125
27769538,2026-03-03,t,,,29,1125
27769538,2026-03-04,t,,,29,1125
27769538,2026-03-05,t,,,29,1125
27769538,2026-03-06,t,,,29,1125
27769538,2026-03-07,t,,,29,1125
27769538,2026-03-08,t,,,29,1125
27769538,2026-03-09,t,,,29,1125
27769538,2026-03-10,t,,,29,1125
27769538,2026-03-11,t,,,29,1125
27769538,2026-03-12,t,,,29,1125
27769538,2026-03-13,t,,,29,1125
27769538,2026-03-14,t,,,29,1125
27769538,2026-03-15,t,,,29,1125
27769538,2026-03-16,t,,,29,1125
27769538,2026-03-17,t,,,29,1125
27769538,2026-03-18,t,,,29,1125
27769538,2026-03-19,t,,,29,1125
27769538,2026-03-20,t,,,29,1125
27769538,2026-03-21,t,,,29,1125
27769538,2026-03-22,t,,,29,1125
27769538,2026-03-23,t,,,29,1125
27769538,2026-03-24,t,,,29,1125
27769538,2026-03-25,t,,,29,1125
27769538,2026-03-26,t,,,29,1125
27769538,2026-03-27,t,,,29,1125
27769538,2026-03-28,t,,,29,1125
27769538,2026-03-29,t,,,29,1125
27769538,2026-03-30,t,,,29,1125
27769538,2026-03-31,t,,,29,1125
27769538,2026-04-01,t,,,29,1125
27769538,2026-04-02,t,,,29,1125
27769538,2026-04-03,t,,,29,1125
27769538,2026-04-04,t,,,29,1125
27769538,2026-04-05,t,,,29,1125
27769538,2026-04-06,t,,,29,1125
27769538,2026-04-07,t,,,29,1125
27769538,2026-04-08,t,,,29,1125
27769538,2026-04-09,t,,,29,1125
27769538,2026-04-10,t,,,29,1125
27769538,2026-04-11,t,,,29,1125
27769538,2026-04-12,t,,,29,1125
27769538,2026-04-13,t,,,29,1125
27769538,2026-04-14,t,,,29,1125
27769538,2026-04-15,t,,,29,1125
27769538,2026-04-16,t,,,29,1125
27769538,2026-04-17,t,,,29,1125
27769538,2026-04-18,t,,,29,1125
27769538,2026-04-19,t,,,29,1125
27769538,2026-04-20,t,,,29,1125
27769538,2026-04-21,t,,,29,1125
27769538,2026-04-22,t,,,29,1125
27769538,2026-04-23,t,,,29,1125
27769538,2026-04-24,t,,,29,1125
27769538,2026-04-25,t,,,29,1125
27769538,2026-04-26,t,,,29,1125
27769538,2026-04-27,t,,,29,1125
27769538,2026-04-28,t,,,29,1125
27769538,2026-04-29,t,,,29,1125
27769538,2026-04-30,t,,,29,1125
27769538,2026-05-01,t,,,29,1125
27769538,2026-05-02,t,,,29,1125
27769538,2026-05-03,t,,,29,1125
27769538,2026-05-04,t,,,29,1125
27769538,2026-05-05,t,,,29,1125
27769538,2026-05-06,t,,,29,1125
27769538,2026-05-07,t,,,29,1125
27769538,2026-05-08,t,,,29,1125
27769538,2026-05-09,t,,,29,1125
27769538,2026-05-10,t,,,29,1125
27769538,2026-05-11,t,,,29,1125
27769538,2026-05-12,t,,,29,1125
27769538,2026-05-13,t,,,29,1125
27769538,2026-05-14,t,,,29,1125
27769538,2026-05-15,t,,,29,1125
27769538,2026-05-16,t,,,29,1125
27769538,2026-05-17,t,,,29,1125
27769538,2026-05-18,t,,,29,1125
27769538,2026-05-19,t,,,29,1125
27769538,2026-05-20,t,,,29,1125
27769538,2026-05-21,t,,,29,1125
27769538,2026-05-22,t,,,29,1125
27769538,2026-05-23,t,,,29,1125
27769538,2026-05-24,t,,,29,1125
27769538,2026-05-25,t,,,29,1125
27769538,2026-05-26,t,,,29,1125
27769538,2026-05-27,t,,,29,1125
27769538,2026-05-28,t,,,29,1125
27769538,2026-05-29,t,,,29,1125
27769538,2026-05-30,t,,,29,1125
27769538,2026-05-31,t,,,29,1125
27769538,2026-06-01,t,,,29,1125
27769538,2026-06-02,t,,,29,1125
27769538,2026-06-03,t,,,29,1125
27769538,2026-06-04,t,,,29,1125
27769538,2026-06-05,t,,,29,1125
27769538,2026-06-06,t,,,29,1125
27769538,2026-06-07,t,,,29,1125
27769538,2026-06-08,t,,,29,1125
27769538,2026-06-09,t,,,29,1125
27769538,2026-06-10,t,,,29,1125
27769538,2026-06-11,t,,,29,1125
27769538,2026-06-12,t,,,29,1125
27769538,2026-06-13,t,,,29,1125
27769538,2026-06-14,t,,,29,1125
27769538,2026-06-15,t,,,29,1125
27769538,2026-06-16,t,,,29,1125
27769538,2026-06-17,t,,,29,1125
27769538,2026-06-18,t,,,29,1125
27769538,2026-06-19,t,,,29,1125
27769538,2026-06-20,t,,,29,1125
27769538,2026-06-21,t,,,29,1125
27769538,2026-06-22,t,,,29,1125
27769538,2026-06-23,t,,,29,1125
30411205,2025-06-24,f,,,5,365
30411205,2025-06-25,f,,,5,365
30411205,2025-06-26,f,,,5,365
30411205,2025-06-27,f,,,5,365
30411205,2025-06-28,f,,,5,365
30411205,2025-06-29,f,,,5,365
30411205,2025-06-30,f,,,5,365
30411205,2025-07-01,f,,,5,365
30411205,2025-07-02,f,,,5,365
30411205,2025-07-03,f,,,5,365
30411205,2025-07-04,f,,,5,365
30411205,2025-07-05,f,,,5,365
30411205,2025-07-06,f,,,5,365
30411205,2025-07-07,f,,,5,365
30411205,2025-07-08,f,,,5,365
30411205,2025-07-09,f,,,5,365
30411205,2025-07-10,f,,,5,365
30411205,2025-07-11,f,,,5,365
30411205,2025-07-12,f,,,5,365
30411205,2025-07-13,f,,,5,365
30411205,2025-07-14,f,,,5,365
30411205,2025-07-15,f,,,5,365
30411205,2025-07-16,f,,,5,365
30411205,2025-07-17,f,,,5,365
30411205,2025-07-18,f,,,5,365
30411205,2025-07-19,f,,,5,365
30411205,2025-07-20,f,,,5,365
30411205,2025-07-21,f,,,5,365
30411205,2025-07-22,f,,,5,365
30411205,2025-07-23,f,,,5,365
30411205,2025-07-24,f,,,5,365
30411205,2025-07-25,f,,,5,365
30411205,2025-07-26,f,,,5,365
30411205,2025-07-27,f,,,5,365
30411205,2025-07-28,f,,,5,365
30411205,2025-07-29,f,,,5,365
30411205,2025-07-30,f,,,5,365
30411205,2025-07-31,f,,,5,365
30411205,2025-08-01,f,,,5,365
30411205,2025-08-02,f,,,5,365
30411205,2025-08-03,f,,,5,365
30411205,2025-08-04,f,,,5,365
30411205,2025-08-05,f,,,5,365
30411205,2025-08-06,f,,,5,365
30411205,2025-08-07,f,,,5,365
30411205,2025-08-08,f,,,5,365
30411205,2025-08-09,f,,,5,365
30411205,2025-08-10,f,,,5,365
30411205,2025-08-11,f,,,5,365
30411205,2025-08-12,f,,,5,365
30411205,2025-08-13,f,,,5,365
30411205,2025-08-14,f,,,5,365
30411205,2025-08-15,f,,,5,365
30411205,2025-08-16,f,,,5,365
30411205,2025-08-17,f,,,5,365
30411205,2025-08-18,f,,,5,365
30411205,2025-08-19,f,,,5,365
30411205,2025-08-20,f,,,5,365
30411205,2025-08-21,f,,,5,365
30411205,2025-08-22,f,,,5,365
30411205,2025-08-23,f,,,5,365
30411205,2025-08-24,f,,,5,365
30411205,2025-08-25,f,,,5,365
30411205,2025-08-26,f,,,5,365
30411205,2025-08-27,f,,,5,365
30411205,2025-08-28,f,,,5,365
30411205,2025-08-29,f,,,5,365
30411205,2025-08-30,f,,,5,365
30411205,2025-08-31,f,,,5,365
30411205,2025-09-01,f,,,5,365
30411205,2025-09-02,f,,,5,365
30411205,2025-09-03,f,,,5,365
30411205,2025-09-04,f,,,5,365
30411205,2025-09-05,f,,,5,365
30411205,2025-09-06,f,,,5,365
30411205,2025-09-07,f,,,5,365
30411205,2025-09-08,f,,,5,365
30411205,2025-09-09,f,,,5,365
30411205,2025-09-10,f,,,5,365
30411205,2025-09-11,f,,,5,365
30411205,2025-09-12,f,,,5,365
30411205,2025-09-13,f,,,5,365
30411205,2025-09-14,f,,,5,365
30411205,2025-09-15,f,,,5,365
30411205,2025-09-16,f,,,5,365
30411205,2025-09-17,f,,,5,365
30411205,2025-09-18,f,,,5,365
30411205,2025-09-19,f,,,5,365
30411205,2025-09-20,f,,,5,365
30411205,2025-09-21,f,,,5,365
30411205,2025-09-22,f,,,5,365
30411205,2025-09-23,f,,,5,365
30411205,2025-09-24,f,,,5,365
30411205,2025-09-25,f,,,5,365
30411205,2025-09-26,f,,,5,365
30411205,2025-09-27,f,,,5,365
30411205,2025-09-28,f,,,5,365
30411205,2025-09-29,f,,,5,365
30411205,2025-09-30,f,,,5,365
30411205,2025-10-01,f,,,5,365
30411205,2025-10-02,f,,,5,365
30411205,2025-10-03,f,,,5,365
30411205,2025-10-04,f,,,5,365
30411205,2025-10-05,f,,,5,365
30411205,2025-10-06,f,,,5,365
30411205,2025-10-07,f,,,5,365
30411205,2025-10-08,f,,,5,365
30411205,2025-10-09,f,,,5,365
30411205,2025-10-10,f,,,5,365
30411205,2025-10-11,f,,,5,365
30411205,2025-10-12,f,,,5,365
30411205,2025-10-13,f,,,5,365
30411205,2025-10-14,f,,,5,365
30411205,2025-10-15,f,,,5,365
30411205,2025-10-16,f,,,5,365
30411205,2025-10-17,f,,,5,365
30411205,2025-10-18,f,,,5,365
30411205,2025-10-19,f,,,5,365
30411205,2025-10-20,f,,,5,365
30411205,2025-10-21,f,,,5,365
30411205,2025-10-22,f,,,5,365
30411205,2025-10-23,f,,,5,365
30411205,2025-10-24,f,,,5,365
30411205,2025-10-25,f,,,5,365
30411205,2025-10-26,f,,,5,365
30411205,2025-10-27,f,,,5,365
30411205,2025-10-28,f,,,5,365
30411205,2025-10-29,f,,,5,365
30411205,2025-10-30,f,,,5,365
30411205,2025-10-31,f,,,5,365
30411205,2025-11-01,f,,,5,365
30411205,2025-11-02,f,,,5,365
30411205,2025-11-03,f,,,5,365
30411205,2025-11-04,f,,,5,365
30411205,2025-11-05,f,,,5,365
30411205,2025-11-06,f,,,5,365
30411205,2025-11-07,f,,,5,365
30411205,2025-11-08,f,,,5,365
30411205,2025-11-09,f,,,5,365
30411205,2025-11-10,f,,,5,365
30411205,2025-11-11,f,,,5,365
30411205,2025-11-12,f,,,5,365
30411205,2025-11-13,f,,,5,365
30411205,2025-11-14,f,,,5,365
30411205,2025-11-15,f,,,5,365
30411205,2025-11-16,f,,,5,365
30411205,2025-11-17,f,,,5,365
30411205,2025-11-18,f,,,5,365
30411205,2025-11-19,f,,,5,365
30411205,2025-11-20,f,,,5,365
30411205,2025-11-21,f,,,5,365
30411205,2025-11-22,f,,,5,365
30411205,2025-11-23,f,,,5,365
30411205,2025-11-24,f,,,5,365
30411205,2025-11-25,f,,,5,365
30411205,2025-11-26,f,,,5,365
30411205,2025-11-27,f,,,5,365
30411205,2025-11-28,f,,,5,365
30411205,2025-11-29,f,,,5,365
30411205,2025-11-30,f,,,5,365
30411205,2025-12-01,f,,,5,365
30411205,2025-12-02,f,,,5,365
30411205,2025-12-03,f,,,5,365
30411205,2025-12-04,f,,,5,365
30411205,2025-12-05,f,,,5,365
30411205,2025-12-06,f,,,5,365
30411205,2025-12-07,f,,,5,365
30411205,2025-12-08,f,,,5,365
30411205,2025-12-09,f,,,5,365
30411205,2025-12-10,f,,,5,365
30411205,2025-12-11,f,,,5,365
30411205,2025-12-12,f,,,5,365
30411205,2025-12-13,f,,,5,365
30411205,2025-12-14,f,,,5,365
30411205,2025-12-15,f,,,5,365
30411205,2025-12-16,f,,,5,365
30411205,2025-12-17,f,,,5,365
30411205,2025-12-18,f,,,5,365
30411205,2025-12-19,f,,,5,365
30411205,2025-12-20,f,,,5,365
30411205,2025-12-21,f,,,5,365
30411205,2025-12-22,f,,,5,365
30411205,2025-12-23,f,,,5,365
30411205,2025-12-24,f,,,5,365
30411205,2025-12-25,f,,,5,365
30411205,2025-12-26,f,,,5,365
30411205,2025-12-27,f,,,5,365
30411205,2025-12-28,f,,,5,365
30411205,2025-12-29,f,,,5,365
30411205,2025-12-30,f,,,5,365
30411205,2025-12-31,f,,,5,365
30411205,2026-01-01,f,,,5,365
30411205,2026-01-02,f,,,5,365
30411205,2026-01-03,f,,,5,365
30411205,2026-01-04,f,,,5,365
30411205,2026-01-05,f,,,5,365
30411205,2026-01-06,f,,,5,365
30411205,2026-01-07,f,,,5,365
30411205,2026-01-08,f,,,5,365
30411205,2026-01-09,f,,,5,365
30411205,2026-01-10,f,,,5,365
30411205,2026-01-11,f,,,5,365
30411205,2026-01-12,f,,,5,365
30411205,2026-01-13,f,,,5,365
30411205,2026-01-14,f,,,5,365
30411205,2026-01-15,f,,,5,365
30411205,2026-01-16,f,,,5,365
30411205,2026-01-17,f,,,5,365
30411205,2026-01-18,f,,,5,365
30411205,2026-01-19,f,,,5,365
30411205,2026-01-20,f,,,5,365
30411205,2026-01-21,f,,,5,365
30411205,2026-01-22,f,,,5,365
30411205,2026-01-23,f,,,5,365
30411205,2026-01-24,f,,,5,365
30411205,2026-01-25,f,,,5,365
30411205,2026-01-26,f,,,5,365
30411205,2026-01-27,f,,,5,365
30411205,2026-01-28,f,,,5,365
30411205,2026-01-29,f,,,5,365
30411205,2026-01-30,f,,,5,365
30411205,2026-01-31,f,,,5,365
30411205,2026-02-01,f,,,5,365
30411205,2026-02-02,f,,,5,365
30411205,2026-02-03,f,,,5,365
30411205,2026-02-04,f,,,5,365
30411205,2026-02-05,f,,,5,365
30411205,2026-02-06,f,,,5,365
30411205,2026-02-07,f,,,5,365
30411205,2026-02-08,f,,,5,365
30411205,2026-02-09,f,,,5,365
30411205,2026-02-10,f,,,5,365
30411205,2026-02-11,f,,,5,365
30411205,2026-02-12,f,,,5,365
30411205,2026-02-13,f,,,5,365
30411205,2026-02-14,f,,,5,365
30411205,2026-02-15,f,,,5,365
30411205,2026-02-16,f,,,5,365
30411205,2026-02-17,f,,,5,365
30411205,2026-02-18,f,,,5,365
30411205,2026-02-19,f,,,5,365
30411205,2026-02-20,f,,,5,365
30411205,2026-02-21,f,,,5,365
30411205,2026-02-22,f,,,5,365
30411205,2026-02-23,f,,,5,365
30411205,2026-02-24,f,,,5,365
30411205,2026-02-25,f,,,5,365
30411205,2026-02-26,f,,,5,365
30411205,2026-02-27,f,,,5,365
30411205,2026-02-28,f,,,5,365
30411205,2026-03-01,f,,,5,365
30411205,2026-03-02,f,,,5,365
30411205,2026-03-03,f,,,5,365
30411205,2026-03-04,f,,,5,365
30411205,2026-03-05,f,,,5,365
30411205,2026-03-06,f,,,5,365
30411205,2026-03-07,f,,,5,365
30411205,2026-03-08,f,,,5,365
30411205,2026-03-09,f,,,5,365
30411205,2026-03-10,f,,,5,365
30411205,2026-03-11,f,,,5,365
30411205,2026-03-12,f,,,5,365
30411205,2026-03-13,f,,,5,365
30411205,2026-03-14,f,,,5,365
30411205,2026-03-15,f,,,5,365
30411205,2026-03-16,f,,,5,365
30411205,2026-03-17,f,,,5,365
30411205,2026-03-18,f,,,5,365
30411205,2026-03-19,f,,,5,365
30411205,2026-03-20,f,,,5,365
30411205,2026-03-21,f,,,5,365
30411205,2026-03-22,f,,,5,365
30411205,2026-03-23,f,,,5,365
30411205,2026-03-24,f,,,5,365
30411205,2026-03-25,f,,,5,365
30411205,2026-03-26,f,,,5,365
30411205,2026-03-27,f,,,5,365
30411205,2026-03-28,f,,,5,365
30411205,2026-03-29,f,,,5,365
30411205,2026-03-30,f,,,5,365
30411205,2026-03-31,f,,,5,365
30411205,2026-04-01,f,,,5,365
30411205,2026-04-02,f,,,5,365
30411205,2026-04-03,f,,,5,365
30411205,2026-04-04,f,,,5,365
30411205,2026-04-05,f,,,5,365
30411205,2026-04-06,f,,,5,365
30411205,2026-04-07,f,,,5,365
30411205,2026-04-08,f,,,5,365
30411205,2026-04-09,f,,,5,365
30411205,2026-04-10,f,,,5,365
30411205,2026-04-11,f,,,5,365
30411205,2026-04-12,f,,,5,365
30411205,2026-04-13,f,,,5,365
30411205,2026-04-14,f,,,5,365
30411205,2026-04-15,f,,,5,365
30411205,2026-04-16,f,,,5,365
30411205,2026-04-17,f,,,5,365
30411205,2026-04-18,f,,,5,365
30411205,2026-04-19,f,,,5,365
30411205,2026-04-20,f,,,5,365
30411205,2026-04-21,f,,,5,365
30411205,2026-04-22,f,,,5,365
30411205,2026-04-23,f,,,5,365
30411205,2026-04-24,f,,,5,365
30411205,2026-04-25,f,,,5,365
30411205,2026-04-26,f,,,5,365
30411205,2026-04-27,f,,,5,365
30411205,2026-04-28,f,,,5,365
30411205,2026-04-29,f,,,5,365
30411205,2026-04-30,f,,,5,365
30411205,2026-05-01,f,,,5,365
30411205,2026-05-02,f,,,5,365
30411205,2026-05-03,f,,,5,365
30411205,2026-05-04,f,,,5,365
30411205,2026-05-05,f,,,5,365
30411205,2026-05-06,f,,,5,365
30411205,2026-05-07,f,,,5,365
30411205,2026-05-08,f,,,5,365
30411205,2026-05-09,f,,,5,365
30411205,2026-05-10,f,,,5,365
30411205,2026-05-11,f,,,5,365
30411205,2026-05-12,f,,,5,365
30411205,2026-05-13,f,,,5,365
30411205,2026-05-14,f,,,5,365
30411205,2026-05-15,f,,,5,365
30411205,2026-05-16,f,,,5,365
30411205,2026-05-17,f,,,5,365
30411205,2026-05-18,f,,,5,365
30411205,2026-05-19,f,,,5,365
30411205,2026-05-20,f,,,5,365
30411205,2026-05-21,f,,,5,365
30411205,2026-05-22,f,,,5,365
30411205,2026-05-23,f,,,5,365
30411205,2026-05-24,f,,,5,365
30411205,2026-05-25,f,,,5,365
30411205,2026-05-26,f,,,5,365
30411205,2026-05-27,f,,,5,365
30411205,2026-05-28,f,,,5,365
30411205,2026-05-29,f,,,5,365
30411205,2026-05-30,f,,,5,365
30411205,2026-05-31,f,,,5,365
30411205,2026-06-01,f,,,5,365
30411205,2026-06-02,f,,,5,365
30411205,2026-06-03,f,,,5,365
30411205,2026-06-04,f,,,5,365
30411205,2026-06-05,f,,,5,365
30411205,2026-06-06,f,,,5,365
30411205,2026-06-07,f,,,5,365
30411205,2026-06-08,f,,,5,365
30411205,2026-06-09,f,,,5,365
30411205,2026-06-10,f,,,5,365
30411205,2026-06-11,f,,,5,365
30411205,2026-06-12,f,,,5,365
30411205,2026-06-13,f,,,5,365
30411205,2026-06-14,f,,,5,365
30411205,2026-06-15,f,,,5,365
30411205,2026-06-16,f,,,5,365
30411205,2026-06-17,f,,,5,365
30411205,2026-06-18,f,,,5,365
30411205,2026-06-19,f,,,5,365
30411205,2026-06-20,f,,,5,365
30411205,2026-06-21,f,,,5,365
30411205,2026-06-22,f,,,5,365
30411205,2026-06-23,f,,,5,365
31662448,2025-06-24,f,,,28,1125
31662448,2025-06-25,t,,,28,1125
31662448,2025-06-26,t,,,28,1125
31662448,2025-06-27,t,,,28,1125
31662448,2025-06-28,t,,,28,1125
31662448,2025-06-29,t,,,28,1125
31662448,2025-06-30,t,,,28,1125
31662448,2025-07-01,t,,,28,1125
31662448,2025-07-02,t,,,28,1125
31662448,2025-07-03,t,,,28,1125
31662448,2025-07-04,t,,,28,1125
31662448,2025-07-05,t,,,28,1125
31662448,2025-07-06,t,,,28,1125
31662448,2025-07-07,t,,,28,1125
31662448,2025-07-08,t,,,28,1125
31662448,2025-07-09,t,,,28,1125
31662448,2025-07-10,t,,,28,1125
31662448,2025-07-11,t,,,28,1125
31662448,2025-07-12,t,,,28,1125
31662448,2025-07-13,t,,,28,1125
31662448,2025-07-14,t,,,28,1125
31662448,2025-07-15,t,,,28,1125
31662448,2025-07-16,t,,,28,1125
31662448,2025-07-17,t,,,28,1125
31662448,2025-07-18,t,,,28,1125
31662448,2025-07-19,t,,,28,1125
31662448,2025-07-20,t,,,28,1125
31662448,2025-07-21,t,,,28,1125
31662448,2025-07-22,t,,,28,1125
31662448,2025-07-23,t,,,28,1125
31662448,2025-07-24,t,,,28,1125
31662448,2025-07-25,t,,,28,1125
31662448,2025-07-26,t,,,28,1125
31662448,2025-07-27,t,,,28,1125
31662448,2025-07-28,t,,,28,1125
31662448,2025-07-29,t,,,28,1125
31662448,2025-07-30,t,,,28,1125
31662448,2025-07-31,t,,,28,1125
31662448,2025-08-01,t,,,28,1125
31662448,2025-08-02,t,,,28,1125
31662448,2025-08-03,t,,,28,1125
31662448,2025-08-04,t,,,28,1125
31662448,2025-08-05,t,,,28,1125
31662448,2025-08-06,t,,,28,1125
31662448,2025-08-07,t,,,28,1125
31662448,2025-08-08,t,,,28,1125
31662448,2025-08-09,t,,,28,1125
31662448,2025-08-10,t,,,28,1125
31662448,2025-08-11,t,,,28,1125
31662448,2025-08-12,t,,,28,1125
31662448,2025-08-13,t,,,28,1125
31662448,2025-08-14,t,,,28,1125
31662448,2025-08-15,t,,,28,1125
31662448,2025-08-16,t,,,28,1125
31662448,2025-08-17,t,,,28,1125
31662448,2025-08-18,t,,,28,1125
31662448,2025-08-19,t,,,28,1125
31662448,2025-08-20,t,,,28,1125
31662448,2025-08-21,t,,,28,1125
31662448,2025-08-22,t,,,28,1125
31662448,2025-08-23,t,,,28,1125
31662448,2025-08-24,t,,,28,1125
31662448,2025-08-25,t,,,28,1125
31662448,2025-08-26,t,,,28,1125
31662448,2025-08-27,t,,,28,1125
31662448,2025-08-28,t,,,28,1125
31662448,2025-08-29,t,,,28,1125
31662448,2025-08-30,t,,,28,1125
31662448,2025-08-31,t,,,28,1125
31662448,2025-09-01,t,,,28,1125
31662448,2025-09-02,t,,,28,1125
31662448,2025-09-03,t,,,28,1125
31662448,2025-09-04,t,,,28,1125
31662448,2025-09-05,t,,,28,1125
31662448,2025-09-06,t,,,28,1125
31662448,2025-09-07,t,,,28,1125
31662448,2025-09-08,t,,,28,1125
31662448,2025-09-09,t,,,28,1125
31662448,2025-09-10,t,,,28,1125
31662448,2025-09-11,t,,,28,1125
31662448,2025-09-12,t,,,28,1125
31662448,2025-09-13,t,,,28,1125
31662448,2025-09-14,t,,,28,1125
31662448,2025-09-15,t,,,28,1125
31662448,2025-09-16,t,,,28,1125
31662448,2025-09-17,t,,,28,1125
31662448,2025-09-18,t,,,28,1125
31662448,2025-09-19,t,,,28,1125
31662448,2025-09-20,t,,,28,1125
31662448,2025-09-21,t,,,28,1125
31662448,2025-09-22,t,,,28,1125
31662448,2025-09-23,t,,,28,1125
31662448,2025-09-24,t,,,28,1125
31662448,2025-09-25,t,,,28,1125
31662448,2025-09-26,t,,,28,1125
31662448,2025-09-27,t,,,28,1125
31662448,2025-09-28,t,,,28,1125
31662448,2025-09-29,t,,,28,1125
31662448,2025-09-30,t,,,28,1125
31662448,2025-10-01,t,,,28,1125
31662448,2025-10-02,t,,,28,1125
31662448,2025-10-03,t,,,28,1125
31662448,2025-10-04,t,,,28,1125
31662448,2025-10-05,t,,,28,1125
31662448,2025-10-06,t,,,28,1125
31662448,2025-10-07,t,,,28,1125
31662448,2025-10-08,t,,,28,1125
31662448,2025-10-09,t,,,28,1125
31662448,2025-10-10,t,,,28,1125
31662448,2025-10-11,t,,,28,1125
31662448,2025-10-12,t,,,28,1125
31662448,2025-10-13,t,,,28,1125
31662448,2025-10-14,t,,,28,1125
31662448,2025-10-15,t,,,28,1125
31662448,2025-10-16,t,,,28,1125
31662448,2025-10-17,t,,,28,1125
31662448,2025-10-18,t,,,28,1125
31662448,2025-10-19,t,,,28,1125
31662448,2025-10-20,t,,,28,1125
31662448,2025-10-21,t,,,28,1125
31662448,2025-10-22,t,,,28,1125
31662448,2025-10-23,t,,,28,1125
31662448,2025-10-24,t,,,28,1125
31662448,2025-10-25,t,,,28,1125
31662448,2025-10-26,t,,,28,1125
31662448,2025-10-27,t,,,28,1125
31662448,2025-10-28,t,,,28,1125
31662448,2025-10-29,t,,,28,1125
31662448,2025-10-30,t,,,28,1125
31662448,2025-10-31,t,,,28,1125
31662448,2025-11-01,t,,,28,1125
31662448,2025-11-02,t,,,28,1125
31662448,2025-11-03,t,,,28,1125
31662448,2025-11-04,t,,,28,1125
31662448,2025-11-05,t,,,28,1125
31662448,2025-11-06,t,,,28,1125
31662448,2025-11-07,t,,,28,1125
31662448,2025-11-08,t,,,28,1125
31662448,2025-11-09,t,,,28,1125
31662448,2025-11-10,t,,,28,1125
31662448,2025-11-11,t,,,28,1125
31662448,2025-11-12,t,,,28,1125
31662448,2025-11-13,t,,,28,1125
31662448,2025-11-14,t,,,28,1125
31662448,2025-11-15,t,,,28,1125
31662448,2025-11-16,t,,,28,1125
31662448,2025-11-17,t,,,28,1125
31662448,2025-11-18,t,,,28,1125
31662448,2025-11-19,t,,,28,1125
31662448,2025-11-20,t,,,28,1125
31662448,2025-11-21,t,,,28,1125
31662448,2025-11-22,t,,,28,1125
31662448,2025-11-23,t,,,28,1125
31662448,2025-11-24,t,,,28,1125
31662448,2025-11-25,t,,,28,1125
31662448,2025-11-26,t,,,28,1125
31662448,2025-11-27,t,,,28,1125
31662448,2025-11-28,t,,,28,1125
31662448,2025-11-29,t,,,28,1125
31662448,2025-11-30,t,,,28,1125
31662448,2025-12-01,t,,,28,1125
31662448,2025-12-02,t,,,28,1125
31662448,2025-12-03,t,,,28,1125
31662448,2025-12-04,t,,,28,1125
31662448,2025-12-05,t,,,28,1125
31662448,2025-12-06,t,,,28,1125
31662448,2025-12-07,t,,,28,1125
31662448,2025-12-08,t,,,28,1125
31662448,2025-12-09,t,,,28,1125
31662448,2025-12-10,t,,,28,1125
31662448,2025-12-11,t,,,28,1125
31662448,2025-12-12,t,,,28,1125
31662448,2025-12-13,t,,,28,1125
31662448,2025-12-14,t,,,28,1125
31662448,2025-12-15,t,,,28,1125
31662448,2025-12-16,t,,,28,1125
31662448,2025-12-17,t,,,28,1125
31662448,2025-12-18,t,,,28,1125
31662448,2025-12-19,t,,,28,1125
31662448,2025-12-20,t,,,28,1125
31662448,2025-12-21,t,,,28,1125
31662448,2025-12-22,t,,,28,1125
31662448,2025-12-23,t,,,28,1125
31662448,2025-12-24,t,,,28,1125
31662448,2025-12-25,t,,,28,1125
31662448,2025-12-26,t,,,28,1125
31662448,2025-12-27,t,,,28,1125
31662448,2025-12-28,t,,,28,1125
31662448,2025-12-29,t,,,28,1125
31662448,2025-12-30,t,,,28,1125
31662448,2025-12-31,t,,,28,1125
31662448,2026-01-01,t,,,28,1125
31662448,2026-01-02,t,,,28,1125
31662448,2026-01-03,t,,,28,1125
31662448,2026-01-04,t,,,28,1125
31662448,2026-01-05,t,,,28,1125
31662448,2026-01-06,t,,,28,1125
31662448,2026-01-07,t,,,28,1125
31662448,2026-01-08,t,,,28,1125
31662448,2026-01-09,t,,,28,1125
31662448,2026-01-10,t,,,28,1125
31662448,2026-01-11,t,,,28,1125
31662448,2026-01-12,t,,,28,1125
31662448,2026-01-13,t,,,28,1125
31662448,2026-01-14,t,,,28,1125
31662448,2026-01-15,t,,,28,1125
31662448,2026-01-16,t,,,28,1125
31662448,2026-01-17,t,,,28,1125
31662448,2026-01-18,t,,,28,1125
31662448,2026-01-19,t,,,28,1125
31662448,2026-01-20,t,,,28,1125
31662448,2026-01-21,t,,,28,1125
31662448,2026-01-22,t,,,28,1125
31662448,2026-01-23,t,,,28,1125
31662448,2026-01-24,t,,,28,1125
31662448,2026-01-25,t,,,28,1125
31662448,2026-01-26,t,,,28,1125
31662448,2026-01-27,t,,,28,1125
31662448,2026-01-28,t,,,28,1125
31662448,2026-01-29,t,,,28,1125
31662448,2026-01-30,t,,,28,1125
31662448,2026-01-31,t,,,28,1125
31662448,2026-02-01,t,,,28,1125
31662448,2026-02-02,t,,,28,1125
31662448,2026-02-03,t,,,28,1125
31662448,2026-02-04,t,,,28,1125
31662448,2026-02-05,t,,,28,1125
31662448,2026-02-06,t,,,28,1125
31662448,2026-02-07,t,,,28,1125
31662448,2026-02-08,t,,,28,1125
31662448,2026-02-09,t,,,28,1125
31662448,2026-02-10,t,,,28,1125
31662448,2026-02-11,t,,,28,1125
31662448,2026-02-12,t,,,28,1125
31662448,2026-02-13,t,,,28,1125
31662448,2026-02-14,t,,,28,1125
31662448,2026-02-15,t,,,28,1125
31662448,2026-02-16,t,,,28,1125
31662448,2026-02-17,t,,,28,1125
31662448,2026-02-18,t,,,28,1125
31662448,2026-02-19,t,,,28,1125
31662448,2026-02-20,t,,,28,1125
31662448,2026-02-21,t,,,28,1125
31662448,2026-02-22,t,,,28,1125
31662448,2026-02-23,t,,,28,1125
31662448,2026-02-24,t,,,28,1125
31662448,2026-02-25,t,,,28,1125
31662448,2026-02-26,t,,,28,1125
31662448,2026-02-27,t,,,28,1125
31662448,2026-02-28,t,,,28,1125
31662448,2026-03-01,t,,,28,1125
31662448,2026-03-02,t,,,28,1125
31662448,2026-03-03,t,,,28,1125
31662448,2026-03-04,t,,,28,1125
31662448,2026-03-05,t,,,28,1125
31662448,2026-03-06,t,,,28,1125
31662448,2026-03-07,t,,,28,1125
31662448,2026-03-08,t,,,28,1125
31662448,2026-03-09,t,,,28,1125
31662448,2026-03-10,t,,,28,1125
31662448,2026-03-11,t,,,28,1125
31662448,2026-03-12,t,,,28,1125
31662448,2026-03-13,t,,,28,1125
31662448,2026-03-14,t,,,28,1125
31662448,2026-03-15,t,,,28,1125
31662448,2026-03-16,t,,,28,1125
31662448,2026-03-17,t,,,28,1125
31662448,2026-03-18,t,,,28,1125
31662448,2026-03-19,t,,,28,1125
31662448,2026-03-20,t,,,28,1125
31662448,2026-03-21,t,,,28,1125
31662448,2026-03-22,f,,,28,1125
31662448,2026-03-23,f,,,28,1125
31662448,2026-03-24,f,,,28,1125
31662448,2026-03-25,f,,,28,1125
31662448,2026-03-26,f,,,28,1125
31662448,2026-03-27,f,,,28,1125
31662448,2026-03-28,f,,,28,1125
31662448,2026-03-29,f,,,28,1125
31662448,2026-03-30,f,,,28,1125
31662448,2026-03-31,f,,,28,1125
31662448,2026-04-01,f,,,28,1125
31662448,2026-04-02,f,,,28,1125
31662448,2026-04-03,f,,,28,1125
31662448,2026-04-04,f,,,28,1125
31662448,2026-04-05,f,,,28,1125
31662448,2026-04-06,f,,,28,1125
31662448,2026-04-07,f,,,28,1125
31662448,2026-04-08,f,,,28,1125
31662448,2026-04-09,f,,,28,1125
31662448,2026-04-10,f,,,28,1125
31662448,2026-04-11,f,,,28,1125
31662448,2026-04-12,f,,,28,1125
31662448,2026-04-13,f,,,28,1125
31662448,2026-04-14,f,,,28,1125
31662448,2026-04-15,f,,,28,1125
31662448,2026-04-16,f,,,28,1125
31662448,2026-04-17,f,,,28,1125
31662448,2026-04-18,f,,,28,1125
31662448,2026-04-19,f,,,28,1125
31662448,2026-04-20,f,,,28,1125
31662448,2026-04-21,f,,,28,1125
31662448,2026-04-22,f,,,28,1125
31662448,2026-04-23,f,,,28,1125
31662448,2026-04-24,f,,,28,1125
31662448,2026-04-25,f,,,28,1125
31662448,2026-04-26,f,,,28,1125
31662448,2026-04-27,f,,,28,1125
31662448,2026-04-28,f,,,28,1125
31662448,2026-04-29,f,,,28,1125
31662448,2026-04-30,f,,,28,1125
31662448,2026-05-01,f,,,28,1125
31662448,2026-05-02,f,,,28,1125
31662448,2026-05-03,f,,,28,1125
31662448,2026-05-04,f,,,28,1125
31662448,2026-05-05,f,,,28,1125
31662448,2026-05-06,f,,,28,1125
31662448,2026-05-07,f,,,28,1125
31662448,2026-05-08,f,,,28,1125
31662448,2026-05-09,f,,,28,1125
31662448,2026-05-10,f,,,28,1125
31662448,2026-05-11,f,,,28,1125
31662448,2026-05-12,f,,,28,1125
31662448,2026-05-13,f,,,28,1125
31662448,2026-05-14,f,,,28,1125
31662448,2026-05-15,f,,,28,1125
31662448,2026-05-16,f,,,28,1125
31662448,2026-05-17,f,,,28,1125
31662448,2026-05-18,f,,,28,1125
31662448,2026-05-19,f,,,28,1125
31662448,2026-05-20,f,,,28,1125
31662448,2026-05-21,f,,,28,1125
31662448,2026-05-22,f,,,28,1125
31662448,2026-05-23,f,,,28,1125
31662448,2026-05-24,f,,,28,1125
31662448,2026-05-25,f,,,28,1125
31662448,2026-05-26,f,,,28,1125
31662448,2026-05-27,f,,,28,1125
31662448,2026-05-28,f,,,28,1125
31662448,2026-05-29,f,,,28,1125
31662448,2026-05-30,f,,,28,1125
31662448,2026-05-31,f,,,28,1125
31662448,2026-06-01,f,,,28,1125
31662448,2026-06-02,f,,,28,1125
31662448,2026-06-03,f,,,28,1125
31662448,2026-06-04,f,,,28,1125
31662448,2026-06-05,f,,,28,1125
31662448,2026-06-06,f,,,28,1125
31662448,2026-06-07,f,,,28,1125
31662448,2026-06-08,f,,,28,1125
31662448,2026-06-09,f,,,28,1125
31662448,2026-06-10,f,,,28,1125
31662448,2026-06-11,f,,,28,1125
31662448,2026-06-12,f,,,28,1125
31662448,2026-06-13,f,,,28,1125
31662448,2026-06-14,f,,,28,1125
31662448,2026-06-15,f,,,28,1125
31662448,2026-06-16,f,,,28,1125
31662448,2026-06-17,f,,,28,1125
31662448,2026-06-18,f,,,28,1125
31662448,2026-06-19,f,,,28,1125
31662448,2026-06-20,f,,,28,1125
31662448,2026-06-21,f,,,28,1125
31662448,2026-06-22,f,,,28,1125
31662448,2026-06-23,f,,,28,1125
33702846,2025-06-24,f,,,28,1125
33702846,2025-06-25,f,,,28,1125
33702846,2025-06-26,t,,,28,1125
33702846,2025-06-27,t,,,28,1125
33702846,2025-06-28,t,,,28,1125
33702846,2025-06-29,t,,,28,1125
33702846,2025-06-30,t,,,28,1125
33702846,2025-07-01,t,,,28,1125
33702846,2025-07-02,t,,,28,1125
33702846,2025-07-03,t,,,28,1125
33702846,2025-07-04,t,,,28,1125
33702846,2025-07-05,t,,,28,1125
33702846,2025-07-06,t,,,28,1125
33702846,2025-07-07,t,,,28,1125
33702846,2025-07-08,t,,,28,1125
33702846,2025-07-09,t,,,28,1125
33702846,2025-07-10,t,,,28,1125
33702846,2025-07-11,t,,,28,1125
33702846,2025-07-12,t,,,28,1125
33702846,2025-07-13,t,,,28,1125
33702846,2025-07-14,t,,,28,1125
33702846,2025-07-15,t,,,28,1125
33702846,2025-07-16,t,,,28,1125
33702846,2025-07-17,t,,,28,1125
33702846,2025-07-18,t,,,28,1125
33702846,2025-07-19,t,,,28,1125
33702846,2025-07-20,t,,,28,1125
33702846,2025-07-21,t,,,28,1125
33702846,2025-07-22,t,,,28,1125
33702846,2025-07-23,t,,,28,1125
33702846,2025-07-24,t,,,28,1125
33702846,2025-07-25,t,,,28,1125
33702846,2025-07-26,t,,,28,1125
33702846,2025-07-27,t,,,28,1125
33702846,2025-07-28,t,,,28,1125
33702846,2025-07-29,t,,,28,1125
33702846,2025-07-30,t,,,28,1125
33702846,2025-07-31,t,,,28,1125
33702846,2025-08-01,t,,,28,1125
33702846,2025-08-02,t,,,28,1125
33702846,2025-08-03,t,,,28,1125
33702846,2025-08-04,t,,,28,1125
33702846,2025-08-05,t,,,28,1125
33702846,2025-08-06,t,,,28,1125
33702846,2025-08-07,t,,,28,1125
33702846,2025-08-08,t,,,28,1125
33702846,2025-08-09,t,,,28,1125
33702846,2025-08-10,t,,,28,1125
33702846,2025-08-11,t,,,28,1125
33702846,2025-08-12,t,,,28,1125
33702846,2025-08-13,t,,,28,1125
33702846,2025-08-14,t,,,28,1125
33702846,2025-08-15,t,,,28,1125
33702846,2025-08-16,t,,,28,1125
33702846,2025-08-17,t,,,28,1125
33702846,2025-08-18,t,,,28,1125
33702846,2025-08-19,t,,,28,1125
33702846,2025-08-20,t,,,28,1125
33702846,2025-08-21,t,,,28,1125
33702846,2025-08-22,t,,,28,1125
33702846,2025-08-23,t,,,28,1125
33702846,2025-08-24,t,,,28,1125
33702846,2025-08-25,t,,,28,1125
33702846,2025-08-26,t,,,28,1125
33702846,2025-08-27,t,,,28,1125
33702846,2025-08-28,t,,,28,1125
33702846,2025-08-29,t,,,28,1125
33702846,2025-08-30,t,,,28,1125
33702846,2025-08-31,t,,,28,1125
33702846,2025-09-01,t,,,28,1125
33702846,2025-09-02,t,,,28,1125
33702846,2025-09-03,t,,,28,1125
33702846,2025-09-04,t,,,28,1125
33702846,2025-09-05,t,,,28,1125
33702846,2025-09-06,t,,,28,1125
33702846,2025-09-07,t,,,28,1125
33702846,2025-09-08,t,,,28,1125
33702846,2025-09-09,t,,,28,1125
33702846,2025-09-10,t,,,28,1125
33702846,2025-09-11,t,,,28,1125
33702846,2025-09-12,t,,,28,1125
33702846,2025-09-13,t,,,28,1125
33702846,2025-09-14,t,,,28,1125
33702846,2025-09-15,t,,,28,1125
33702846,2025-09-16,t,,,28,1125
33702846,2025-09-17,t,,,28,1125
33702846,2025-09-18,t,,,28,1125
33702846,2025-09-19,t,,,28,1125
33702846,2025-09-20,t,,,28,1125
33702846,2025-09-21,t,,,28,1125
33702846,2025-09-22,t,,,28,1125
33702846,2025-09-23,t,,,28,1125
33702846,2025-09-24,t,,,28,1125
33702846,2025-09-25,t,,,28,1125
33702846,2025-09-26,t,,,28,1125
33702846,2025-09-27,t,,,28,1125
33702846,2025-09-28,t,,,28,1125
33702846,2025-09-29,t,,,28,1125
33702846,2025-09-30,t,,,28,1125
33702846,2025-10-01,t,,,28,1125
33702846,2025-10-02,t,,,28,1125
33702846,2025-10-03,t,,,28,1125
33702846,2025-10-04,t,,,28,1125
33702846,2025-10-05,t,,,28,1125
33702846,2025-10-06,t,,,28,1125
33702846,2025-10-07,t,,,28,1125
33702846,2025-10-08,t,,,28,1125
33702846,2025-10-09,t,,,28,1125
33702846,2025-10-10,t,,,28,1125
33702846,2025-10-11,t,,,28,1125
33702846,2025-10-12,t,,,28,1125
33702846,2025-10-13,t,,,28,1125
33702846,2025-10-14,t,,,28,1125
33702846,2025-10-15,t,,,28,1125
33702846,2025-10-16,t,,,28,1125
33702846,2025-10-17,t,,,28,1125
33702846,2025-10-18,t,,,28,1125
33702846,2025-10-19,t,,,28,1125
33702846,2025-10-20,t,,,28,1125
33702846,2025-10-21,t,,,28,1125
33702846,2025-10-22,t,,,28,1125
33702846,2025-10-23,t,,,28,1125
33702846,2025-10-24,t,,,28,1125
33702846,2025-10-25,t,,,28,1125
33702846,2025-10-26,t,,,28,1125
33702846,2025-10-27,t,,,28,1125
33702846,2025-10-28,t,,,28,1125
33702846,2025-10-29,t,,,28,1125
33702846,2025-10-30,t,,,28,1125
33702846,2025-10-31,t,,,28,1125
33702846,2025-11-01,t,,,28,1125
33702846,2025-11-02,t,,,28,1125
33702846,2025-11-03,t,,,28,1125
33702846,2025-11-04,t,,,28,1125
33702846,2025-11-05,t,,,28,1125
33702846,2025-11-06,t,,,28,1125
33702846,2025-11-07,t,,,28,1125
33702846,2025-11-08,t,,,28,1125
33702846,2025-11-09,t,,,28,1125
33702846,2025-11-10,t,,,28,1125
33702846,2025-11-11,t,,,28,1125
33702846,2025-11-12,t,,,28,1125
33702846,2025-11-13,t,,,28,1125
33702846,2025-11-14,t,,,28,1125
33702846,2025-11-15,t,,,28,1125
33702846,2025-11-16,t,,,28,1125
33702846,2025-11-17,t,,,28,1125
33702846,2025-11-18,t,,,28,1125
33702846,2025-11-19,t,,,28,1125
33702846,2025-11-20,t,,,28,1125
33702846,2025-11-21,t,,,28,1125
33702846,2025-11-22,t,,,28,1125
33702846,2025-11-23,t,,,28,1125
33702846,2025-11-24,t,,,28,1125
33702846,2025-11-25,t,,,28,1125
33702846,2025-11-26,t,,,28,1125
33702846,2025-11-27,t,,,28,1125
33702846,2025-11-28,t,,,28,1125
33702846,2025-11-29,t,,,28,1125
33702846,2025-11-30,t,,,28,1125
33702846,2025-12-01,t,,,28,1125
33702846,2025-12-02,t,,,28,1125
33702846,2025-12-03,t,,,28,1125
33702846,2025-12-04,t,,,28,1125
33702846,2025-12-05,t,,,28,1125
33702846,2025-12-06,t,,,28,1125
33702846,2025-12-07,t,,,28,1125
33702846,2025-12-08,t,,,28,1125
33702846,2025-12-09,t,,,28,1125
33702846,2025-12-10,t,,,28,1125
33702846,2025-12-11,t,,,28,1125
33702846,2025-12-12,t,,,28,1125
33702846,2025-12-13,t,,,28,1125
33702846,2025-12-14,t,,,28,1125
33702846,2025-12-15,t,,,28,1125
33702846,2025-12-16,t,,,28,1125
33702846,2025-12-17,t,,,28,1125
33702846,2025-12-18,t,,,28,1125
33702846,2025-12-19,t,,,28,1125
33702846,2025-12-20,t,,,28,1125
33702846,2025-12-21,t,,,28,1125
33702846,2025-12-22,t,,,28,1125
33702846,2025-12-23,t,,,28,1125
33702846,2025-12-24,t,,,28,1125
33702846,2025-12-25,t,,,28,1125
33702846,2025-12-26,t,,,28,1125
33702846,2025-12-27,t,,,28,1125
33702846,2025-12-28,t,,,28,1125
33702846,2025-12-29,t,,,28,1125
33702846,2025-12-30,t,,,28,1125
33702846,2025-12-31,t,,,28,1125
33702846,2026-01-01,t,,,28,1125
33702846,2026-01-02,t,,,28,1125
33702846,2026-01-03,t,,,28,1125
33702846,2026-01-04,t,,,28,1125
33702846,2026-01-05,t,,,28,1125
33702846,2026-01-06,t,,,28,1125
33702846,2026-01-07,t,,,28,1125
33702846,2026-01-08,t,,,28,1125
33702846,2026-01-09,t,,,28,1125
33702846,2026-01-10,t,,,28,1125
33702846,2026-01-11,t,,,28,1125
33702846,2026-01-12,t,,,28,1125
33702846,2026-01-13,t,,,28,1125
33702846,2026-01-14,t,,,28,1125
33702846,2026-01-15,t,,,28,1125
33702846,2026-01-16,t,,,28,1125
33702846,2026-01-17,t,,,28,1125
33702846,2026-01-18,t,,,28,1125
33702846,2026-01-19,t,,,28,1125
33702846,2026-01-20,t,,,28,1125
33702846,2026-01-21,t,,,28,1125
33702846,2026-01-22,t,,,28,1125
33702846,2026-01-23,t,,,28,1125
33702846,2026-01-24,t,,,28,1125
33702846,2026-01-25,t,,,28,1125
33702846,2026-01-26,t,,,28,1125
33702846,2026-01-27,t,,,28,1125
33702846,2026-01-28,t,,,28,1125
33702846,2026-01-29,t,,,28,1125
33702846,2026-01-30,t,,,28,1125
33702846,2026-01-31,t,,,28,1125
33702846,2026-02-01,t,,,28,1125
33702846,2026-02-02,t,,,28,1125
33702846,2026-02-03,t,,,28,1125
33702846,2026-02-04,t,,,28,1125
33702846,2026-02-05,t,,,28,1125
33702846,2026-02-06,t,,,28,1125
33702846,2026-02-07,t,,,28,1125
33702846,2026-02-08,t,,,28,1125
33702846,2026-02-09,t,,,28,1125
33702846,2026-02-10,t,,,28,1125
33702846,2026-02-11,t,,,28,1125
33702846,2026-02-12,t,,,28,1125
33702846,2026-02-13,t,,,28,1125
33702846,2026-02-14,t,,,28,1125
33702846,2026-02-15,t,,,28,1125
33702846,2026-02-16,t,,,28,1125
33702846,2026-02-17,t,,,28,1125
33702846,2026-02-18,t,,,28,1125
33702846,2026-02-19,t,,,28,1125
33702846,2026-02-20,t,,,28,1125
33702846,2026-02-21,t,,,28,1125
33702846,2026-02-22,t,,,28,1125
33702846,2026-02-23,t,,,28,1125
33702846,2026-02-24,t,,,28,1125
33702846,2026-02-25,t,,,28,1125
33702846,2026-02-26,t,,,28,1125
33702846,2026-02-27,t,,,28,1125
33702846,2026-02-28,t,,,28,1125
33702846,2026-03-01,t,,,28,1125
33702846,2026-03-02,t,,,28,1125
33702846,2026-03-03,t,,,28,1125
33702846,2026-03-04,t,,,28,1125
33702846,2026-03-05,t,,,28,1125
33702846,2026-03-06,t,,,28,1125
33702846,2026-03-07,t,,,28,1125
33702846,2026-03-08,t,,,28,1125
33702846,2026-03-09,t,,,28,1125
33702846,2026-03-10,t,,,28,1125
33702846,2026-03-11,t,,,28,1125
33702846,2026-03-12,t,,,28,1125
33702846,2026-03-13,t,,,28,1125
33702846,2026-03-14,t,,,28,1125
33702846,2026-03-15,t,,,28,1125
33702846,2026-03-16,t,,,28,1125
33702846,2026-03-17,t,,,28,1125
33702846,2026-03-18,t,,,28,1125
33702846,2026-03-19,t,,,28,1125
33702846,2026-03-20,t,,,28,1125
33702846,2026-03-21,t,,,28,1125
33702846,2026-03-22,t,,,28,1125
33702846,2026-03-23,t,,,28,1125
33702846,2026-03-24,t,,,28,1125
33702846,2026-03-25,t,,,28,1125
33702846,2026-03-26,t,,,28,1125
33702846,2026-03-27,t,,,28,1125
33702846,2026-03-28,t,,,28,1125
33702846,2026-03-29,t,,,28,1125
33702846,2026-03-30,t,,,28,1125
33702846,2026-03-31,t,,,28,1125
33702846,2026-04-01,t,,,28,1125
33702846,2026-04-02,t,,,28,1125
33702846,2026-04-03,t,,,28,1125
33702846,2026-04-04,t,,,28,1125
33702846,2026-04-05,t,,,28,1125
33702846,2026-04-06,t,,,28,1125
33702846,2026-04-07,t,,,28,1125
33702846,2026-04-08,t,,,28,1125
33702846,2026-04-09,t,,,28,1125
33702846,2026-04-10,t,,,28,1125
33702846,2026-04-11,t,,,28,1125
33702846,2026-04-12,t,,,28,1125
33702846,2026-04-13,t,,,28,1125
33702846,2026-04-14,t,,,28,1125
33702846,2026-04-15,t,,,28,1125
33702846,2026-04-16,t,,,28,1125
33702846,2026-04-17,t,,,28,1125
33702846,2026-04-18,t,,,28,1125
33702846,2026-04-19,t,,,28,1125
33702846,2026-04-20,t,,,28,1125
33702846,2026-04-21,t,,,28,1125
33702846,2026-04-22,t,,,28,1125
33702846,2026-04-23,t,,,28,1125
33702846,2026-04-24,t,,,28,1125
33702846,2026-04-25,t,,,28,1125
33702846,2026-04-26,t,,,28,1125
33702846,2026-04-27,t,,,28,1125
33702846,2026-04-28,t,,,28,1125
33702846,2026-04-29,t,,,28,1125
33702846,2026-04-30,t,,,28,1125
33702846,2026-05-01,t,,,28,1125
33702846,2026-05-02,t,,,28,1125
33702846,2026-05-03,t,,,28,1125
33702846,2026-05-04,t,,,28,1125
33702846,2026-05-05,t,,,28,1125
33702846,2026-05-06,t,,,28,1125
33702846,2026-05-07,t,,,28,1125
33702846,2026-05-08,t,,,28,1125
33702846,2026-05-09,t,,,28,1125
33702846,2026-05-10,t,,,28,1125
33702846,2026-05-11,t,,,28,1125
33702846,2026-05-12,t,,,28,1125
33702846,2026-05-13,t,,,28,1125
33702846,2026-05-14,t,,,28,1125
33702846,2026-05-15,t,,,28,1125
33702846,2026-05-16,t,,,28,1125
33702846,2026-05-17,t,,,28,1125
33702846,2026-05-18,t,,,28,1125
33702846,2026-05-19,t,,,28,1125
33702846,2026-05-20,t,,,28,1125
33702846,2026-05-21,t,,,28,1125
33702846,2026-05-22,t,,,28,1125
33702846,2026-05-23,t,,,28,1125
33702846,2026-05-24,t,,,28,1125
33702846,2026-05-25,t,,,28,1125
33702846,2026-05-26,t,,,28,1125
33702846,2026-05-27,t,,,28,1125
33702846,2026-05-28,t,,,28,1125
33702846,2026-05-29,t,,,28,1125
33702846,2026-05-30,t,,,28,1125
33702846,2026-05-31,t,,,28,1125
33702846,2026-06-01,t,,,28,1125
33702846,2026-06-02,t,,,28,1125
33702846,2026-06-03,t,,,28,1125
33702846,2026-06-04,t,,,28,1125
33702846,2026-06-05,t,,,28,1125
33702846,2026-06-06,t,,,28,1125
33702846,2026-06-07,t,,,28,1125
33702846,2026-06-08,t,,,28,1125
33702846,2026-06-09,t,,,28,1125
33702846,2026-06-10,t,,,28,1125
33702846,2026-06-11,t,,,28,1125
33702846,2026-06-12,t,,,28,1125
33702846,2026-06-13,t,,,28,1125
33702846,2026-06-14,t,,,28,1125
33702846,2026-06-15,t,,,28,1125
33702846,2026-06-16,t,,,28,1125
33702846,2026-06-17,t,,,28,1125
33702846,2026-06-18,t,,,28,1125
33702846,2026-06-19,t,,,28,1125
33702846,2026-06-20,t,,,28,1125
33702846,2026-06-21,t,,,28,1125
33702846,2026-06-22,t,,,28,1125
33702846,2026-06-23,t,,,28,1125
36130173,2025-06-24,f,,,29,1125
36130173,2025-06-25,f,,,29,1125
36130173,2025-06-26,t,,,29,1125
36130173,2025-06-27,t,,,29,1125
36130173,2025-06-28,t,,,29,1125
36130173,2025-06-29,t,,,29,1125
36130173,2025-06-30,t,,,29,1125
36130173,2025-07-01,t,,,29,1125
36130173,2025-07-02,t,,,29,1125
36130173,2025-07-03,t,,,29,1125
36130173,2025-07-04,t,,,29,1125
36130173,2025-07-05,t,,,29,1125
36130173,2025-07-06,t,,,29,1125
36130173,2025-07-07,t,,,29,1125
36130173,2025-07-08,t,,,29,1125
36130173,2025-07-09,t,,,29,1125
36130173,2025-07-10,t,,,29,1125
36130173,2025-07-11,t,,,29,1125
36130173,2025-07-12,t,,,29,1125
36130173,2025-07-13,t,,,29,1125
36130173,2025-07-14,t,,,29,1125
36130173,2025-07-15,t,,,29,1125
36130173,2025-07-16,t,,,29,1125
36130173,2025-07-17,t,,,29,1125
36130173,2025-07-18,t,,,29,1125
36130173,2025-07-19,t,,,29,1125
36130173,2025-07-20,t,,,29,1125
36130173,2025-07-21,t,,,29,1125
36130173,2025-07-22,t,,,29,1125
36130173,2025-07-23,t,,,29,1125
36130173,2025-07-24,t,,,29,1125
36130173,2025-07-25,t,,,29,1125
36130173,2025-07-26,t,,,29,1125
36130173,2025-07-27,t,,,29,1125
36130173,2025-07-28,t,,,29,1125
36130173,2025-07-29,t,,,29,1125
36130173,2025-07-30,t,,,29,1125
36130173,2025-07-31,t,,,29,1125
36130173,2025-08-01,t,,,29,1125
36130173,2025-08-02,t,,,29,1125
36130173,2025-08-03,t,,,29,1125
36130173,2025-08-04,t,,,29,1125
36130173,2025-08-05,t,,,29,1125
36130173,2025-08-06,t,,,29,1125
36130173,2025-08-07,t,,,29,1125
36130173,2025-08-08,t,,,29,1125
36130173,2025-08-09,t,,,29,1125
36130173,2025-08-10,t,,,29,1125
36130173,2025-08-11,t,,,29,1125
36130173,2025-08-12,t,,,29,1125
36130173,2025-08-13,t,,,29,1125
36130173,2025-08-14,t,,,29,1125
36130173,2025-08-15,t,,,29,1125
36130173,2025-08-16,t,,,29,1125
36130173,2025-08-17,t,,,29,1125
36130173,2025-08-18,t,,,29,1125
36130173,2025-08-19,t,,,29,1125
36130173,2025-08-20,t,,,29,1125
36130173,2025-08-21,t,,,29,1125
36130173,2025-08-22,t,,,29,1125
36130173,2025-08-23,t,,,29,1125
36130173,2025-08-24,t,,,29,1125
36130173,2025-08-25,t,,,29,1125
36130173,2025-08-26,t,,,29,1125
36130173,2025-08-27,t,,,29,1125
36130173,2025-08-28,t,,,29,1125
36130173,2025-08-29,t,,,29,1125
36130173,2025-08-30,t,,,29,1125
36130173,2025-08-31,t,,,29,1125
36130173,2025-09-01,t,,,29,1125
36130173,2025-09-02,t,,,29,1125
36130173,2025-09-03,t,,,29,1125
36130173,2025-09-04,t,,,29,1125
36130173,2025-09-05,t,,,29,1125
36130173,2025-09-06,t,,,29,1125
36130173,2025-09-07,t,,,29,1125
36130173,2025-09-08,t,,,29,1125
36130173,2025-09-09,t,,,29,1125
36130173,2025-09-10,t,,,29,1125
36130173,2025-09-11,t,,,29,1125
36130173,2025-09-12,t,,,29,1125
36130173,2025-09-13,t,,,29,1125
36130173,2025-09-14,t,,,29,1125
36130173,2025-09-15,t,,,29,1125
36130173,2025-09-16,t,,,29,1125
36130173,2025-09-17,t,,,29,1125
36130173,2025-09-18,t,,,29,1125
36130173,2025-09-19,t,,,29,1125
36130173,2025-09-20,t,,,29,1125
36130173,2025-09-21,t,,,29,1125
36130173,2025-09-22,t,,,29,1125
36130173,2025-09-23,t,,,29,1125
36130173,2025-09-24,t,,,29,1125
36130173,2025-09-25,t,,,29,1125
36130173,2025-09-26,t,,,29,1125
36130173,2025-09-27,t,,,29,1125
36130173,2025-09-28,t,,,29,1125
36130173,2025-09-29,t,,,29,1125
36130173,2025-09-30,t,,,29,1125
36130173,2025-10-01,t,,,29,1125
36130173,2025-10-02,t,,,29,1125
36130173,2025-10-03,t,,,29,1125
36130173,2025-10-04,t,,,29,1125
36130173,2025-10-05,t,,,29,1125
36130173,2025-10-06,t,,,29,1125
36130173,2025-10-07,t,,,29,1125
36130173,2025-10-08,t,,,29,1125
36130173,2025-10-09,t,,,29,1125
36130173,2025-10-10,t,,,29,1125
36130173,2025-10-11,t,,,29,1125
36130173,2025-10-12,t,,,29,1125
36130173,2025-10-13,t,,,29,1125
36130173,2025-10-14,t,,,29,1125
36130173,2025-10-15,t,,,29,1125
36130173,2025-10-16,t,,,29,1125
36130173,2025-10-17,t,,,29,1125
36130173,2025-10-18,t,,,29,1125
36130173,2025-10-19,t,,,29,1125
36130173,2025-10-20,t,,,29,1125
36130173,2025-10-21,t,,,29,1125
36130173,2025-10-22,t,,,29,1125
36130173,2025-10-23,t,,,29,1125
36130173,2025-10-24,t,,,29,1125
36130173,2025-10-25,t,,,29,1125
36130173,2025-10-26,t,,,29,1125
36130173,2025-10-27,t,,,29,1125
36130173,2025-10-28,t,,,29,1125
36130173,2025-10-29,t,,,29,1125
36130173,2025-10-30,t,,,29,1125
36130173,2025-10-31,t,,,29,1125
36130173,2025-11-01,t,,,29,1125
36130173,2025-11-02,t,,,29,1125
36130173,2025-11-03,t,,,29,1125
36130173,2025-11-04,t,,,29,1125
36130173,2025-11-05,t,,,29,1125
36130173,2025-11-06,t,,,29,1125
36130173,2025-11-07,t,,,29,1125
36130173,2025-11-08,t,,,29,1125
36130173,2025-11-09,t,,,29,1125
36130173,2025-11-10,t,,,29,1125
36130173,2025-11-11,t,,,29,1125
36130173,2025-11-12,t,,,29,1125
36130173,2025-11-13,t,,,29,1125
36130173,2025-11-14,t,,,29,1125
36130173,2025-11-15,t,,,29,1125
36130173,2025-11-16,t,,,29,1125
36130173,2025-11-17,t,,,29,1125
36130173,2025-11-18,t,,,29,1125
36130173,2025-11-19,t,,,29,1125
36130173,2025-11-20,t,,,29,1125
36130173,2025-11-21,t,,,29,1125
36130173,2025-11-22,t,,,29,1125
36130173,2025-11-23,t,,,29,1125
36130173,2025-11-24,t,,,29,1125
36130173,2025-11-25,t,,,29,1125
36130173,2025-11-26,t,,,29,1125
36130173,2025-11-27,t,,,29,1125
36130173,2025-11-28,t,,,29,1125
36130173,2025-11-29,t,,,29,1125
36130173,2025-11-30,t,,,29,1125
36130173,2025-12-01,t,,,29,1125
36130173,2025-12-02,t,,,29,1125
36130173,2025-12-03,t,,,29,1125
36130173,2025-12-04,t,,,29,1125
36130173,2025-12-05,t,,,29,1125
36130173,2025-12-06,t,,,29,1125
36130173,2025-12-07,t,,,29,1125
36130173,2025-12-08,t,,,29,1125
36130173,2025-12-09,t,,,29,1125
36130173,2025-12-10,t,,,29,1125
36130173,2025-12-11,t,,,29,1125
36130173,2025-12-12,t,,,29,1125
36130173,2025-12-13,t,,,29,1125
36130173,2025-12-14,t,,,29,1125
36130173,2025-12-15,t,,,29,1125
36130173,2025-12-16,t,,,29,1125
36130173,2025-12-17,t,,,29,1125
36130173,2025-12-18,t,,,29,1125
36130173,2025-12-19,t,,,29,1125
36130173,2025-12-20,t,,,29,1125
36130173,2025-12-21,t,,,29,1125
36130173,2025-12-22,t,,,29,1125
36130173,2025-12-23,t,,,29,1125
36130173,2025-12-24,t,,,29,1125
36130173,2025-12-25,t,,,29,1125
36130173,2025-12-26,t,,,29,1125
36130173,2025-12-27,t,,,29,1125
36130173,2025-12-28,t,,,29,1125
36130173,2025-12-29,t,,,29,1125
36130173,2025-12-30,t,,,29,1125
36130173,2025-12-31,t,,,29,1125
36130173,2026-01-01,t,,,29,1125
36130173,2026-01-02,t,,,29,1125
36130173,2026-01-03,t,,,29,1125
36130173,2026-01-04,t,,,29,1125
36130173,2026-01-05,t,,,29,1125
36130173,2026-01-06,t,,,29,1125
36130173,2026-01-07,t,,,29,1125
36130173,2026-01-08,t,,,29,1125
36130173,2026-01-09,t,,,29,1125
36130173,2026-01-10,t,,,29,1125
36130173,2026-01-11,t,,,29,1125
36130173,2026-01-12,t,,,29,1125
36130173,2026-01-13,t,,,29,1125
36130173,2026-01-14,t,,,29,1125
36130173,2026-01-15,t,,,29,1125
36130173,2026-01-16,t,,,29,1125
36130173,2026-01-17,t,,,29,1125
36130173,2026-01-18,t,,,29,1125
36130173,2026-01-19,t,,,29,1125
36130173,2026-01-20,t,,,29,1125
36130173,2026-01-21,t,,,29,1125
36130173,2026-01-22,t,,,29,1125
36130173,2026-01-23,t,,,29,1125
36130173,2026-01-24,t,,,29,1125
36130173,2026-01-25,t,,,29,1125
36130173,2026-01-26,t,,,29,1125
36130173,2026-01-27,t,,,29,1125
36130173,2026-01-28,t,,,29,1125
36130173,2026-01-29,t,,,29,1125
36130173,2026-01-30,t,,,29,1125
36130173,2026-01-31,t,,,29,1125
36130173,2026-02-01,t,,,29,1125
36130173,2026-02-02,t,,,29,1125
36130173,2026-02-03,t,,,29,1125
36130173,2026-02-04,t,,,29,1125
36130173,2026-02-05,t,,,29,1125
36130173,2026-02-06,t,,,29,1125
36130173,2026-02-07,t,,,29,1125
36130173,2026-02-08,t,,,29,1125
36130173,2026-02-09,t,,,29,1125
36130173,2026-02-10,t,,,29,1125
36130173,2026-02-11,t,,,29,1125
36130173,2026-02-12,t,,,29,1125
36130173,2026-02-13,t,,,29,1125
36130173,2026-02-14,t,,,29,1125
36130173,2026-02-15,t,,,29,1125
36130173,2026-02-16,t,,,29,1125
36130173,2026-02-17,t,,,29,1125
36130173,2026-02-18,t,,,29,1125
36130173,2026-02-19,t,,,29,1125
36130173,2026-02-20,t,,,29,1125
36130173,2026-02-21,t,,,29,1125
36130173,2026-02-22,t,,,29,1125
36130173,2026-02-23,t,,,29,1125
36130173,2026-02-24,t,,,29,1125
36130173,2026-02-25,t,,,29,1125
36130173,2026-02-26,t,,,29,1125
36130173,2026-02-27,t,,,29,1125
36130173,2026-02-28,t,,,29,1125
36130173,2026-03-01,t,,,29,1125
36130173,2026-03-02,t,,,29,1125
36130173,2026-03-03,t,,,29,1125
36130173,2026-03-04,t,,,29,1125
36130173,2026-03-05,t,,,29,1125
36130173,2026-03-06,t,,,29,1125
36130173,2026-03-07,t,,,29,1125
36130173,2026-03-08,t,,,29,1125
36130173,2026-03-09,t,,,29,1125
36130173,2026-03-10,t,,,29,1125
36130173,2026-03-11,t,,,29,1125
36130173,2026-03-12,t,,,29,1125
36130173,2026-03-13,t,,,29,1125
36130173,2026-03-14,t,,,29,1125
36130173,2026-03-15,t,,,29,1125
36130173,2026-03-16,t,,,29,1125
36130173,2026-03-17,t,,,29,1125
36130173,2026-03-18,t,,,29,1125
36130173,2026-03-19,t,,,29,1125
36130173,2026-03-20,t,,,29,1125
36130173,2026-03-21,t,,,29,1125
36130173,2026-03-22,t,,,29,1125
36130173,2026-03-23,t,,,29,1125
36130173,2026-03-24,t,,,29,1125
36130173,2026-03-25,t,,,29,1125
36130173,2026-03-26,t,,,29,1125
36130173,2026-03-27,t,,,29,1125
36130173,2026-03-28,t,,,29,1125
36130173,2026-03-29,t,,,29,1125
36130173,2026-03-30,t,,,29,1125
36130173,2026-03-31,t,,,29,1125
36130173,2026-04-01,t,,,29,1125
36130173,2026-04-02,t,,,29,1125
36130173,2026-04-03,t,,,29,1125
36130173,2026-04-04,t,,,29,1125
36130173,2026-04-05,t,,,29,1125
36130173,2026-04-06,t,,,29,1125
36130173,2026-04-07,t,,,29,1125
36130173,2026-04-08,t,,,29,1125
36130173,2026-04-09,t,,,29,1125
36130173,2026-04-10,t,,,29,1125
36130173,2026-04-11,t,,,29,1125
36130173,2026-04-12,t,,,29,1125
36130173,2026-04-13,t,,,29,1125
36130173,2026-04-14,t,,,29,1125
36130173,2026-04-15,t,,,29,1125
36130173,2026-04-16,t,,,29,1125
36130173,2026-04-17,t,,,29,1125
36130173,2026-04-18,t,,,29,1125
36130173,2026-04-19,t,,,29,1125
36130173,2026-04-20,t,,,29,1125
36130173,2026-04-21,t,,,29,1125
36130173,2026-04-22,t,,,29,1125
36130173,2026-04-23,t,,,29,1125
36130173,2026-04-24,t,,,29,1125
36130173,2026-04-25,t,,,29,1125
36130173,2026-04-26,t,,,29,1125
36130173,2026-04-27,t,,,29,1125
36130173,2026-04-28,t,,,29,1125
36130173,2026-04-29,t,,,29,1125
36130173,2026-04-30,t,,,29,1125
36130173,2026-05-01,t,,,29,1125
36130173,2026-05-02,t,,,29,1125
36130173,2026-05-03,t,,,29,1125
36130173,2026-05-04,t,,,29,1125
36130173,2026-05-05,t,,,29,1125
36130173,2026-05-06,t,,,29,1125
36130173,2026-05-07,t,,,29,1125
36130173,2026-05-08,t,,,29,1125
36130173,2026-05-09,t,,,29,1125
36130173,2026-05-10,t,,,29,1125
36130173,2026-05-11,t,,,29,1125
36130173,2026-05-12,t,,,29,1125
36130173,2026-05-13,t,,,29,1125
36130173,2026-05-14,t,,,29,1125
36130173,2026-05-15,t,,,29,1125
36130173,2026-05-16,t,,,29,1125
36130173,2026-05-17,t,,,29,1125
36130173,2026-05-18,t,,,29,1125
36130173,2026-05-19,t,,,29,1125
36130173,2026-05-20,t,,,29,1125
36130173,2026-05-21,t,,,29,1125
36130173,2026-05-22,t,,,29,1125
36130173,2026-05-23,t,,,29,1125
36130173,2026-05-24,t,,,29,1125
36130173,2026-05-25,t,,,29,1125
36130173,2026-05-26,t,,,29,1125
36130173,2026-05-27,t,,,29,1125
36130173,2026-05-28,t,,,29,1125
36130173,2026-05-29,t,,,29,1125
36130173,2026-05-30,t,,,29,1125
36130173,2026-05-31,t,,,29,1125
36130173,2026-06-01,t,,,29,1125
36130173,2026-06-02,t,,,29,1125
36130173,2026-06-03,t,,,29,1125
36130173,2026-06-04,t,,,29,1125
36130173,2026-06-05,t,,,29,1125
36130173,2026-06-06,t,,,29,1125
36130173,2026-06-07,t,,,29,1125
36130173,2026-06-08,t,,,29,1125
36130173,2026-06-09,t,,,29,1125
36130173,2026-06-10,t,,,29,1125
36130173,2026-06-11,t,,,29,1125
36130173,2026-06-12,t,,,29,1125
36130173,2026-06-13,t,,,29,1125
36130173,2026-06-14,t,,,29,1125
36130173,2026-06-15,t,,,29,1125
36130173,2026-06-16,t,,,29,1125
36130173,2026-06-17,t,,,29,1125
36130173,2026-06-18,t,,,29,1125
36130173,2026-06-19,t,,,29,1125
36130173,2026-06-20,t,,,29,1125
36130173,2026-06-21,t,,,29,1125
36130173,2026-06-22,t,,,29,1125
36130173,2026-06-23,t,,,29,1125
36443224,2025-06-24,f,,,1,1125
36443224,2025-06-25,f,,,1,1125
36443224,2025-06-26,f,,,1,1125
36443224,2025-06-27,t,,,1,1125
36443224,2025-06-28,t,,,1,1125
36443224,2025-06-29,t,,,1,1125
36443224,2025-06-30,t,,,1,1125
36443224,2025-07-01,t,,,1,1125
36443224,2025-07-02,t,,,1,1125
36443224,2025-07-03,t,,,1,1125
36443224,2025-07-04,t,,,1,1125
36443224,2025-07-05,t,,,1,1125
36443224,2025-07-06,t,,,1,1125
36443224,2025-07-07,t,,,1,1125
36443224,2025-07-08,t,,,1,1125
36443224,2025-07-09,t,,,1,1125
36443224,2025-07-10,t,,,1,1125
36443224,2025-07-11,t,,,1,1125
36443224,2025-07-12,t,,,1,1125
36443224,2025-07-13,t,,,1,1125
36443224,2025-07-14,t,,,1,1125
36443224,2025-07-15,t,,,1,1125
36443224,2025-07-16,t,,,1,1125
36443224,2025-07-17,t,,,1,1125
36443224,2025-07-18,t,,,1,1125
36443224,2025-07-19,t,,,1,1125
36443224,2025-07-20,t,,,1,1125
36443224,2025-07-21,t,,,1,1125
36443224,2025-07-22,t,,,1,1125
36443224,2025-07-23,t,,,1,1125
36443224,2025-07-24,t,,,1,1125
36443224,2025-07-25,t,,,1,1125
36443224,2025-07-26,t,,,1,1125
36443224,2025-07-27,t,,,1,1125
36443224,2025-07-28,t,,,1,1125
36443224,2025-07-29,t,,,1,1125
36443224,2025-07-30,t,,,1,1125
36443224,2025-07-31,t,,,1,1125
36443224,2025-08-01,t,,,1,1125
36443224,2025-08-02,t,,,1,1125
36443224,2025-08-03,t,,,1,1125
36443224,2025-08-04,t,,,1,1125
36443224,2025-08-05,t,,,1,1125
36443224,2025-08-06,t,,,1,1125
36443224,2025-08-07,t,,,1,1125
36443224,2025-08-08,t,,,1,1125
36443224,2025-08-09,t,,,1,1125
36443224,2025-08-10,t,,,1,1125
36443224,2025-08-11,t,,,1,1125
36443224,2025-08-12,t,,,1,1125
36443224,2025-08-13,t,,,1,1125
36443224,2025-08-14,t,,,1,1125
36443224,2025-08-15,t,,,1,1125
36443224,2025-08-16,t,,,1,1125
36443224,2025-08-17,t,,,1,1125
36443224,2025-08-18,t,,,1,1125
36443224,2025-08-19,t,,,1,1125
36443224,2025-08-20,t,,,1,1125
36443224,2025-08-21,t,,,1,1125
36443224,2025-08-22,t,,,1,1125
36443224,2025-08-23,t,,,1,1125
36443224,2025-08-24,t,,,1,1125
36443224,2025-08-25,t,,,1,1125
36443224,2025-08-26,t,,,1,1125
36443224,2025-08-27,t,,,1,1125
36443224,2025-08-28,t,,,1,1125
36443224,2025-08-29,t,,,1,1125
36443224,2025-08-30,t,,,1,1125
36443224,2025-08-31,t,,,1,1125
36443224,2025-09-01,t,,,1,1125
36443224,2025-09-02,t,,,1,1125
36443224,2025-09-03,t,,,1,1125
36443224,2025-09-04,t,,,1,1125
36443224,2025-09-05,t,,,1,1125
36443224,2025-09-06,t,,,1,1125
36443224,2025-09-07,t,,,1,1125
36443224,2025-09-08,t,,,1,1125
36443224,2025-09-09,t,,,1,1125
36443224,2025-09-10,t,,,1,1125
36443224,2025-09-11,t,,,1,1125
36443224,2025-09-12,t,,,1,1125
36443224,2025-09-13,t,,,1,1125
36443224,2025-09-14,t,,,1,1125
36443224,2025-09-15,t,,,1,1125
36443224,2025-09-16,t,,,1,1125
36443224,2025-09-17,t,,,1,1125
36443224,2025-09-18,t,,,1,1125
36443224,2025-09-19,t,,,1,1125
36443224,2025-09-20,t,,,1,1125
36443224,2025-09-21,t,,,1,1125
36443224,2025-09-22,t,,,1,1125
36443224,2025-09-23,t,,,1,1125
36443224,2025-09-24,t,,,1,1125
36443224,2025-09-25,t,,,1,1125
36443224,2025-09-26,t,,,1,1125
36443224,2025-09-27,t,,,1,1125
36443224,2025-09-28,t,,,1,1125
36443224,2025-09-29,t,,,1,1125
36443224,2025-09-30,t,,,1,1125
36443224,2025-10-01,t,,,1,1125
36443224,2025-10-02,t,,,1,1125
36443224,2025-10-03,t,,,1,1125
36443224,2025-10-04,t,,,1,1125
36443224,2025-10-05,t,,,1,1125
36443224,2025-10-06,t,,,1,1125
36443224,2025-10-07,t,,,1,1125
36443224,2025-10-08,t,,,1,1125
36443224,2025-10-09,t,,,1,1125
36443224,2025-10-10,t,,,1,1125
36443224,2025-10-11,t,,,1,1125
36443224,2025-10-12,t,,,1,1125
36443224,2025-10-13,t,,,1,1125
36443224,2025-10-14,t,,,1,1125
36443224,2025-10-15,t,,,1,1125
36443224,2025-10-16,t,,,1,1125
36443224,2025-10-17,t,,,1,1125
36443224,2025-10-18,t,,,1,1125
36443224,2025-10-19,t,,,1,1125
36443224,2025-10-20,t,,,1,1125
36443224,2025-10-21,t,,,1,1125
36443224,2025-10-22,t,,,1,1125
36443224,2025-10-23,t,,,1,1125
36443224,2025-10-24,t,,,1,1125
36443224,2025-10-25,t,,,1,1125
36443224,2025-10-26,t,,,1,1125
36443224,2025-10-27,t,,,1,1125
36443224,2025-10-28,t,,,1,1125
36443224,2025-10-29,t,,,1,1125
36443224,2025-10-30,t,,,1,1125
36443224,2025-10-31,t,,,1,1125
36443224,2025-11-01,t,,,1,1125
36443224,2025-11-02,t,,,1,1125
36443224,2025-11-03,t,,,1,1125
36443224,2025-11-04,t,,,1,1125
36443224,2025-11-05,t,,,1,1125
36443224,2025-11-06,t,,,1,1125
36443224,2025-11-07,t,,,1,1125
36443224,2025-11-08,t,,,1,1125
36443224,2025-11-09,t,,,1,1125
36443224,2025-11-10,t,,,1,1125
36443224,2025-11-11,t,,,1,1125
36443224,2025-11-12,t,,,1,1125
36443224,2025-11-13,t,,,1,1125
36443224,2025-11-14,t,,,1,1125
36443224,2025-11-15,t,,,1,1125
36443224,2025-11-16,t,,,1,1125
36443224,2025-11-17,t,,,1,1125
36443224,2025-11-18,t,,,1,1125
36443224,2025-11-19,t,,,1,1125
36443224,2025-11-20,t,,,1,1125
36443224,2025-11-21,t,,,1,1125
36443224,2025-11-22,t,,,1,1125
36443224,2025-11-23,t,,,1,1125
36443224,2025-11-24,t,,,1,1125
36443224,2025-11-25,t,,,1,1125
36443224,2025-11-26,t,,,1,1125
36443224,2025-11-27,t,,,1,1125
36443224,2025-11-28,t,,,1,1125
36443224,2025-11-29,t,,,1,1125
36443224,2025-11-30,t,,,1,1125
36443224,2025-12-01,t,,,1,1125
36443224,2025-12-02,t,,,1,1125
36443224,2025-12-03,t,,,1,1125
36443224,2025-12-04,t,,,1,1125
36443224,2025-12-05,t,,,1,1125
36443224,2025-12-06,t,,,1,1125
36443224,2025-12-07,t,,,1,1125
36443224,2025-12-08,t,,,1,1125
36443224,2025-12-09,t,,,1,1125
36443224,2025-12-10,t,,,1,1125
36443224,2025-12-11,t,,,1,1125
36443224,2025-12-12,t,,,1,1125
36443224,2025-12-13,t,,,1,1125
36443224,2025-12-14,t,,,1,1125
36443224,2025-12-15,t,,,1,1125
36443224,2025-12-16,t,,,1,1125
36443224,2025-12-17,t,,,1,1125
36443224,2025-12-18,t,,,1,1125
36443224,2025-12-19,t,,,1,1125
36443224,2025-12-20,t,,,1,1125
36443224,2025-12-21,t,,,1,1125
36443224,2025-12-22,t,,,1,1125
36443224,2025-12-23,t,,,1,1125
36443224,2025-12-24,t,,,1,1125
36443224,2025-12-25,t,,,1,1125
36443224,2025-12-26,t,,,1,1125
36443224,2025-12-27,t,,,1,1125
36443224,2025-12-28,t,,,1,1125
36443224,2025-12-29,t,,,1,1125
36443224,2025-12-30,t,,,1,1125
36443224,2025-12-31,t,,,1,1125
36443224,2026-01-01,t,,,1,1125
36443224,2026-01-02,t,,,1,1125
36443224,2026-01-03,t,,,1,1125
36443224,2026-01-04,t,,,1,1125
36443224,2026-01-05,t,,,1,1125
36443224,2026-01-06,t,,,1,1125
36443224,2026-01-07,t,,,1,1125
36443224,2026-01-08,t,,,1,1125
36443224,2026-01-09,t,,,1,1125
36443224,2026-01-10,t,,,1,1125
36443224,2026-01-11,t,,,1,1125
36443224,2026-01-12,t,,,1,1125
36443224,2026-01-13,t,,,1,1125
36443224,2026-01-14,t,,,1,1125
36443224,2026-01-15,t,,,1,1125
36443224,2026-01-16,t,,,1,1125
36443224,2026-01-17,t,,,1,1125
36443224,2026-01-18,t,,,1,1125
36443224,2026-01-19,t,,,1,1125
36443224,2026-01-20,t,,,1,1125
36443224,2026-01-21,t,,,1,1125
36443224,2026-01-22,t,,,1,1125
36443224,2026-01-23,t,,,1,1125
36443224,2026-01-24,t,,,1,1125
36443224,2026-01-25,t,,,1,1125
36443224,2026-01-26,t,,,1,1125
36443224,2026-01-27,t,,,1,1125
36443224,2026-01-28,t,,,1,1125
36443224,2026-01-29,t,,,1,1125
36443224,2026-01-30,t,,,1,1125
36443224,2026-01-31,t,,,1,1125
36443224,2026-02-01,f,,,1,1125
36443224,2026-02-02,f,,,1,1125
36443224,2026-02-03,f,,,1,1125
36443224,2026-02-04,f,,,1,1125
36443224,2026-02-05,f,,,1,1125
36443224,2026-02-06,f,,,1,1125
36443224,2026-02-07,f,,,1,1125
36443224,2026-02-08,f,,,1,1125
36443224,2026-02-09,f,,,1,1125
36443224,2026-02-10,f,,,1,1125
36443224,2026-02-11,f,,,1,1125
36443224,2026-02-12,f,,,1,1125
36443224,2026-02-13,f,,,1,1125
36443224,2026-02-14,f,,,1,1125
36443224,2026-02-15,f,,,1,1125
36443224,2026-02-16,f,,,1,1125
36443224,2026-02-17,f,,,1,1125
36443224,2026-02-18,f,,,1,1125
36443224,2026-02-19,f,,,1,1125
36443224,2026-02-20,f,,,1,1125
36443224,2026-02-21,f,,,1,1125
36443224,2026-02-22,f,,,1,1125
36443224,2026-02-23,f,,,1,1125
36443224,2026-02-24,f,,,1,1125
36443224,2026-02-25,f,,,1,1125
36443224,2026-02-26,f,,,1,1125
36443224,2026-02-27,f,,,1,1125
36443224,2026-02-28,f,,,1,1125
36443224,2026-03-01,f,,,1,1125
36443224,2026-03-02,f,,,1,1125
36443224,2026-03-03,f,,,1,1125
36443224,2026-03-04,f,,,1,1125
36443224,2026-03-05,f,,,1,1125
36443224,2026-03-06,f,,,1,1125
36443224,2026-03-07,f,,,1,1125
36443224,2026-03-08,f,,,1,1125
36443224,2026-03-09,f,,,1,1125
36443224,2026-03-10,f,,,1,1125
36443224,2026-03-11,f,,,1,1125
36443224,2026-03-12,f,,,1,1125
36443224,2026-03-13,f,,,1,1125
36443224,2026-03-14,f,,,1,1125
36443224,2026-03-15,f,,,1,1125
36443224,2026-03-16,f,,,1,1125
36443224,2026-03-17,f,,,1,1125
36443224,2026-03-18,f,,,1,1125
36443224,2026-03-19,f,,,1,1125
36443224,2026-03-20,f,,,1,1125
36443224,2026-03-21,f,,,1,1125
36443224,2026-03-22,f,,,1,1125
36443224,2026-03-23,f,,,1,1125
36443224,2026-03-24,f,,,1,1125
36443224,2026-03-25,f,,,1,1125
36443224,2026-03-26,f,,,1,1125
36443224,2026-03-27,f,,,1,1125
36443224,2026-03-28,f,,,1,1125
36443224,2026-03-29,f,,,1,1125
36443224,2026-03-30,f,,,1,1125
36443224,2026-03-31,f,,,1,1125
36443224,2026-04-01,f,,,1,1125
36443224,2026-04-02,f,,,1,1125
36443224,2026-04-03,f,,,1,1125
36443224,2026-04-04,f,,,1,1125
36443224,2026-04-05,f,,,1,1125
36443224,2026-04-06,f,,,1,1125
36443224,2026-04-07,f,,,1,1125
36443224,2026-04-08,f,,,1,1125
36443224,2026-04-09,f,,,1,1125
36443224,2026-04-10,f,,,1,1125
36443224,2026-04-11,f,,,1,1125
36443224,2026-04-12,f,,,1,1125
36443224,2026-04-13,f,,,1,1125
36443224,2026-04-14,f,,,1,1125
36443224,2026-04-15,f,,,1,1125
36443224,2026-04-16,f,,,1,1125
36443224,2026-04-17,f,,,1,1125
36443224,2026-04-18,f,,,1,1125
36443224,2026-04-19,f,,,1,1125
36443224,2026-04-20,f,,,1,1125
36443224,2026-04-21,f,,,1,1125
36443224,2026-04-22,f,,,1,1125
36443224,2026-04-23,f,,,1,1125
36443224,2026-04-24,f,,,1,1125
36443224,2026-04-25,f,,,1,1125
36443224,2026-04-26,f,,,1,1125
36443224,2026-04-27,f,,,1,1125
36443224,2026-04-28,f,,,1,1125
36443224,2026-04-29,f,,,1,1125
36443224,2026-04-30,f,,,1,1125
36443224,2026-05-01,f,,,1,1125
36443224,2026-05-02,f,,,1,1125
36443224,2026-05-03,f,,,1,1125
36443224,2026-05-04,f,,,1,1125
36443224,2026-05-05,f,,,1,1125
36443224,2026-05-06,f,,,1,1125
36443224,2026-05-07,f,,,1,1125
36443224,2026-05-08,f,,,1,1125
36443224,2026-05-09,f,,,1,1125
36443224,2026-05-10,f,,,1,1125
36443224,2026-05-11,f,,,1,1125
36443224,2026-05-12,f,,,1,1125
36443224,2026-05-13,f,,,1,1125
36443224,2026-05-14,f,,,1,1125
36443224,2026-05-15,f,,,1,1125
36443224,2026-05-16,f,,,1,1125
36443224,2026-05-17,f,,,1,1125
36443224,2026-05-18,f,,,1,1125
36443224,2026-05-19,f,,,1,1125
36443224,2026-05-20,f,,,1,1125
36443224,2026-05-21,f,,,1,1125
36443224,2026-05-22,f,,,1,1125
36443224,2026-05-23,f,,,1,1125
36443224,2026-05-24,f,,,1,1125
36443224,2026-05-25,f,,,1,1125
36443224,2026-05-26,f,,,1,1125
36443224,2026-05-27,f,,,1,1125
36443224,2026-05-28,f,,,1,1125
36443224,2026-05-29,f,,,1,1125
36443224,2026-05-30,f,,,1,1125
36443224,2026-05-31,f,,,1,1125
36443224,2026-06-01,f,,,1,1125
36443224,2026-06-02,f,,,1,1125
36443224,2026-06-03,f,,,1,1125
36443224,2026-06-04,f,,,1,1125
36443224,2026-06-05,f,,,1,1125
36443224,2026-06-06,f,,,1,1125
36443224,2026-06-07,f,,,1,1125
36443224,2026-06-08,f,,,1,1125
36443224,2026-06-09,f,,,1,1125
36443224,2026-06-10,f,,,1,1125
36443224,2026-06-11,f,,,1,1125
36443224,2026-06-12,f,,,1,1125
36443224,2026-06-13,f,,,1,1125
36443224,2026-06-14,f,,,1,1125
36443224,2026-06-15,f,,,1,1125
36443224,2026-06-16,f,,,1,1125
36443224,2026-06-17,f,,,1,1125
36443224,2026-06-18,f,,,1,1125
36443224,2026-06-19,f,,,1,1125
36443224,2026-06-20,f,,,1,1125
36443224,2026-06-21,f,,,1,1125
36443224,2026-06-22,f,,,1,1125
36443224,2026-06-23,f,,,1,1125
38940230,2025-06-24,f,,,1,199
38940230,2025-06-25,f,,,1,199
38940230,2025-06-26,f,,,1,199
38940230,2025-06-27,f,,,1,199
38940230,2025-06-28,f,,,1,199
38940230,2025-06-29,f,,,1,199
38940230,2025-06-30,t,,,1,199
38940230,2025-07-01,t,,,1,199
38940230,2025-07-02,t,,,1,199
38940230,2025-07-03,t,,,1,199
38940230,2025-07-04,t,,,1,199
38940230,2025-07-05,t,,,1,199
38940230,2025-07-06,t,,,1,199
38940230,2025-07-07,t,,,1,199
38940230,2025-07-08,t,,,1,199
38940230,2025-07-09,t,,,1,199
38940230,2025-07-10,t,,,1,199
38940230,2025-07-11,t,,,1,199
38940230,2025-07-12,t,,,1,199
38940230,2025-07-13,t,,,1,199
38940230,2025-07-14,t,,,1,199
38940230,2025-07-15,f,,,1,199
38940230,2025-07-16,f,,,1,199
38940230,2025-07-17,t,,,1,199
38940230,2025-07-18,t,,,1,199
38940230,2025-07-19,t,,,1,199
38940230,2025-07-20,t,,,1,199
38940230,2025-07-21,t,,,1,199
38940230,2025-07-22,t,,,1,199
38940230,2025-07-23,t,,,1,199
38940230,2025-07-24,t,,,1,199
38940230,2025-07-25,t,,,1,199
38940230,2025-07-26,t,,,1,199
38940230,2025-07-27,t,,,1,199
38940230,2025-07-28,t,,,1,199
38940230,2025-07-29,t,,,1,199
38940230,2025-07-30,t,,,1,199
38940230,2025-07-31,t,,,1,199
38940230,2025-08-01,t,,,1,199
38940230,2025-08-02,t,,,1,199
38940230,2025-08-03,t,,,1,199
38940230,2025-08-04,t,,,1,199
38940230,2025-08-05,t,,,1,199
38940230,2025-08-06,t,,,1,199
38940230,2025-08-07,t,,,1,199
38940230,2025-08-08,t,,,1,199
38940230,2025-08-09,t,,,1,199
38940230,2025-08-10,t,,,1,199
38940230,2025-08-11,t,,,1,199
38940230,2025-08-12,t,,,1,199
38940230,2025-08-13,t,,,1,199
38940230,2025-08-14,t,,,1,199
38940230,2025-08-15,t,,,1,199
38940230,2025-08-16,t,,,1,199
38940230,2025-08-17,t,,,1,199
38940230,2025-08-18,t,,,1,199
38940230,2025-08-19,t,,,1,199
38940230,2025-08-20,t,,,1,199
38940230,2025-08-21,t,,,1,199
38940230,2025-08-22,t,,,1,199
38940230,2025-08-23,t,,,1,199
38940230,2025-08-24,t,,,1,199
38940230,2025-08-25,t,,,1,199
38940230,2025-08-26,t,,,1,199
38940230,2025-08-27,t,,,1,199
38940230,2025-08-28,t,,,1,199
38940230,2025-08-29,t,,,1,199
38940230,2025-08-30,t,,,1,199
38940230,2025-08-31,t,,,1,199
38940230,2025-09-01,t,,,1,199
38940230,2025-09-02,f,,,1,199
38940230,2025-09-03,f,,,1,199
38940230,2025-09-04,t,,,1,199
38940230,2025-09-05,t,,,1,199
38940230,2025-09-06,t,,,1,199
38940230,2025-09-07,t,,,1,199
38940230,2025-09-08,t,,,1,199
38940230,2025-09-09,t,,,1,199
38940230,2025-09-10,t,,,1,199
38940230,2025-09-11,t,,,1,199
38940230,2025-09-12,t,,,1,199
38940230,2025-09-13,t,,,1,199
38940230,2025-09-14,t,,,1,199
38940230,2025-09-15,t,,,1,199
38940230,2025-09-16,t,,,1,199
38940230,2025-09-17,t,,,1,199
38940230,2025-09-18,t,,,1,199
38940230,2025-09-19,t,,,1,199
38940230,2025-09-20,t,,,1,199
38940230,2025-09-21,t,,,1,199
38940230,2025-09-22,t,,,1,199
38940230,2025-09-23,t,,,1,199
38940230,2025-09-24,t,,,1,199
38940230,2025-09-25,t,,,1,199
38940230,2025-09-26,t,,,1,199
38940230,2025-09-27,t,,,1,199
38940230,2025-09-28,f,,,1,199
38940230,2025-09-29,f,,,1,199
38940230,2025-09-30,f,,,1,199
38940230,2025-10-01,t,,,1,199
38940230,2025-10-02,t,,,1,199
38940230,2025-10-03,t,,,1,199
38940230,2025-10-04,t,,,1,199
38940230,2025-10-05,t,,,1,199
38940230,2025-10-06,t,,,1,199
38940230,2025-10-07,t,,,1,199
38940230,2025-10-08,t,,,1,199
38940230,2025-10-09,t,,,1,199
38940230,2025-10-10,t,,,1,199
38940230,2025-10-11,t,,,1,199
38940230,2025-10-12,t,,,1,199
38940230,2025-10-13,t,,,1,199
38940230,2025-10-14,t,,,1,199
38940230,2025-10-15,t,,,1,199
38940230,2025-10-16,t,,,1,199
38940230,2025-10-17,t,,,1,199
38940230,2025-10-18,f,,,1,199
38940230,2025-10-19,f,,,1,199
38940230,2025-10-20,t,,,1,199
38940230,2025-10-21,t,,,1,199
38940230,2025-10-22,t,,,1,199
38940230,2025-10-23,t,,,1,199
38940230,2025-10-24,t,,,1,199
38940230,2025-10-25,t,,,1,199
38940230,2025-10-26,t,,,1,199
38940230,2025-10-27,t,,,1,199
38940230,2025-10-28,t,,,1,199
38940230,2025-10-29,t,,,1,199
38940230,2025-10-30,t,,,1,199
38940230,2025-10-31,t,,,1,199
38940230,2025-11-01,t,,,1,199
38940230,2025-11-02,t,,,1,199
38940230,2025-11-03,t,,,1,199
38940230,2025-11-04,t,,,1,199
38940230,2025-11-05,t,,,1,199
38940230,2025-11-06,t,,,1,199
38940230,2025-11-07,t,,,1,199
38940230,2025-11-08,t,,,1,199
38940230,2025-11-09,t,,,1,199
38940230,2025-11-10,t,,,1,199
38940230,2025-11-11,t,,,1,199
38940230,2025-11-12,t,,,1,199
38940230,2025-11-13,t,,,1,199
38940230,2025-11-14,t,,,1,199
38940230,2025-11-15,t,,,1,199
38940230,2025-11-16,t,,,1,199
38940230,2025-11-17,t,,,1,199
38940230,2025-11-18,t,,,1,199
38940230,2025-11-19,t,,,1,199
38940230,2025-11-20,t,,,1,199
38940230,2025-11-21,t,,,1,199
38940230,2025-11-22,t,,,1,199
38940230,2025-11-23,t,,,1,199
38940230,2025-11-24,t,,,1,199
38940230,2025-11-25,t,,,1,199
38940230,2025-11-26,t,,,1,199
38940230,2025-11-27,t,,,1,199
38940230,2025-11-28,t,,,1,199
38940230,2025-11-29,t,,,1,199
38940230,2025-11-30,t,,,1,199
38940230,2025-12-01,t,,,1,199
38940230,2025-12-02,t,,,1,199
38940230,2025-12-03,t,,,1,199
38940230,2025-12-04,t,,,1,199
38940230,2025-12-05,t,,,1,199
38940230,2025-12-06,t,,,1,199
38940230,2025-12-07,t,,,1,199
38940230,2025-12-08,t,,,1,199
38940230,2025-12-09,t,,,1,199
38940230,2025-12-10,t,,,1,199
38940230,2025-12-11,t,,,1,199
38940230,2025-12-12,t,,,1,199
38940230,2025-12-13,t,,,1,199
38940230,2025-12-14,t,,,1,199
38940230,2025-12-15,t,,,1,199
38940230,2025-12-16,t,,,1,199
38940230,2025-12-17,t,,,1,199
38940230,2025-12-18,t,,,1,199
38940230,2025-12-19,t,,,1,199
38940230,2025-12-20,t,,,1,199
38940230,2025-12-21,t,,,1,199
38940230,2025-12-22,t,,,1,199
38940230,2025-12-23,t,,,1,199
38940230,2025-12-24,t,,,1,199
38940230,2025-12-25,t,,,1,199
38940230,2025-12-26,t,,,1,199
38940230,2025-12-27,t,,,1,199
38940230,2025-12-28,t,,,1,199
38940230,2025-12-29,t,,,1,199
38940230,2025-12-30,t,,,1,199
38940230,2025-12-31,t,,,1,199
38940230,2026-01-01,t,,,1,199
38940230,2026-01-02,t,,,1,199
38940230,2026-01-03,t,,,1,199
38940230,2026-01-04,t,,,1,199
38940230,2026-01-05,t,,,1,199
38940230,2026-01-06,t,,,1,199
38940230,2026-01-07,t,,,1,199
38940230,2026-01-08,t,,,1,199
38940230,2026-01-09,t,,,1,199
38940230,2026-01-10,t,,,1,199
38940230,2026-01-11,t,,,1,199
38940230,2026-01-12,t,,,1,199
38940230,2026-01-13,t,,,1,199
38940230,2026-01-14,t,,,1,199
38940230,2026-01-15,t,,,1,199
38940230,2026-01-16,t,,,1,199
38940230,2026-01-17,t,,,1,199
38940230,2026-01-18,t,,,1,199
38940230,2026-01-19,t,,,1,199
38940230,2026-01-20,t,,,1,199
38940230,2026-01-21,t,,,1,199
38940230,2026-01-22,t,,,1,199
38940230,2026-01-23,t,,,1,199
38940230,2026-01-24,t,,,1,199
38940230,2026-01-25,t,,,1,199
38940230,2026-01-26,t,,,1,199
38940230,2026-01-27,t,,,1,199
38940230,2026-01-28,t,,,1,199
38940230,2026-01-29,t,,,1,199
38940230,2026-01-30,t,,,1,199
38940230,2026-01-31,t,,,1,199
38940230,2026-02-01,t,,,1,199
38940230,2026-02-02,t,,,1,199
38940230,2026-02-03,t,,,1,199
38940230,2026-02-04,t,,,1,199
38940230,2026-02-05,t,,,1,199
38940230,2026-02-06,t,,,1,199
38940230,2026-02-07,t,,,1,199
38940230,2026-02-08,t,,,1,199
38940230,2026-02-09,t,,,1,199
38940230,2026-02-10,t,,,1,199
38940230,2026-02-11,t,,,1,199
38940230,2026-02-12,t,,,1,199
38940230,2026-02-13,t,,,1,199
38940230,2026-02-14,t,,,1,199
38940230,2026-02-15,t,,,1,199
38940230,2026-02-16,t,,,1,199
38940230,2026-02-17,t,,,1,199
38940230,2026-02-18,t,,,1,199
38940230,2026-02-19,t,,,1,199
38940230,2026-02-20,t,,,1,199
38940230,2026-02-21,t,,,1,199
38940230,2026-02-22,t,,,1,199
38940230,2026-02-23,t,,,1,199
38940230,2026-02-24,t,,,1,199
38940230,2026-02-25,t,,,1,199
38940230,2026-02-26,t,,,1,199
38940230,2026-02-27,t,,,1,199
38940230,2026-02-28,t,,,1,199
38940230,2026-03-01,t,,,1,199
38940230,2026-03-02,t,,,1,199
38940230,2026-03-03,t,,,1,199
38940230,2026-03-04,t,,,1,199
38940230,2026-03-05,t,,,1,199
38940230,2026-03-06,t,,,1,199
38940230,2026-03-07,t,,,1,199
38940230,2026-03-08,t,,,1,199
38940230,2026-03-09,t,,,1,199
38940230,2026-03-10,t,,,1,199
38940230,2026-03-11,t,,,1,199
38940230,2026-03-12,t,,,1,199
38940230,2026-03-13,t,,,1,199
38940230,2026-03-14,t,,,1,199
38940230,2026-03-15,t,,,1,199
38940230,2026-03-16,t,,,1,199
38940230,2026-03-17,t,,,1,199
38940230,2026-03-18,t,,,1,199
38940230,2026-03-19,t,,,1,199
38940230,2026-03-20,t,,,1,199
38940230,2026-03-21,t,,,1,199
38940230,2026-03-22,t,,,1,199
38940230,2026-03-23,t,,,1,199
38940230,2026-03-24,t,,,1,199
38940230,2026-03-25,t,,,1,199
38940230,2026-03-26,t,,,1,199
38940230,2026-03-27,t,,,1,199
38940230,2026-03-28,t,,,1,199
38940230,2026-03-29,t,,,1,199
38940230,2026-03-30,t,,,1,199
38940230,2026-03-31,t,,,1,199
38940230,2026-04-01,t,,,1,199
38940230,2026-04-02,t,,,1,199
38940230,2026-04-03,t,,,1,199
38940230,2026-04-04,t,,,1,199
38940230,2026-04-05,t,,,1,199
38940230,2026-04-06,t,,,1,199
38940230,2026-04-07,t,,,1,199
38940230,2026-04-08,t,,,1,199
38940230,2026-04-09,t,,,1,199
38940230,2026-04-10,t,,,1,199
38940230,2026-04-11,t,,,1,199
38940230,2026-04-12,t,,,1,199
38940230,2026-04-13,t,,,1,199
38940230,2026-04-14,t,,,1,199
38940230,2026-04-15,t,,,1,199
38940230,2026-04-16,t,,,1,199
38940230,2026-04-17,t,,,1,199
38940230,2026-04-18,t,,,1,199
38940230,2026-04-19,t,,,1,199
38940230,2026-04-20,t,,,1,199
38940230,2026-04-21,t,,,1,199
38940230,2026-04-22,t,,,1,199
38940230,2026-04-23,t,,,1,199
38940230,2026-04-24,t,,,1,199
38940230,2026-04-25,t,,,1,199
38940230,2026-04-26,t,,,1,199
38940230,2026-04-27,t,,,1,199
38940230,2026-04-28,t,,,1,199
38940230,2026-04-29,t,,,1,199
38940230,2026-04-30,t,,,1,199
38940230,2026-05-01,t,,,1,199
38940230,2026-05-02,t,,,1,199
38940230,2026-05-03,t,,,1,199
38940230,2026-05-04,t,,,1,199
38940230,2026-05-05,t,,,1,199
38940230,2026-05-06,t,,,1,199
38940230,2026-05-07,t,,,1,199
38940230,2026-05-08,t,,,1,199
38940230,2026-05-09,t,,,1,199
38940230,2026-05-10,t,,,1,199
38940230,2026-05-11,t,,,1,199
38940230,2026-05-12,t,,,1,199
38940230,2026-05-13,t,,,1,199
38940230,2026-05-14,t,,,1,199
38940230,2026-05-15,t,,,1,199
38940230,2026-05-16,t,,,1,199
38940230,2026-05-17,t,,,1,199
38940230,2026-05-18,t,,,1,199
38940230,2026-05-19,t,,,1,199
38940230,2026-05-20,t,,,1,199
38940230,2026-05-21,t,,,1,199
38940230,2026-05-22,t,,,1,199
38940230,2026-05-23,t,,,1,199
38940230,2026-05-24,t,,,1,199
38940230,2026-05-25,t,,,1,199
38940230,2026-05-26,t,,,1,199
38940230,2026-05-27,t,,,1,199
38940230,2026-05-28,t,,,1,199
38940230,2026-05-29,t,,,1,199
38940230,2026-05-30,t,,,1,199
38940230,2026-05-31,t,,,1,199
38940230,2026-06-01,t,,,1,199
38940230,2026-06-02,t,,,1,199
38940230,2026-06-03,t,,,1,199
38940230,2026-06-04,t,,,1,199
38940230,2026-06-05,t,,,1,199
38940230,2026-06-06,t,,,1,199
38940230,2026-06-07,t,,,1,199
38940230,2026-06-08,t,,,1,199
38940230,2026-06-09,t,,,1,199
38940230,2026-06-10,t,,,1,199
38940230,2026-06-11,t,,,1,199
38940230,2026-06-12,t,,,1,199
38940230,2026-06-13,t,,,1,199
38940230,2026-06-14,t,,,1,199
38940230,2026-06-15,t,,,1,199
38940230,2026-06-16,t,,,1,199
38940230,2026-06-17,t,,,1,199
38940230,2026-06-18,t,,,1,199
38940230,2026-06-19,t,,,1,199
38940230,2026-06-20,t,,,1,199
38940230,2026-06-21,t,,,1,199
38940230,2026-06-22,t,,,1,199
38940230,2026-06-23,t,,,1,199
39452770,2025-06-24,f,,,29,1125
39452770,2025-06-25,t,,,29,1125
39452770,2025-06-26,t,,,29,1125
39452770,2025-06-27,t,,,29,1125
39452770,2025-06-28,t,,,29,1125
39452770,2025-06-29,t,,,29,1125
39452770,2025-06-30,t,,,29,1125
39452770,2025-07-01,t,,,29,1125
39452770,2025-07-02,t,,,29,1125
39452770,2025-07-03,t,,,29,1125
39452770,2025-07-04,t,,,29,1125
39452770,2025-07-05,t,,,29,1125
39452770,2025-07-06,t,,,29,1125
39452770,2025-07-07,t,,,29,1125
39452770,2025-07-08,t,,,29,1125
39452770,2025-07-09,t,,,29,1125
39452770,2025-07-10,t,,,29,1125
39452770,2025-07-11,t,,,29,1125
39452770,2025-07-12,t,,,29,1125
39452770,2025-07-13,t,,,29,1125
39452770,2025-07-14,t,,,29,1125
39452770,2025-07-15,t,,,29,1125
39452770,2025-07-16,t,,,29,1125
39452770,2025-07-17,t,,,29,1125
39452770,2025-07-18,t,,,29,1125
39452770,2025-07-19,t,,,29,1125
39452770,2025-07-20,t,,,29,1125
39452770,2025-07-21,t,,,29,1125
39452770,2025-07-22,t,,,29,1125
39452770,2025-07-23,t,,,29,1125
39452770,2025-07-24,t,,,29,1125
39452770,2025-07-25,t,,,29,1125
39452770,2025-07-26,t,,,29,1125
39452770,2025-07-27,t,,,29,1125
39452770,2025-07-28,t,,,29,1125
39452770,2025-07-29,t,,,29,1125
39452770,2025-07-30,t,,,29,1125
39452770,2025-07-31,t,,,29,1125
39452770,2025-08-01,t,,,29,1125
39452770,2025-08-02,t,,,29,1125
39452770,2025-08-03,t,,,29,1125
39452770,2025-08-04,t,,,29,1125
39452770,2025-08-05,t,,,29,1125
39452770,2025-08-06,t,,,29,1125
39452770,2025-08-07,t,,,29,1125
39452770,2025-08-08,t,,,29,1125
39452770,2025-08-09,t,,,29,1125
39452770,2025-08-10,t,,,29,1125
39452770,2025-08-11,t,,,29,1125
39452770,2025-08-12,t,,,29,1125
39452770,2025-08-13,t,,,29,1125
39452770,2025-08-14,t,,,29,1125
39452770,2025-08-15,t,,,29,1125
39452770,2025-08-16,t,,,29,1125
39452770,2025-08-17,t,,,29,1125
39452770,2025-08-18,t,,,29,1125
39452770,2025-08-19,t,,,29,1125
39452770,2025-08-20,t,,,29,1125
39452770,2025-08-21,t,,,29,1125
39452770,2025-08-22,t,,,29,1125
39452770,2025-08-23,t,,,29,1125
39452770,2025-08-24,t,,,29,1125
39452770,2025-08-25,t,,,29,1125
39452770,2025-08-26,t,,,29,1125
39452770,2025-08-27,t,,,29,1125
39452770,2025-08-28,t,,,29,1125
39452770,2025-08-29,t,,,29,1125
39452770,2025-08-30,t,,,29,1125
39452770,2025-08-31,t,,,29,1125
39452770,2025-09-01,t,,,29,1125
39452770,2025-09-02,t,,,29,1125
39452770,2025-09-03,t,,,29,1125
39452770,2025-09-04,t,,,29,1125
39452770,2025-09-05,t,,,29,1125
39452770,2025-09-06,t,,,29,1125
39452770,2025-09-07,t,,,29,1125
39452770,2025-09-08,t,,,29,1125
39452770,2025-09-09,t,,,29,1125
39452770,2025-09-10,t,,,29,1125
39452770,2025-09-11,t,,,29,1125
39452770,2025-09-12,t,,,29,1125
39452770,2025-09-13,t,,,29,1125
39452770,2025-09-14,t,,,29,1125
39452770,2025-09-15,t,,,29,1125
39452770,2025-09-16,t,,,29,1125
39452770,2025-09-17,t,,,29,1125
39452770,2025-09-18,t,,,29,1125
39452770,2025-09-19,t,,,29,1125
39452770,2025-09-20,t,,,29,1125
39452770,2025-09-21,t,,,29,1125
39452770,2025-09-22,t,,,29,1125
39452770,2025-09-23,t,,,29,1125
39452770,2025-09-24,t,,,29,1125
39452770,2025-09-25,t,,,29,1125
39452770,2025-09-26,t,,,29,1125
39452770,2025-09-27,t,,,29,1125
39452770,2025-09-28,t,,,29,1125
39452770,2025-09-29,t,,,29,1125
39452770,2025-09-30,t,,,29,1125
39452770,2025-10-01,t,,,29,1125
39452770,2025-10-02,t,,,29,1125
39452770,2025-10-03,t,,,29,1125
39452770,2025-10-04,t,,,29,1125
39452770,2025-10-05,t,,,29,1125
39452770,2025-10-06,t,,,29,1125
39452770,2025-10-07,t,,,29,1125
39452770,2025-10-08,t,,,29,1125
39452770,2025-10-09,t,,,29,1125
39452770,2025-10-10,t,,,29,1125
39452770,2025-10-11,t,,,29,1125
39452770,2025-10-12,t,,,29,1125
39452770,2025-10-13,t,,,29,1125
39452770,2025-10-14,t,,,29,1125
39452770,2025-10-15,t,,,29,1125
39452770,2025-10-16,t,,,29,1125
39452770,2025-10-17,t,,,29,1125
39452770,2025-10-18,t,,,29,1125
39452770,2025-10-19,t,,,29,1125
39452770,2025-10-20,t,,,29,1125
39452770,2025-10-21,t,,,29,1125
39452770,2025-10-22,t,,,29,1125
39452770,2025-10-23,t,,,29,1125
39452770,2025-10-24,t,,,29,1125
39452770,2025-10-25,t,,,29,1125
39452770,2025-10-26,t,,,29,1125
39452770,2025-10-27,t,,,29,1125
39452770,2025-10-28,t,,,29,1125
39452770,2025-10-29,t,,,29,1125
39452770,2025-10-30,t,,,29,1125
39452770,2025-10-31,t,,,29,1125
39452770,2025-11-01,t,,,29,1125
39452770,2025-11-02,t,,,29,1125
39452770,2025-11-03,t,,,29,1125
39452770,2025-11-04,t,,,29,1125
39452770,2025-11-05,t,,,29,1125
39452770,2025-11-06,t,,,29,1125
39452770,2025-11-07,t,,,29,1125
39452770,2025-11-08,t,,,29,1125
39452770,2025-11-09,t,,,29,1125
39452770,2025-11-10,t,,,29,1125
39452770,2025-11-11,t,,,29,1125
39452770,2025-11-12,t,,,29,1125
39452770,2025-11-13,t,,,29,1125
39452770,2025-11-14,t,,,29,1125
39452770,2025-11-15,t,,,29,1125
39452770,2025-11-16,t,,,29,1125
39452770,2025-11-17,t,,,29,1125
39452770,2025-11-18,t,,,29,1125
39452770,2025-11-19,t,,,29,1125
39452770,2025-11-20,t,,,29,1125
39452770,2025-11-21,t,,,29,1125
39452770,2025-11-22,t,,,29,1125
39452770,2025-11-23,t,,,29,1125
39452770,2025-11-24,t,,,29,1125
39452770,2025-11-25,t,,,29,1125
39452770,2025-11-26,t,,,29,1125
39452770,2025-11-27,t,,,29,1125
39452770,2025-11-28,t,,,29,1125
39452770,2025-11-29,t,,,29,1125
39452770,2025-11-30,t,,,29,1125
39452770,2025-12-01,t,,,29,1125
39452770,2025-12-02,t,,,29,1125
39452770,2025-12-03,t,,,29,1125
39452770,2025-12-04,t,,,29,1125
39452770,2025-12-05,t,,,29,1125
39452770,2025-12-06,t,,,29,1125
39452770,2025-12-07,t,,,29,1125
39452770,2025-12-08,t,,,29,1125
39452770,2025-12-09,t,,,29,1125
39452770,2025-12-10,t,,,29,1125
39452770,2025-12-11,t,,,29,1125
39452770,2025-12-12,t,,,29,1125
39452770,2025-12-13,t,,,29,1125
39452770,2025-12-14,t,,,29,1125
39452770,2025-12-15,t,,,29,1125
39452770,2025-12-16,t,,,29,1125
39452770,2025-12-17,t,,,29,1125
39452770,2025-12-18,t,,,29,1125
39452770,2025-12-19,t,,,29,1125
39452770,2025-12-20,t,,,29,1125
39452770,2025-12-21,t,,,29,1125
39452770,2025-12-22,t,,,29,1125
39452770,2025-12-23,t,,,29,1125
39452770,2025-12-24,t,,,29,1125
39452770,2025-12-25,t,,,29,1125
39452770,2025-12-26,t,,,29,1125
39452770,2025-12-27,t,,,29,1125
39452770,2025-12-28,t,,,29,1125
39452770,2025-12-29,t,,,29,1125
39452770,2025-12-30,t,,,29,1125
39452770,2025-12-31,t,,,29,1125
39452770,2026-01-01,t,,,29,1125
39452770,2026-01-02,t,,,29,1125
39452770,2026-01-03,t,,,29,1125
39452770,2026-01-04,t,,,29,1125
39452770,2026-01-05,t,,,29,1125
39452770,2026-01-06,t,,,29,1125
39452770,2026-01-07,t,,,29,1125
39452770,2026-01-08,t,,,29,1125
39452770,2026-01-09,t,,,29,1125
39452770,2026-01-10,t,,,29,1125
39452770,2026-01-11,t,,,29,1125
39452770,2026-01-12,t,,,29,1125
39452770,2026-01-13,t,,,29,1125
39452770,2026-01-14,t,,,29,1125
39452770,2026-01-15,t,,,29,1125
39452770,2026-01-16,t,,,29,1125
39452770,2026-01-17,t,,,29,1125
39452770,2026-01-18,t,,,29,1125
39452770,2026-01-19,t,,,29,1125
39452770,2026-01-20,t,,,29,1125
39452770,2026-01-21,t,,,29,1125
39452770,2026-01-22,t,,,29,1125
39452770,2026-01-23,t,,,29,1125
39452770,2026-01-24,t,,,29,1125
39452770,2026-01-25,t,,,29,1125
39452770,2026-01-26,t,,,29,1125
39452770,2026-01-27,t,,,29,1125
39452770,2026-01-28,t,,,29,1125
39452770,2026-01-29,t,,,29,1125
39452770,2026-01-30,t,,,29,1125
39452770,2026-01-31,t,,,29,1125
39452770,2026-02-01,t,,,29,1125
39452770,2026-02-02,t,,,29,1125
39452770,2026-02-03,t,,,29,1125
39452770,2026-02-04,t,,,29,1125
39452770,2026-02-05,t,,,29,1125
39452770,2026-02-06,t,,,29,1125
39452770,2026-02-07,t,,,29,1125
39452770,2026-02-08,t,,,29,1125
39452770,2026-02-09,t,,,29,1125
39452770,2026-02-10,t,,,29,1125
39452770,2026-02-11,t,,,29,1125
39452770,2026-02-12,t,,,29,1125
39452770,2026-02-13,t,,,29,1125
39452770,2026-02-14,t,,,29,1125
39452770,2026-02-15,t,,,29,1125
39452770,2026-02-16,t,,,29,1125
39452770,2026-02-17,t,,,29,1125
39452770,2026-02-18,t,,,29,1125
39452770,2026-02-19,t,,,29,1125
39452770,2026-02-20,t,,,29,1125
39452770,2026-02-21,t,,,29,1125
39452770,2026-02-22,t,,,29,1125
39452770,2026-02-23,t,,,29,1125
39452770,2026-02-24,t,,,29,1125
39452770,2026-02-25,t,,,29,1125
39452770,2026-02-26,t,,,29,1125
39452770,2026-02-27,t,,,29,1125
39452770,2026-02-28,t,,,29,1125
39452770,2026-03-01,t,,,29,1125
39452770,2026-03-02,t,,,29,1125
39452770,2026-03-03,t,,,29,1125
39452770,2026-03-04,t,,,29,1125
39452770,2026-03-05,t,,,29,1125
39452770,2026-03-06,t,,,29,1125
39452770,2026-03-07,t,,,29,1125
39452770,2026-03-08,t,,,29,1125
39452770,2026-03-09,t,,,29,1125
39452770,2026-03-10,t,,,29,1125
39452770,2026-03-11,t,,,29,1125
39452770,2026-03-12,t,,,29,1125
39452770,2026-03-13,t,,,29,1125
39452770,2026-03-14,t,,,29,1125
39452770,2026-03-15,t,,,29,1125
39452770,2026-03-16,t,,,29,1125
39452770,2026-03-17,t,,,29,1125
39452770,2026-03-18,t,,,29,1125
39452770,2026-03-19,t,,,29,1125
39452770,2026-03-20,t,,,29,1125
39452770,2026-03-21,t,,,29,1125
39452770,2026-03-22,t,,,29,1125
39452770,2026-03-23,t,,,29,1125
39452770,2026-03-24,t,,,29,1125
39452770,2026-03-25,t,,,29,1125
39452770,2026-03-26,t,,,29,1125
39452770,2026-03-27,t,,,29,1125
39452770,2026-03-28,t,,,29,1125
39452770,2026-03-29,t,,,29,1125
39452770,2026-03-30,t,,,29,1125
39452770,2026-03-31,t,,,29,1125
39452770,2026-04-01,t,,,29,1125
39452770,2026-04-02,t,,,29,1125
39452770,2026-04-03,t,,,29,1125
39452770,2026-04-04,t,,,29,1125
39452770,2026-04-05,t,,,29,1125
39452770,2026-04-06,t,,,29,1125
39452770,2026-04-07,t,,,29,1125
39452770,2026-04-08,t,,,29,1125
39452770,2026-04-09,t,,,29,1125
39452770,2026-04-10,t,,,29,1125
39452770,2026-04-11,t,,,29,1125
39452770,2026-04-12,t,,,29,1125
39452770,2026-04-13,t,,,29,1125
39452770,2026-04-14,t,,,29,1125
39452770,2026-04-15,t,,,29,1125
39452770,2026-04-16,t,,,29,1125
39452770,2026-04-17,t,,,29,1125
39452770,2026-04-18,t,,,29,1125
39452770,2026-04-19,t,,,29,1125
39452770,2026-04-20,t,,,29,1125
39452770,2026-04-21,t,,,29,1125
39452770,2026-04-22,t,,,29,1125
39452770,2026-04-23,t,,,29,1125
39452770,2026-04-24,t,,,29,1125
39452770,2026-04-25,t,,,29,1125
39452770,2026-04-26,t,,,29,1125
39452770,2026-04-27,t,,,29,1125
39452770,2026-04-28,t,,,29,1125
39452770,2026-04-29,t,,,29,1125
39452770,2026-04-30,t,,,29,1125
39452770,2026-05-01,t,,,29,1125
39452770,2026-05-02,t,,,29,1125
39452770,2026-05-03,t,,,29,1125
39452770,2026-05-04,t,,,29,1125
39452770,2026-05-05,t,,,29,1125
39452770,2026-05-06,t,,,29,1125
39452770,2026-05-07,t,,,29,1125
39452770,2026-05-08,t,,,29,1125
39452770,2026-05-09,t,,,29,1125
39452770,2026-05-10,t,,,29,1125
39452770,2026-05-11,t,,,29,1125
39452770,2026-05-12,t,,,29,1125
39452770,2026-05-13,t,,,29,1125
39452770,2026-05-14,t,,,29,1125
39452770,2026-05-15,t,,,29,1125
39452770,2026-05-16,t,,,29,1125
39452770,2026-05-17,t,,,29,1125
39452770,2026-05-18,t,,,29,1125
39452770,2026-05-19,t,,,29,1125
39452770,2026-05-20,t,,,29,1125
39452770,2026-05-21,t,,,29,1125
39452770,2026-05-22,t,,,29,1125
39452770,2026-05-23,t,,,29,1125
39452770,2026-05-24,t,,,29,1125
39452770,2026-05-25,t,,,29,1125
39452770,2026-05-26,t,,,29,1125
39452770,2026-05-27,t,,,29,1125
39452770,2026-05-28,t,,,29,1125
39452770,2026-05-29,t,,,29,1125
39452770,2026-05-30,t,,,29,1125
39452770,2026-05-31,t,,,29,1125
39452770,2026-06-01,t,,,29,1125
39452770,2026-06-02,t,,,29,1125
39452770,2026-06-03,t,,,29,1125
39452770,2026-06-04,t,,,29,1125
39452770,2026-06-05,t,,,29,1125
39452770,2026-06-06,t,,,29,1125
39452770,2026-06-07,t,,,29,1125
39452770,2026-06-08,t,,,29,1125
39452770,2026-06-09,t,,,29,1125
39452770,2026-06-10,t,,,29,1125
39452770,2026-06-11,t,,,29,1125
39452770,2026-06-12,t,,,29,1125
39452770,2026-06-13,t,,,29,1125
39452770,2026-06-14,t,,,29,1125
39452770,2026-06-15,t,,,29,1125
39452770,2026-06-16,t,,,29,1125
39452770,2026-06-17,t,,,29,1125
39452770,2026-06-18,t,,,29,1125
39452770,2026-06-19,t,,,29,1125
39452770,2026-06-20,t,,,29,1125
39452770,2026-06-21,t,,,29,1125
39452770,2026-06-22,t,,,29,1125
39452770,2026-06-23,t,,,29,1125
40361237,2025-06-24,f,,,29,1125
40361237,2025-06-25,f,,,29,1125
40361237,2025-06-26,t,,,29,1125
40361237,2025-06-27,t,,,29,1125
40361237,2025-06-28,t,,,29,1125
40361237,2025-06-29,t,,,29,1125
40361237,2025-06-30,t,,,29,1125
40361237,2025-07-01,t,,,29,1125
40361237,2025-07-02,t,,,29,1125
40361237,2025-07-03,t,,,29,1125
40361237,2025-07-04,t,,,29,1125
40361237,2025-07-05,t,,,29,1125
40361237,2025-07-06,t,,,29,1125
40361237,2025-07-07,t,,,29,1125
40361237,2025-07-08,t,,,29,1125
40361237,2025-07-09,t,,,29,1125
40361237,2025-07-10,t,,,29,1125
40361237,2025-07-11,t,,,29,1125
40361237,2025-07-12,t,,,29,1125
40361237,2025-07-13,t,,,29,1125
40361237,2025-07-14,t,,,29,1125
40361237,2025-07-15,t,,,29,1125
40361237,2025-07-16,t,,,29,1125
40361237,2025-07-17,t,,,29,1125
40361237,2025-07-18,t,,,29,1125
40361237,2025-07-19,t,,,29,1125
40361237,2025-07-20,t,,,29,1125
40361237,2025-07-21,t,,,29,1125
40361237,2025-07-22,t,,,29,1125
40361237,2025-07-23,t,,,29,1125
40361237,2025-07-24,t,,,29,1125
40361237,2025-07-25,t,,,29,1125
40361237,2025-07-26,t,,,29,1125
40361237,2025-07-27,t,,,29,1125
40361237,2025-07-28,t,,,29,1125
40361237,2025-07-29,t,,,29,1125
40361237,2025-07-30,t,,,29,1125
40361237,2025-07-31,t,,,29,1125
40361237,2025-08-01,t,,,29,1125
40361237,2025-08-02,t,,,29,1125
40361237,2025-08-03,t,,,29,1125
40361237,2025-08-04,t,,,29,1125
40361237,2025-08-05,t,,,29,1125
40361237,2025-08-06,t,,,29,1125
40361237,2025-08-07,t,,,29,1125
40361237,2025-08-08,t,,,29,1125
40361237,2025-08-09,t,,,29,1125
40361237,2025-08-10,t,,,29,1125
40361237,2025-08-11,t,,,29,1125
40361237,2025-08-12,t,,,29,1125
40361237,2025-08-13,t,,,29,1125
40361237,2025-08-14,t,,,29,1125
40361237,2025-08-15,t,,,29,1125
40361237,2025-08-16,t,,,29,1125
40361237,2025-08-17,t,,,29,1125
40361237,2025-08-18,t,,,29,1125
40361237,2025-08-19,t,,,29,1125
40361237,2025-08-20,t,,,29,1125
40361237,2025-08-21,t,,,29,1125
40361237,2025-08-22,t,,,29,1125
40361237,2025-08-23,t,,,29,1125
40361237,2025-08-24,t,,,29,1125
40361237,2025-08-25,t,,,29,1125
40361237,2025-08-26,t,,,29,1125
40361237,2025-08-27,t,,,29,1125
40361237,2025-08-28,t,,,29,1125
40361237,2025-08-29,t,,,29,1125
40361237,2025-08-30,t,,,29,1125
40361237,2025-08-31,t,,,29,1125
40361237,2025-09-01,t,,,29,1125
40361237,2025-09-02,t,,,29,1125
40361237,2025-09-03,t,,,29,1125
40361237,2025-09-04,t,,,29,1125
40361237,2025-09-05,t,,,29,1125
40361237,2025-09-06,t,,,29,1125
40361237,2025-09-07,t,,,29,1125
40361237,2025-09-08,t,,,29,1125
40361237,2025-09-09,t,,,29,1125
40361237,2025-09-10,t,,,29,1125
40361237,2025-09-11,t,,,29,1125
40361237,2025-09-12,t,,,29,1125
40361237,2025-09-13,t,,,29,1125
40361237,2025-09-14,t,,,29,1125
40361237,2025-09-15,t,,,29,1125
40361237,2025-09-16,t,,,29,1125
40361237,2025-09-17,t,,,29,1125
40361237,2025-09-18,t,,,29,1125
40361237,2025-09-19,t,,,29,1125
40361237,2025-09-20,t,,,29,1125
40361237,2025-09-21,t,,,29,1125
40361237,2025-09-22,t,,,29,1125
40361237,2025-09-23,t,,,29,1125
40361237,2025-09-24,t,,,29,1125
40361237,2025-09-25,t,,,29,1125
40361237,2025-09-26,t,,,29,1125
40361237,2025-09-27,t,,,29,1125
40361237,2025-09-28,t,,,29,1125
40361237,2025-09-29,t,,,29,1125
40361237,2025-09-30,t,,,29,1125
40361237,2025-10-01,t,,,29,1125
40361237,2025-10-02,t,,,29,1125
40361237,2025-10-03,t,,,29,1125
40361237,2025-10-04,t,,,29,1125
40361237,2025-10-05,t,,,29,1125
40361237,2025-10-06,t,,,29,1125
40361237,2025-10-07,t,,,29,1125
40361237,2025-10-08,t,,,29,1125
40361237,2025-10-09,t,,,29,1125
40361237,2025-10-10,t,,,29,1125
40361237,2025-10-11,t,,,29,1125
40361237,2025-10-12,t,,,29,1125
40361237,2025-10-13,t,,,29,1125
40361237,2025-10-14,t,,,29,1125
40361237,2025-10-15,t,,,29,1125
40361237,2025-10-16,t,,,29,1125
40361237,2025-10-17,t,,,29,1125
40361237,2025-10-18,t,,,29,1125
40361237,2025-10-19,t,,,29,1125
40361237,2025-10-20,t,,,29,1125
40361237,2025-10-21,t,,,29,1125
40361237,2025-10-22,t,,,29,1125
40361237,2025-10-23,t,,,29,1125
40361237,2025-10-24,t,,,29,1125
40361237,2025-10-25,t,,,29,1125
40361237,2025-10-26,t,,,29,1125
40361237,2025-10-27,t,,,29,1125
40361237,2025-10-28,t,,,29,1125
40361237,2025-10-29,t,,,29,1125
40361237,2025-10-30,t,,,29,1125
40361237,2025-10-31,t,,,29,1125
40361237,2025-11-01,t,,,29,1125
40361237,2025-11-02,t,,,29,1125
40361237,2025-11-03,t,,,29,1125
40361237,2025-11-04,t,,,29,1125
40361237,2025-11-05,t,,,29,1125
40361237,2025-11-06,t,,,29,1125
40361237,2025-11-07,t,,,29,1125
40361237,2025-11-08,t,,,29,1125
40361237,2025-11-09,t,,,29,1125
40361237,2025-11-10,t,,,29,1125
40361237,2025-11-11,t,,,29,1125
40361237,2025-11-12,t,,,29,1125
40361237,2025-11-13,t,,,29,1125
40361237,2025-11-14,t,,,29,1125
40361237,2025-11-15,t,,,29,1125
40361237,2025-11-16,t,,,29,1125
40361237,2025-11-17,t,,,29,1125
40361237,2025-11-18,t,,,29,1125
40361237,2025-11-19,t,,,29,1125
40361237,2025-11-20,t,,,29,1125
40361237,2025-11-21,t,,,29,1125
40361237,2025-11-22,t,,,29,1125
40361237,2025-11-23,t,,,29,1125
40361237,2025-11-24,t,,,29,1125
40361237,2025-11-25,t,,,29,1125
40361237,2025-11-26,t,,,29,1125
40361237,2025-11-27,t,,,29,1125
40361237,2025-11-28,t,,,29,1125
40361237,2025-11-29,t,,,29,1125
40361237,2025-11-30,t,,,29,1125
40361237,2025-12-01,t,,,29,1125
40361237,2025-12-02,t,,,29,1125
40361237,2025-12-03,t,,,29,1125
40361237,2025-12-04,t,,,29,1125
40361237,2025-12-05,t,,,29,1125
40361237,2025-12-06,t,,,29,1125
40361237,2025-12-07,t,,,29,1125
40361237,2025-12-08,t,,,29,1125
40361237,2025-12-09,t,,,29,1125
40361237,2025-12-10,t,,,29,1125
40361237,2025-12-11,t,,,29,1125
40361237,2025-12-12,t,,,29,1125
40361237,2025-12-13,t,,,29,1125
40361237,2025-12-14,t,,,29,1125
40361237,2025-12-15,t,,,29,1125
40361237,2025-12-16,t,,,29,1125
40361237,2025-12-17,t,,,29,1125
40361237,2025-12-18,t,,,29,1125
40361237,2025-12-19,t,,,29,1125
40361237,2025-12-20,t,,,29,1125
40361237,2025-12-21,t,,,29,1125
40361237,2025-12-22,t,,,29,1125
40361237,2025-12-23,t,,,29,1125
40361237,2025-12-24,t,,,29,1125
40361237,2025-12-25,t,,,29,1125
40361237,2025-12-26,t,,,29,1125
40361237,2025-12-27,t,,,29,1125
40361237,2025-12-28,t,,,29,1125
40361237,2025-12-29,t,,,29,1125
40361237,2025-12-30,t,,,29,1125
40361237,2025-12-31,t,,,29,1125
40361237,2026-01-01,t,,,29,1125
40361237,2026-01-02,t,,,29,1125
40361237,2026-01-03,t,,,29,1125
40361237,2026-01-04,t,,,29,1125
40361237,2026-01-05,t,,,29,1125
40361237,2026-01-06,t,,,29,1125
40361237,2026-01-07,t,,,29,1125
40361237,2026-01-08,t,,,29,1125
40361237,2026-01-09,t,,,29,1125
40361237,2026-01-10,t,,,29,1125
40361237,2026-01-11,t,,,29,1125
40361237,2026-01-12,t,,,29,1125
40361237,2026-01-13,t,,,29,1125
40361237,2026-01-14,t,,,29,1125
40361237,2026-01-15,t,,,29,1125
40361237,2026-01-16,t,,,29,1125
40361237,2026-01-17,t,,,29,1125
40361237,2026-01-18,t,,,29,1125
40361237,2026-01-19,t,,,29,1125
40361237,2026-01-20,t,,,29,1125
40361237,2026-01-21,t,,,29,1125
40361237,2026-01-22,t,,,29,1125
40361237,2026-01-23,t,,,29,1125
40361237,2026-01-24,t,,,29,1125
40361237,2026-01-25,t,,,29,1125
40361237,2026-01-26,t,,,29,1125
40361237,2026-01-27,t,,,29,1125
40361237,2026-01-28,t,,,29,1125
40361237,2026-01-29,t,,,29,1125
40361237,2026-01-30,t,,,29,1125
40361237,2026-01-31,t,,,29,1125
40361237,2026-02-01,t,,,29,1125
40361237,2026-02-02,t,,,29,1125
40361237,2026-02-03,t,,,29,1125
40361237,2026-02-04,t,,,29,1125
40361237,2026-02-05,t,,,29,1125
40361237,2026-02-06,t,,,29,1125
40361237,2026-02-07,t,,,29,1125
40361237,2026-02-08,t,,,29,1125
40361237,2026-02-09,t,,,29,1125
40361237,2026-02-10,t,,,29,1125
40361237,2026-02-11,t,,,29,1125
40361237,2026-02-12,t,,,29,1125
40361237,2026-02-13,t,,,29,1125
40361237,2026-02-14,t,,,29,1125
40361237,2026-02-15,t,,,29,1125
40361237,2026-02-16,t,,,29,1125
40361237,2026-02-17,t,,,29,1125
40361237,2026-02-18,t,,,29,1125
40361237,2026-02-19,t,,,29,1125
40361237,2026-02-20,t,,,29,1125
40361237,2026-02-21,t,,,29,1125
40361237,2026-02-22,t,,,29,1125
40361237,2026-02-23,t,,,29,1125
40361237,2026-02-24,t,,,29,1125
40361237,2026-02-25,t,,,29,1125
40361237,2026-02-26,t,,,29,1125
40361237,2026-02-27,t,,,29,1125
40361237,2026-02-28,t,,,29,1125
40361237,2026-03-01,t,,,29,1125
40361237,2026-03-02,t,,,29,1125
40361237,2026-03-03,t,,,29,1125
40361237,2026-03-04,t,,,29,1125
40361237,2026-03-05,t,,,29,1125
40361237,2026-03-06,t,,,29,1125
40361237,2026-03-07,t,,,29,1125
40361237,2026-03-08,t,,,29,1125
40361237,2026-03-09,t,,,29,1125
40361237,2026-03-10,t,,,29,1125
40361237,2026-03-11,t,,,29,1125
40361237,2026-03-12,t,,,29,1125
40361237,2026-03-13,t,,,29,1125
40361237,2026-03-14,t,,,29,1125
40361237,2026-03-15,t,,,29,1125
40361237,2026-03-16,t,,,29,1125
40361237,2026-03-17,t,,,29,1125
40361237,2026-03-18,t,,,29,1125
40361237,2026-03-19,t,,,29,1125
40361237,2026-03-20,t,,,29,1125
40361237,2026-03-21,t,,,29,1125
40361237,2026-03-22,t,,,29,1125
40361237,2026-03-23,t,,,29,1125
40361237,2026-03-24,t,,,29,1125
40361237,2026-03-25,t,,,29,1125
40361237,2026-03-26,t,,,29,1125
40361237,2026-03-27,t,,,29,1125
40361237,2026-03-28,t,,,29,1125
40361237,2026-03-29,t,,,29,1125
40361237,2026-03-30,t,,,29,1125
40361237,2026-03-31,t,,,29,1125
40361237,2026-04-01,t,,,29,1125
40361237,2026-04-02,t,,,29,1125
40361237,2026-04-03,t,,,29,1125
40361237,2026-04-04,t,,,29,1125
40361237,2026-04-05,t,,,29,1125
40361237,2026-04-06,t,,,29,1125
40361237,2026-04-07,t,,,29,1125
40361237,2026-04-08,t,,,29,1125
40361237,2026-04-09,t,,,29,1125
40361237,2026-04-10,t,,,29,1125
40361237,2026-04-11,t,,,29,1125
40361237,2026-04-12,t,,,29,1125
40361237,2026-04-13,t,,,29,1125
40361237,2026-04-14,t,,,29,1125
40361237,2026-04-15,t,,,29,1125
40361237,2026-04-16,t,,,29,1125
40361237,2026-04-17,t,,,29,1125
40361237,2026-04-18,t,,,29,1125
40361237,2026-04-19,t,,,29,1125
40361237,2026-04-20,t,,,29,1125
40361237,2026-04-21,t,,,29,1125
40361237,2026-04-22,t,,,29,1125
40361237,2026-04-23,t,,,29,1125
40361237,2026-04-24,t,,,29,1125
40361237,2026-04-25,t,,,29,1125
40361237,2026-04-26,t,,,29,1125
40361237,2026-04-27,t,,,29,1125
40361237,2026-04-28,t,,,29,1125
40361237,2026-04-29,t,,,29,1125
40361237,2026-04-30,t,,,29,1125
40361237,2026-05-01,t,,,29,1125
40361237,2026-05-02,t,,,29,1125
40361237,2026-05-03,t,,,29,1125
40361237,2026-05-04,t,,,29,1125
40361237,2026-05-05,t,,,29,1125
40361237,2026-05-06,t,,,29,1125
40361237,2026-05-07,t,,,29,1125
40361237,2026-05-08,t,,,29,1125
40361237,2026-05-09,t,,,29,1125
40361237,2026-05-10,t,,,29,1125
40361237,2026-05-11,t,,,29,1125
40361237,2026-05-12,t,,,29,1125
40361237,2026-05-13,t,,,29,1125
40361237,2026-05-14,t,,,29,1125
40361237,2026-05-15,t,,,29,1125
40361237,2026-05-16,t,,,29,1125
40361237,2026-05-17,t,,,29,1125
40361237,2026-05-18,t,,,29,1125
40361237,2026-05-19,t,,,29,1125
40361237,2026-05-20,t,,,29,1125
40361237,2026-05-21,t,,,29,1125
40361237,2026-05-22,t,,,29,1125
40361237,2026-05-23,t,,,29,1125
40361237,2026-05-24,t,,,29,1125
40361237,2026-05-25,t,,,29,1125
40361237,2026-05-26,t,,,29,1125
40361237,2026-05-27,t,,,29,1125
40361237,2026-05-28,t,,,29,1125
40361237,2026-05-29,t,,,29,1125
40361237,2026-05-30,t,,,29,1125
40361237,2026-05-31,t,,,29,1125
40361237,2026-06-01,t,,,29,1125
40361237,2026-06-02,t,,,29,1125
40361237,2026-06-03,t,,,29,1125
40361237,2026-06-04,t,,,29,1125
40361237,2026-06-05,t,,,29,1125
40361237,2026-06-06,t,,,29,1125
40361237,2026-06-07,t,,,29,1125
40361237,2026-06-08,t,,,29,1125
40361237,2026-06-09,t,,,29,1125
40361237,2026-06-10,t,,,29,1125
40361237,2026-06-11,t,,,29,1125
40361237,2026-06-12,t,,,29,1125
40361237,2026-06-13,t,,,29,1125
40361237,2026-06-14,t,,,29,1125
40361237,2026-06-15,t,,,29,1125
40361237,2026-06-16,t,,,29,1125
40361237,2026-06-17,t,,,29,1125
40361237,2026-06-18,t,,,29,1125
40361237,2026-06-19,t,,,29,1125
40361237,2026-06-20,t,,,29,1125
40361237,2026-06-21,t,,,29,1125
40361237,2026-06-22,t,,,29,1125
40361237,2026-06-23,t,,,29,1125
41449096,2025-06-24,f,,,1,1125
41449096,2025-06-25,f,,,1,1125
41449096,2025-06-26,f,,,1,1125
41449096,2025-06-27,f,,,1,1125
41449096,2025-06-28,f,,,1,1125
41449096,2025-06-29,f,,,1,1125
41449096,2025-06-30,f,,,1,1125
41449096,2025-07-01,f,,,1,1125
41449096,2025-07-02,f,,,1,1125
41449096,2025-07-03,t,,,1,1125
41449096,2025-07-04,t,,,1,1125
41449096,2025-07-05,t,,,1,1125
41449096,2025-07-06,t,,,1,1125
41449096,2025-07-07,f,,,1,1125
41449096,2025-07-08,f,,,1,1125
41449096,2025-07-09,f,,,1,1125
41449096,2025-07-10,f,,,1,1125
41449096,2025-07-11,f,,,1,1125
41449096,2025-07-12,f,,,1,1125
41449096,2025-07-13,t,,,1,1125
41449096,2025-07-14,f,,,1,1125
41449096,2025-07-15,f,,,1,1125
41449096,2025-07-16,f,,,1,1125
41449096,2025-07-17,f,,,1,1125
41449096,2025-07-18,f,,,1,1125
41449096,2025-07-19,t,,,1,1125
41449096,2025-07-20,t,,,1,1125
41449096,2025-07-21,t,,,1,1125
41449096,2025-07-22,t,,,1,1125
41449096,2025-07-23,t,,,1,1125
41449096,2025-07-24,f,,,1,1125
41449096,2025-07-25,f,,,1,1125
41449096,2025-07-26,f,,,1,1125
41449096,2025-07-27,f,,,1,1125
41449096,2025-07-28,f,,,1,1125
41449096,2025-07-29,t,,,1,1125
41449096,2025-07-30,t,,,1,1125
41449096,2025-07-31,t,,,1,1125
41449096,2025-08-01,t,,,1,1125
41449096,2025-08-02,t,,,1,1125
41449096,2025-08-03,t,,,1,1125
41449096,2025-08-04,t,,,1,1125
41449096,2025-08-05,t,,,1,1125
41449096,2025-08-06,t,,,1,1125
41449096,2025-08-07,t,,,1,1125
41449096,2025-08-08,t,,,1,1125
41449096,2025-08-09,t,,,1,1125
41449096,2025-08-10,t,,,1,1125
41449096,2025-08-11,t,,,1,1125
41449096,2025-08-12,t,,,1,1125
41449096,2025-08-13,t,,,1,1125
41449096,2025-08-14,t,,,1,1125
41449096,2025-08-15,t,,,1,1125
41449096,2025-08-16,t,,,1,1125
41449096,2025-08-17,f,,,1,1125
41449096,2025-08-18,t,,,1,1125
41449096,2025-08-19,t,,,1,1125
41449096,2025-08-20,t,,,1,1125
41449096,2025-08-21,f,,,1,1125
41449096,2025-08-22,f,,,1,1125
41449096,2025-08-23,f,,,1,1125
41449096,2025-08-24,f,,,1,1125
41449096,2025-08-25,t,,,1,1125
41449096,2025-08-26,t,,,1,1125
41449096,2025-08-27,t,,,1,1125
41449096,2025-08-28,t,,,1,1125
41449096,2025-08-29,t,,,1,1125
41449096,2025-08-30,t,,,1,1125
41449096,2025-08-31,t,,,1,1125
41449096,2025-09-01,t,,,1,1125
41449096,2025-09-02,t,,,1,1125
41449096,2025-09-03,f,,,1,1125
41449096,2025-09-04,f,,,1,1125
41449096,2025-09-05,f,,,1,1125
41449096,2025-09-06,f,,,1,1125
41449096,2025-09-07,t,,,1,1125
41449096,2025-09-08,t,,,1,1125
41449096,2025-09-09,t,,,1,1125
41449096,2025-09-10,t,,,1,1125
41449096,2025-09-11,t,,,1,1125
41449096,2025-09-12,t,,,1,1125
41449096,2025-09-13,t,,,1,1125
41449096,2025-09-14,t,,,1,1125
41449096,2025-09-15,t,,,1,1125
41449096,2025-09-16,t,,,1,1125
41449096,2025-09-17,t,,,1,1125
41449096,2025-09-18,t,,,1,1125
41449096,2025-09-19,t,,,1,1125
41449096,2025-09-20,f,,,1,1125
41449096,2025-09-21,f,,,1,1125
41449096,2025-09-22,f,,,1,1125
41449096,2025-09-23,f,,,1,1125
41449096,2025-09-24,f,,,1,1125
41449096,2025-09-25,f,,,1,1125
41449096,2025-09-26,f,,,1,1125
41449096,2025-09-27,t,,,1,1125
41449096,2025-09-28,t,,,1,1125
41449096,2025-09-29,t,,,1,1125
41449096,2025-09-30,t,,,1,1125
41449096,2025-10-01,t,,,1,1125
41449096,2025-10-02,t,,,1,1125
41449096,2025-10-03,f,,,1,1125
41449096,2025-10-04,f,,,1,1125
41449096,2025-10-05,f,,,1,1125
41449096,2025-10-06,f,,,1,1125
41449096,2025-10-07,f,,,1,1125
41449096,2025-10-08,f,,,1,1125
41449096,2025-10-09,f,,,1,1125
41449096,2025-10-10,f,,,1,1125
41449096,2025-10-11,t,,,1,1125
41449096,2025-10-12,t,,,1,1125
41449096,2025-10-13,t,,,1,1125
41449096,2025-10-14,t,,,1,1125
41449096,2025-10-15,t,,,1,1125
41449096,2025-10-16,f,,,1,1125
41449096,2025-10-17,f,,,1,1125
41449096,2025-10-18,f,,,1,1125
41449096,2025-10-19,f,,,1,1125
41449096,2025-10-20,t,,,1,1125
41449096,2025-10-21,t,,,1,1125
41449096,2025-10-22,t,,,1,1125
41449096,2025-10-23,t,,,1,1125
41449096,2025-10-24,t,,,1,1125
41449096,2025-10-25,t,,,1,1125
41449096,2025-10-26,t,,,1,1125
41449096,2025-10-27,t,,,1,1125
41449096,2025-10-28,t,,,1,1125
41449096,2025-10-29,t,,,1,1125
41449096,2025-10-30,t,,,1,1125
41449096,2025-10-31,t,,,1,1125
41449096,2025-11-01,t,,,1,1125
41449096,2025-11-02,t,,,1,1125
41449096,2025-11-03,t,,,1,1125
41449096,2025-11-04,t,,,1,1125
41449096,2025-11-05,t,,,1,1125
41449096,2025-11-06,t,,,1,1125
41449096,2025-11-07,t,,,1,1125
41449096,2025-11-08,t,,,1,1125
41449096,2025-11-09,t,,,1,1125
41449096,2025-11-10,t,,,1,1125
41449096,2025-11-11,t,,,1,1125
41449096,2025-11-12,t,,,1,1125
41449096,2025-11-13,f,,,1,1125
41449096,2025-11-14,f,,,1,1125
41449096,2025-11-15,f,,,1,1125
41449096,2025-11-16,f,,,1,1125
41449096,2025-11-17,f,,,1,1125
41449096,2025-11-18,f,,,1,1125
41449096,2025-11-19,t,,,1,1125
41449096,2025-11-20,f,,,1,1125
41449096,2025-11-21,f,,,1,1125
41449096,2025-11-22,f,,,1,1125
41449096,2025-11-23,f,,,1,1125
41449096,2025-11-24,f,,,1,1125
41449096,2025-11-25,f,,,1,1125
41449096,2025-11-26,f,,,1,1125
41449096,2025-11-27,f,,,1,1125
41449096,2025-11-28,f,,,1,1125
41449096,2025-11-29,f,,,1,1125
41449096,2025-11-30,t,,,1,1125
41449096,2025-12-01,t,,,1,1125
41449096,2025-12-02,t,,,1,1125
41449096,2025-12-03,t,,,1,1125
41449096,2025-12-04,t,,,1,1125
41449096,2025-12-05,f,,,1,1125
41449096,2025-12-06,f,,,1,1125
41449096,2025-12-07,f,,,1,1125
41449096,2025-12-08,f,,,1,1125
41449096,2025-12-09,t,,,1,1125
41449096,2025-12-10,t,,,1,1125
41449096,2025-12-11,t,,,1,1125
41449096,2025-12-12,t,,,1,1125
41449096,2025-12-13,t,,,1,1125
41449096,2025-12-14,t,,,1,1125
41449096,2025-12-15,t,,,1,1125
41449096,2025-12-16,t,,,1,1125
41449096,2025-12-17,t,,,1,1125
41449096,2025-12-18,f,,,1,1125
41449096,2025-12-19,f,,,1,1125
41449096,2025-12-20,f,,,1,1125
41449096,2025-12-21,f,,,1,1125
41449096,2025-12-22,t,,,1,1125
41449096,2025-12-23,t,,,1,1125
41449096,2025-12-24,t,,,1,1125
41449096,2025-12-25,t,,,1,1125
41449096,2025-12-26,t,,,1,1125
41449096,2025-12-27,t,,,1,1125
41449096,2025-12-28,t,,,1,1125
41449096,2025-12-29,t,,,1,1125
41449096,2025-12-30,t,,,1,1125
41449096,2025-12-31,t,,,1,1125
41449096,2026-01-01,t,,,1,1125
41449096,2026-01-02,t,,,1,1125
41449096,2026-01-03,t,,,1,1125
41449096,2026-01-04,t,,,1,1125
41449096,2026-01-05,t,,,1,1125
41449096,2026-01-06,t,,,1,1125
41449096,2026-01-07,f,,,1,1125
41449096,2026-01-08,f,,,1,1125
41449096,2026-01-09,f,,,1,1125
41449096,2026-01-10,t,,,1,1125
41449096,2026-01-11,t,,,1,1125
41449096,2026-01-12,t,,,1,1125
41449096,2026-01-13,t,,,1,1125
41449096,2026-01-14,t,,,1,1125
41449096,2026-01-15,t,,,1,1125
41449096,2026-01-16,t,,,1,1125
41449096,2026-01-17,t,,,1,1125
41449096,2026-01-18,t,,,1,1125
41449096,2026-01-19,t,,,1,1125
41449096,2026-01-20,t,,,1,1125
41449096,2026-01-21,t,,,1,1125
41449096,2026-01-22,t,,,1,1125
41449096,2026-01-23,t,,,1,1125
41449096,2026-01-24,t,,,1,1125
41449096,2026-01-25,t,,,1,1125
41449096,2026-01-26,t,,,1,1125
41449096,2026-01-27,t,,,1,1125
41449096,2026-01-28,t,,,1,1125
41449096,2026-01-29,t,,,1,1125
41449096,2026-01-30,t,,,1,1125
41449096,2026-01-31,t,,,1,1125
41449096,2026-02-01,t,,,1,1125
41449096,2026-02-02,t,,,1,1125
41449096,2026-02-03,t,,,1,1125
41449096,2026-02-04,t,,,1,1125
41449096,2026-02-05,t,,,1,1125
41449096,2026-02-06,t,,,1,1125
41449096,2026-02-07,t,,,1,1125
41449096,2026-02-08,t,,,1,1125
41449096,2026-02-09,t,,,1,1125
41449096,2026-02-10,t,,,1,1125
41449096,2026-02-11,t,,,1,1125
41449096,2026-02-12,t,,,1,1125
41449096,2026-02-13,t,,,1,1125
41449096,2026-02-14,t,,,1,1125
41449096,2026-02-15,t,,,1,1125
41449096,2026-02-16,t,,,1,1125
41449096,2026-02-17,t,,,1,1125
41449096,2026-02-18,t,,,1,1125
41449096,2026-02-19,t,,,1,1125
41449096,2026-02-20,t,,,1,1125
41449096,2026-02-21,t,,,1,1125
41449096,2026-02-22,t,,,1,1125
41449096,2026-02-23,t,,,1,1125
41449096,2026-02-24,t,,,1,1125
41449096,2026-02-25,t,,,1,1125
41449096,2026-02-26,t,,,1,1125
41449096,2026-02-27,t,,,1,1125
41449096,2026-02-28,t,,,1,1125
41449096,2026-03-01,t,,,1,1125
41449096,2026-03-02,t,,,1,1125
41449096,2026-03-03,t,,,1,1125
41449096,2026-03-04,t,,,1,1125
41449096,2026-03-05,t,,,1,1125
41449096,2026-03-06,t,,,1,1125
41449096,2026-03-07,t,,,1,1125
41449096,2026-03-08,t,,,1,1125
41449096,2026-03-09,t,,,1,1125
41449096,2026-03-10,t,,,1,1125
41449096,2026-03-11,t,,,1,1125
41449096,2026-03-12,t,,,1,1125
41449096,2026-03-13,t,,,1,1125
41449096,2026-03-14,t,,,1,1125
41449096,2026-03-15,t,,,1,1125
41449096,2026-03-16,t,,,1,1125
41449096,2026-03-17,t,,,1,1125
41449096,2026-03-18,t,,,1,1125
41449096,2026-03-19,t,,,1,1125
41449096,2026-03-20,t,,,1,1125
41449096,2026-03-21,t,,,1,1125
41449096,2026-03-22,t,,,1,1125
41449096,2026-03-23,t,,,1,1125
41449096,2026-03-24,t,,,1,1125
41449096,2026-03-25,t,,,1,1125
41449096,2026-03-26,t,,,1,1125
41449096,2026-03-27,t,,,1,1125
41449096,2026-03-28,t,,,1,1125
41449096,2026-03-29,t,,,1,1125
41449096,2026-03-30,t,,,1,1125
41449096,2026-03-31,t,,,1,1125
41449096,2026-04-01,t,,,1,1125
41449096,2026-04-02,t,,,1,1125
41449096,2026-04-03,t,,,1,1125
41449096,2026-04-04,t,,,1,1125
41449096,2026-04-05,t,,,1,1125
41449096,2026-04-06,t,,,1,1125
41449096,2026-04-07,t,,,1,1125
41449096,2026-04-08,t,,,1,1125
41449096,2026-04-09,t,,,1,1125
41449096,2026-04-10,t,,,1,1125
41449096,2026-04-11,t,,,1,1125
41449096,2026-04-12,t,,,1,1125
41449096,2026-04-13,t,,,1,1125
41449096,2026-04-14,t,,,1,1125
41449096,2026-04-15,t,,,1,1125
41449096,2026-04-16,t,,,1,1125
41449096,2026-04-17,t,,,1,1125
41449096,2026-04-18,t,,,1,1125
41449096,2026-04-19,t,,,1,1125
41449096,2026-04-20,t,,,1,1125
41449096,2026-04-21,t,,,1,1125
41449096,2026-04-22,t,,,1,1125
41449096,2026-04-23,t,,,1,1125
41449096,2026-04-24,t,,,1,1125
41449096,2026-04-25,t,,,1,1125
41449096,2026-04-26,t,,,1,1125
41449096,2026-04-27,t,,,1,1125
41449096,2026-04-28,t,,,1,1125
41449096,2026-04-29,t,,,1,1125
41449096,2026-04-30,t,,,1,1125
41449096,2026-05-01,t,,,1,1125
41449096,2026-05-02,t,,,1,1125
41449096,2026-05-03,t,,,1,1125
41449096,2026-05-04,t,,,1,1125
41449096,2026-05-05,t,,,1,1125
41449096,2026-05-06,t,,,1,1125
41449096,2026-05-07,t,,,1,1125
41449096,2026-05-08,t,,,1,1125
41449096,2026-05-09,t,,,1,1125
41449096,2026-05-10,t,,,1,1125
41449096,2026-05-11,t,,,1,1125
41449096,2026-05-12,t,,,1,1125
41449096,2026-05-13,t,,,1,1125
41449096,2026-05-14,t,,,1,1125
41449096,2026-05-15,t,,,1,1125
41449096,2026-05-16,t,,,1,1125
41449096,2026-05-17,t,,,1,1125
41449096,2026-05-18,t,,,1,1125
41449096,2026-05-19,t,,,1,1125
41449096,2026-05-20,t,,,1,1125
41449096,2026-05-21,t,,,1,1125
41449096,2026-05-22,t,,,1,1125
41449096,2026-05-23,t,,,1,1125
41449096,2026-05-24,t,,,1,1125
41449096,2026-05-25,t,,,1,1125
41449096,2026-05-26,t,,,1,1125
41449096,2026-05-27,t,,,1,1125
41449096,2026-05-28,t,,,1,1125
41449096,2026-05-29,t,,,1,1125
41449096,2026-05-30,t,,,1,1125
41449096,2026-05-31,t,,,1,1125
41449096,2026-06-01,t,,,1,1125
41449096,2026-06-02,t,,,1,1125
41449096,2026-06-03,t,,,1,1125
41449096,2026-06-04,t,,,1,1125
41449096,2026-06-05,t,,,1,1125
41449096,2026-06-06,t,,,1,1125
41449096,2026-06-07,t,,,1,1125
41449096,2026-06-08,t,,,1,1125
41449096,2026-06-09,t,,,1,1125
41449096,2026-06-10,t,,,1,1125
41449096,2026-06-11,t,,,1,1125
41449096,2026-06-12,t,,,1,1125
41449096,2026-06-13,t,,,1,1125
41449096,2026-06-14,t,,,1,1125
41449096,2026-06-15,t,,,1,1125
41449096,2026-06-16,t,,,1,1125
41449096,2026-06-17,t,,,1,1125
41449096,2026-06-18,t,,,1,1125
41449096,2026-06-19,t,,,1,1125
41449096,2026-06-20,t,,,1,1125
41449096,2026-06-21,t,,,1,1125
41449096,2026-06-22,t,,,1,1125
41449096,2026-06-23,t,,,1,1125
41600828,2025-06-24,f,,,1,1125
41600828,2025-06-25,f,,,1,1125
41600828,2025-06-26,f,,,1,1125
41600828,2025-06-27,f,,,1,1125
41600828,2025-06-28,f,,,1,1125
41600828,2025-06-29,t,,,1,1125
41600828,2025-06-30,t,,,1,1125
41600828,2025-07-01,t,,,1,1125
41600828,2025-07-02,t,,,1,1125
41600828,2025-07-03,t,,,1,1125
41600828,2025-07-04,t,,,1,1125
41600828,2025-07-05,t,,,1,1125
41600828,2025-07-06,t,,,1,1125
41600828,2025-07-07,f,,,1,1125
41600828,2025-07-08,f,,,1,1125
41600828,2025-07-09,f,,,1,1125
41600828,2025-07-10,f,,,1,1125
41600828,2025-07-11,f,,,1,1125
41600828,2025-07-12,f,,,1,1125
41600828,2025-07-13,t,,,1,1125
41600828,2025-07-14,f,,,1,1125
41600828,2025-07-15,f,,,1,1125
41600828,2025-07-16,f,,,1,1125
41600828,2025-07-17,f,,,1,1125
41600828,2025-07-18,f,,,1,1125
41600828,2025-07-19,t,,,1,1125
41600828,2025-07-20,t,,,1,1125
41600828,2025-07-21,t,,,1,1125
41600828,2025-07-22,t,,,1,1125
41600828,2025-07-23,t,,,1,1125
41600828,2025-07-24,f,,,1,1125
41600828,2025-07-25,f,,,1,1125
41600828,2025-07-26,f,,,1,1125
41600828,2025-07-27,f,,,1,1125
41600828,2025-07-28,f,,,1,1125
41600828,2025-07-29,t,,,1,1125
41600828,2025-07-30,t,,,1,1125
41600828,2025-07-31,t,,,1,1125
41600828,2025-08-01,t,,,1,1125
41600828,2025-08-02,t,,,1,1125
41600828,2025-08-03,t,,,1,1125
41600828,2025-08-04,t,,,1,1125
41600828,2025-08-05,t,,,1,1125
41600828,2025-08-06,t,,,1,1125
41600828,2025-08-07,t,,,1,1125
41600828,2025-08-08,t,,,1,1125
41600828,2025-08-09,t,,,1,1125
41600828,2025-08-10,t,,,1,1125
41600828,2025-08-11,t,,,1,1125
41600828,2025-08-12,t,,,1,1125
41600828,2025-08-13,t,,,1,1125
41600828,2025-08-14,t,,,1,1125
41600828,2025-08-15,t,,,1,1125
41600828,2025-08-16,t,,,1,1125
41600828,2025-08-17,t,,,1,1125
41600828,2025-08-18,t,,,1,1125
41600828,2025-08-19,t,,,1,1125
41600828,2025-08-20,t,,,1,1125
41600828,2025-08-21,f,,,1,1125
41600828,2025-08-22,f,,,1,1125
41600828,2025-08-23,f,,,1,1125
41600828,2025-08-24,f,,,1,1125
41600828,2025-08-25,t,,,1,1125
41600828,2025-08-26,t,,,1,1125
41600828,2025-08-27,t,,,1,1125
41600828,2025-08-28,t,,,1,1125
41600828,2025-08-29,t,,,1,1125
41600828,2025-08-30,t,,,1,1125
41600828,2025-08-31,t,,,1,1125
41600828,2025-09-01,t,,,1,1125
41600828,2025-09-02,t,,,1,1125
41600828,2025-09-03,f,,,1,1125
41600828,2025-09-04,f,,,1,1125
41600828,2025-09-05,f,,,1,1125
41600828,2025-09-06,f,,,1,1125
41600828,2025-09-07,t,,,1,1125
41600828,2025-09-08,t,,,1,1125
41600828,2025-09-09,t,,,1,1125
41600828,2025-09-10,t,,,1,1125
41600828,2025-09-11,t,,,1,1125
41600828,2025-09-12,t,,,1,1125
41600828,2025-09-13,t,,,1,1125
41600828,2025-09-14,t,,,1,1125
41600828,2025-09-15,t,,,1,1125
41600828,2025-09-16,t,,,1,1125
41600828,2025-09-17,t,,,1,1125
41600828,2025-09-18,t,,,1,1125
41600828,2025-09-19,t,,,1,1125
41600828,2025-09-20,f,,,1,1125
41600828,2025-09-21,f,,,1,1125
41600828,2025-09-22,f,,,1,1125
41600828,2025-09-23,f,,,1,1125
41600828,2025-09-24,f,,,1,1125
41600828,2025-09-25,f,,,1,1125
41600828,2025-09-26,f,,,1,1125
41600828,2025-09-27,t,,,1,1125
41600828,2025-09-28,t,,,1,1125
41600828,2025-09-29,t,,,1,1125
41600828,2025-09-30,t,,,1,1125
41600828,2025-10-01,t,,,1,1125
41600828,2025-10-02,t,,,1,1125
41600828,2025-10-03,f,,,1,1125
41600828,2025-10-04,f,,,1,1125
41600828,2025-10-05,f,,,1,1125
41600828,2025-10-06,f,,,1,1125
41600828,2025-10-07,f,,,1,1125
41600828,2025-10-08,f,,,1,1125
41600828,2025-10-09,f,,,1,1125
41600828,2025-10-10,f,,,1,1125
41600828,2025-10-11,t,,,1,1125
41600828,2025-10-12,t,,,1,1125
41600828,2025-10-13,t,,,1,1125
41600828,2025-10-14,t,,,1,1125
41600828,2025-10-15,t,,,1,1125
41600828,2025-10-16,f,,,1,1125
41600828,2025-10-17,f,,,1,1125
41600828,2025-10-18,f,,,1,1125
41600828,2025-10-19,f,,,1,1125
41600828,2025-10-20,t,,,1,1125
41600828,2025-10-21,t,,,1,1125
41600828,2025-10-22,t,,,1,1125
41600828,2025-10-23,t,,,1,1125
41600828,2025-10-24,t,,,1,1125
41600828,2025-10-25,t,,,1,1125
41600828,2025-10-26,t,,,1,1125
41600828,2025-10-27,t,,,1,1125
41600828,2025-10-28,t,,,1,1125
41600828,2025-10-29,t,,,1,1125
41600828,2025-10-30,t,,,1,1125
41600828,2025-10-31,t,,,1,1125
41600828,2025-11-01,t,,,1,1125
41600828,2025-11-02,t,,,1,1125
41600828,2025-11-03,t,,,1,1125
41600828,2025-11-04,t,,,1,1125
41600828,2025-11-05,t,,,1,1125
41600828,2025-11-06,t,,,1,1125
41600828,2025-11-07,t,,,1,1125
41600828,2025-11-08,t,,,1,1125
41600828,2025-11-09,t,,,1,1125
41600828,2025-11-10,t,,,1,1125
41600828,2025-11-11,t,,,1,1125
41600828,2025-11-12,t,,,1,1125
41600828,2025-11-13,f,,,1,1125
41600828,2025-11-14,f,,,1,1125
41600828,2025-11-15,f,,,1,1125
41600828,2025-11-16,f,,,1,1125
41600828,2025-11-17,f,,,1,1125
41600828,2025-11-18,f,,,1,1125
41600828,2025-11-19,t,,,1,1125
41600828,2025-11-20,f,,,1,1125
41600828,2025-11-21,f,,,1,1125
41600828,2025-11-22,f,,,1,1125
41600828,2025-11-23,f,,,1,1125
41600828,2025-11-24,f,,,1,1125
41600828,2025-11-25,f,,,1,1125
41600828,2025-11-26,f,,,1,1125
41600828,2025-11-27,f,,,1,1125
41600828,2025-11-28,f,,,1,1125
41600828,2025-11-29,f,,,1,1125
41600828,2025-11-30,t,,,1,1125
41600828,2025-12-01,t,,,1,1125
41600828,2025-12-02,t,,,1,1125
41600828,2025-12-03,t,,,1,1125
41600828,2025-12-04,t,,,1,1125
41600828,2025-12-05,f,,,1,1125
41600828,2025-12-06,f,,,1,1125
41600828,2025-12-07,f,,,1,1125
41600828,2025-12-08,f,,,1,1125
41600828,2025-12-09,t,,,1,1125
41600828,2025-12-10,t,,,1,1125
41600828,2025-12-11,t,,,1,1125
41600828,2025-12-12,t,,,1,1125
41600828,2025-12-13,t,,,1,1125
41600828,2025-12-14,t,,,1,1125
41600828,2025-12-15,t,,,1,1125
41600828,2025-12-16,t,,,1,1125
41600828,2025-12-17,t,,,1,1125
41600828,2025-12-18,f,,,1,1125
41600828,2025-12-19,f,,,1,1125
41600828,2025-12-20,f,,,1,1125
41600828,2025-12-21,f,,,1,1125
41600828,2025-12-22,t,,,1,1125
41600828,2025-12-23,t,,,1,1125
41600828,2025-12-24,t,,,1,1125
41600828,2025-12-25,t,,,1,1125
41600828,2025-12-26,f,,,1,1125
41600828,2025-12-27,f,,,1,1125
41600828,2025-12-28,f,,,1,1125
41600828,2025-12-29,f,,,1,1125
41600828,2025-12-30,t,,,1,1125
41600828,2025-12-31,t,,,1,1125
41600828,2026-01-01,t,,,1,1125
41600828,2026-01-02,t,,,1,1125
41600828,2026-01-03,t,,,1,1125
41600828,2026-01-04,t,,,1,1125
41600828,2026-01-05,t,,,1,1125
41600828,2026-01-06,t,,,1,1125
41600828,2026-01-07,f,,,1,1125
41600828,2026-01-08,f,,,1,1125
41600828,2026-01-09,f,,,1,1125
41600828,2026-01-10,t,,,1,1125
41600828,2026-01-11,t,,,1,1125
41600828,2026-01-12,t,,,1,1125
41600828,2026-01-13,t,,,1,1125
41600828,2026-01-14,t,,,1,1125
41600828,2026-01-15,t,,,1,1125
41600828,2026-01-16,t,,,1,1125
41600828,2026-01-17,t,,,1,1125
41600828,2026-01-18,t,,,1,1125
41600828,2026-01-19,t,,,1,1125
41600828,2026-01-20,t,,,1,1125
41600828,2026-01-21,t,,,1,1125
41600828,2026-01-22,t,,,1,1125
41600828,2026-01-23,t,,,1,1125
41600828,2026-01-24,t,,,1,1125
41600828,2026-01-25,t,,,1,1125
41600828,2026-01-26,t,,,1,1125
41600828,2026-01-27,t,,,1,1125
41600828,2026-01-28,t,,,1,1125
41600828,2026-01-29,t,,,1,1125
41600828,2026-01-30,t,,,1,1125
41600828,2026-01-31,t,,,1,1125
41600828,2026-02-01,t,,,1,1125
41600828,2026-02-02,t,,,1,1125
41600828,2026-02-03,t,,,1,1125
41600828,2026-02-04,t,,,1,1125
41600828,2026-02-05,t,,,1,1125
41600828,2026-02-06,t,,,1,1125
41600828,2026-02-07,t,,,1,1125
41600828,2026-02-08,t,,,1,1125
41600828,2026-02-09,t,,,1,1125
41600828,2026-02-10,t,,,1,1125
41600828,2026-02-11,t,,,1,1125
41600828,2026-02-12,t,,,1,1125
41600828,2026-02-13,t,,,1,1125
41600828,2026-02-14,t,,,1,1125
41600828,2026-02-15,t,,,1,1125
41600828,2026-02-16,t,,,1,1125
41600828,2026-02-17,t,,,1,1125
41600828,2026-02-18,t,,,1,1125
41600828,2026-02-19,t,,,1,1125
41600828,2026-02-20,t,,,1,1125
41600828,2026-02-21,t,,,1,1125
41600828,2026-02-22,t,,,1,1125
41600828,2026-02-23,t,,,1,1125
41600828,2026-02-24,t,,,1,1125
41600828,2026-02-25,t,,,1,1125
41600828,2026-02-26,t,,,1,1125
41600828,2026-02-27,t,,,1,1125
41600828,2026-02-28,t,,,1,1125
41600828,2026-03-01,t,,,1,1125
41600828,2026-03-02,t,,,1,1125
41600828,2026-03-03,t,,,1,1125
41600828,2026-03-04,t,,,1,1125
41600828,2026-03-05,t,,,1,1125
41600828,2026-03-06,t,,,1,1125
41600828,2026-03-07,t,,,1,1125
41600828,2026-03-08,t,,,1,1125
41600828,2026-03-09,t,,,1,1125
41600828,2026-03-10,t,,,1,1125
41600828,2026-03-11,t,,,1,1125
41600828,2026-03-12,t,,,1,1125
41600828,2026-03-13,t,,,1,1125
41600828,2026-03-14,t,,,1,1125
41600828,2026-03-15,t,,,1,1125
41600828,2026-03-16,t,,,1,1125
41600828,2026-03-17,t,,,1,1125
41600828,2026-03-18,t,,,1,1125
41600828,2026-03-19,t,,,1,1125
41600828,2026-03-20,t,,,1,1125
41600828,2026-03-21,t,,,1,1125
41600828,2026-03-22,t,,,1,1125
41600828,2026-03-23,t,,,1,1125
41600828,2026-03-24,t,,,1,1125
41600828,2026-03-25,t,,,1,1125
41600828,2026-03-26,t,,,1,1125
41600828,2026-03-27,t,,,1,1125
41600828,2026-03-28,t,,,1,1125
41600828,2026-03-29,t,,,1,1125
41600828,2026-03-30,t,,,1,1125
41600828,2026-03-31,t,,,1,1125
41600828,2026-04-01,t,,,1,1125
41600828,2026-04-02,t,,,1,1125
41600828,2026-04-03,t,,,1,1125
41600828,2026-04-04,t,,,1,1125
41600828,2026-04-05,t,,,1,1125
41600828,2026-04-06,t,,,1,1125
41600828,2026-04-07,t,,,1,1125
41600828,2026-04-08,t,,,1,1125
41600828,2026-04-09,t,,,1,1125
41600828,2026-04-10,t,,,1,1125
41600828,2026-04-11,t,,,1,1125
41600828,2026-04-12,t,,,1,1125
41600828,2026-04-13,t,,,1,1125
41600828,2026-04-14,t,,,1,1125
41600828,2026-04-15,t,,,1,1125
41600828,2026-04-16,t,,,1,1125
41600828,2026-04-17,t,,,1,1125
41600828,2026-04-18,t,,,1,1125
41600828,2026-04-19,t,,,1,1125
41600828,2026-04-20,t,,,1,1125
41600828,2026-04-21,t,,,1,1125
41600828,2026-04-22,t,,,1,1125
41600828,2026-04-23,t,,,1,1125
41600828,2026-04-24,t,,,1,1125
41600828,2026-04-25,t,,,1,1125
41600828,2026-04-26,t,,,1,1125
41600828,2026-04-27,t,,,1,1125
41600828,2026-04-28,t,,,1,1125
41600828,2026-04-29,t,,,1,1125
41600828,2026-04-30,t,,,1,1125
41600828,2026-05-01,t,,,1,1125
41600828,2026-05-02,t,,,1,1125
41600828,2026-05-03,t,,,1,1125
41600828,2026-05-04,t,,,1,1125
41600828,2026-05-05,t,,,1,1125
41600828,2026-05-06,t,,,1,1125
41600828,2026-05-07,t,,,1,1125
41600828,2026-05-08,t,,,1,1125
41600828,2026-05-09,t,,,1,1125
41600828,2026-05-10,t,,,1,1125
41600828,2026-05-11,t,,,1,1125
41600828,2026-05-12,t,,,1,1125
41600828,2026-05-13,t,,,1,1125
41600828,2026-05-14,t,,,1,1125
41600828,2026-05-15,t,,,1,1125
41600828,2026-05-16,t,,,1,1125
41600828,2026-05-17,t,,,1,1125
41600828,2026-05-18,t,,,1,1125
41600828,2026-05-19,t,,,1,1125
41600828,2026-05-20,t,,,1,1125
41600828,2026-05-21,t,,,1,1125
41600828,2026-05-22,t,,,1,1125
41600828,2026-05-23,t,,,1,1125
41600828,2026-05-24,t,,,1,1125
41600828,2026-05-25,t,,,1,1125
41600828,2026-05-26,t,,,1,1125
41600828,2026-05-27,t,,,1,1125
41600828,2026-05-28,t,,,1,1125
41600828,2026-05-29,t,,,1,1125
41600828,2026-05-30,t,,,1,1125
41600828,2026-05-31,t,,,1,1125
41600828,2026-06-01,t,,,1,1125
41600828,2026-06-02,t,,,1,1125
41600828,2026-06-03,t,,,1,1125
41600828,2026-06-04,t,,,1,1125
41600828,2026-06-05,t,,,1,1125
41600828,2026-06-06,t,,,1,1125
41600828,2026-06-07,t,,,1,1125
41600828,2026-06-08,t,,,1,1125
41600828,2026-06-09,t,,,1,1125
41600828,2026-06-10,t,,,1,1125
41600828,2026-06-11,t,,,1,1125
41600828,2026-06-12,t,,,1,1125
41600828,2026-06-13,t,,,1,1125
41600828,2026-06-14,t,,,1,1125
41600828,2026-06-15,t,,,1,1125
41600828,2026-06-16,t,,,1,1125
41600828,2026-06-17,t,,,1,1125
41600828,2026-06-18,t,,,1,1125
41600828,2026-06-19,t,,,1,1125
41600828,2026-06-20,t,,,1,1125
41600828,2026-06-21,t,,,1,1125
41600828,2026-06-22,t,,,1,1125
41600828,2026-06-23,t,,,1,1125
42055456,2025-06-24,f,,,3,1125
42055456,2025-06-25,f,,,3,1125
42055456,2025-06-26,f,,,3,1125
42055456,2025-06-27,f,,,3,1125
42055456,2025-06-28,f,,,3,1125
42055456,2025-06-29,f,,,3,1125
42055456,2025-06-30,f,,,3,1125
42055456,2025-07-01,f,,,3,1125
42055456,2025-07-02,f,,,3,1125
42055456,2025-07-03,f,,,3,1125
42055456,2025-07-04,f,,,3,1125
42055456,2025-07-05,f,,,3,1125
42055456,2025-07-06,f,,,3,1125
42055456,2025-07-07,f,,,3,1125
42055456,2025-07-08,f,,,3,1125
42055456,2025-07-09,f,,,3,1125
42055456,2025-07-10,f,,,3,1125
42055456,2025-07-11,f,,,3,1125
42055456,2025-07-12,f,,,3,1125
42055456,2025-07-13,f,,,3,1125
42055456,2025-07-14,f,,,3,1125
42055456,2025-07-15,f,,,3,1125
42055456,2025-07-16,f,,,3,1125
42055456,2025-07-17,f,,,3,1125
42055456,2025-07-18,f,,,3,1125
42055456,2025-07-19,f,,,3,1125
42055456,2025-07-20,f,,,3,1125
42055456,2025-07-21,f,,,3,1125
42055456,2025-07-22,f,,,3,1125
42055456,2025-07-23,f,,,3,1125
42055456,2025-07-24,f,,,3,1125
42055456,2025-07-25,f,,,3,1125
42055456,2025-07-26,f,,,3,1125
42055456,2025-07-27,f,,,3,1125
42055456,2025-07-28,f,,,3,1125
42055456,2025-07-29,f,,,3,1125
42055456,2025-07-30,f,,,3,1125
42055456,2025-07-31,f,,,3,1125
42055456,2025-08-01,f,,,3,1125
42055456,2025-08-02,f,,,3,1125
42055456,2025-08-03,f,,,3,1125
42055456,2025-08-04,f,,,3,1125
42055456,2025-08-05,f,,,3,1125
42055456,2025-08-06,f,,,3,1125
42055456,2025-08-07,f,,,3,1125
42055456,2025-08-08,f,,,3,1125
42055456,2025-08-09,f,,,3,1125
42055456,2025-08-10,f,,,3,1125
42055456,2025-08-11,f,,,3,1125
42055456,2025-08-12,f,,,3,1125
42055456,2025-08-13,f,,,3,1125
42055456,2025-08-14,f,,,3,1125
42055456,2025-08-15,f,,,3,1125
42055456,2025-08-16,f,,,3,1125
42055456,2025-08-17,f,,,3,1125
42055456,2025-08-18,f,,,3,1125
42055456,2025-08-19,f,,,3,1125
42055456,2025-08-20,f,,,3,1125
42055456,2025-08-21,f,,,3,1125
42055456,2025-08-22,f,,,3,1125
42055456,2025-08-23,f,,,3,1125
42055456,2025-08-24,f,,,3,1125
42055456,2025-08-25,f,,,3,1125
42055456,2025-08-26,f,,,3,1125
42055456,2025-08-27,f,,,3,1125
42055456,2025-08-28,f,,,3,1125
42055456,2025-08-29,f,,,3,1125
42055456,2025-08-30,f,,,3,1125
42055456,2025-08-31,f,,,3,1125
42055456,2025-09-01,f,,,3,1125
42055456,2025-09-02,f,,,3,1125
42055456,2025-09-03,f,,,3,1125
42055456,2025-09-04,f,,,3,1125
42055456,2025-09-05,f,,,3,1125
42055456,2025-09-06,f,,,3,1125
42055456,2025-09-07,f,,,3,1125
42055456,2025-09-08,f,,,3,1125
42055456,2025-09-09,f,,,3,1125
42055456,2025-09-10,f,,,3,1125
42055456,2025-09-11,f,,,3,1125
42055456,2025-09-12,f,,,3,1125
42055456,2025-09-13,f,,,3,1125
42055456,2025-09-14,f,,,3,1125
42055456,2025-09-15,f,,,3,1125
42055456,2025-09-16,f,,,3,1125
42055456,2025-09-17,f,,,3,1125
42055456,2025-09-18,f,,,3,1125
42055456,2025-09-19,f,,,3,1125
42055456,2025-09-20,f,,,3,1125
42055456,2025-09-21,f,,,3,1125
42055456,2025-09-22,f,,,3,1125
42055456,2025-09-23,f,,,3,1125
42055456,2025-09-24,f,,,3,1125
42055456,2025-09-25,f,,,3,1125
42055456,2025-09-26,f,,,3,1125
42055456,2025-09-27,f,,,3,1125
42055456,2025-09-28,f,,,3,1125
42055456,2025-09-29,f,,,3,1125
42055456,2025-09-30,f,,,3,1125
42055456,2025-10-01,f,,,3,1125
42055456,2025-10-02,f,,,3,1125
42055456,2025-10-03,f,,,3,1125
42055456,2025-10-04,f,,,3,1125
42055456,2025-10-05,f,,,3,1125
42055456,2025-10-06,f,,,3,1125
42055456,2025-10-07,f,,,3,1125
42055456,2025-10-08,f,,,3,1125
42055456,2025-10-09,f,,,3,1125
42055456,2025-10-10,f,,,3,1125
42055456,2025-10-11,f,,,3,1125
42055456,2025-10-12,f,,,3,1125
42055456,2025-10-13,f,,,3,1125
42055456,2025-10-14,f,,,3,1125
42055456,2025-10-15,f,,,3,1125
42055456,2025-10-16,f,,,3,1125
42055456,2025-10-17,f,,,3,1125
42055456,2025-10-18,f,,,3,1125
42055456,2025-10-19,f,,,3,1125
42055456,2025-10-20,f,,,3,1125
42055456,2025-10-21,f,,,3,1125
42055456,2025-10-22,f,,,3,1125
42055456,2025-10-23,f,,,3,1125
42055456,2025-10-24,f,,,3,1125
42055456,2025-10-25,f,,,3,1125
42055456,2025-10-26,f,,,3,1125
42055456,2025-10-27,f,,,3,1125
42055456,2025-10-28,f,,,3,1125
42055456,2025-10-29,f,,,3,1125
42055456,2025-10-30,f,,,3,1125
42055456,2025-10-31,f,,,3,1125
42055456,2025-11-01,f,,,3,1125
42055456,2025-11-02,f,,,3,1125
42055456,2025-11-03,f,,,3,1125
42055456,2025-11-04,f,,,3,1125
42055456,2025-11-05,f,,,3,1125
42055456,2025-11-06,f,,,3,1125
42055456,2025-11-07,f,,,3,1125
42055456,2025-11-08,f,,,3,1125
42055456,2025-11-09,f,,,3,1125
42055456,2025-11-10,f,,,3,1125
42055456,2025-11-11,f,,,3,1125
42055456,2025-11-12,f,,,3,1125
42055456,2025-11-13,f,,,3,1125
42055456,2025-11-14,f,,,3,1125
42055456,2025-11-15,f,,,3,1125
42055456,2025-11-16,f,,,3,1125
42055456,2025-11-17,f,,,3,1125
42055456,2025-11-18,f,,,3,1125
42055456,2025-11-19,f,,,3,1125
42055456,2025-11-20,f,,,3,1125
42055456,2025-11-21,f,,,3,1125
42055456,2025-11-22,f,,,3,1125
42055456,2025-11-23,f,,,3,1125
42055456,2025-11-24,f,,,3,1125
42055456,2025-11-25,f,,,3,1125
42055456,2025-11-26,f,,,3,1125
42055456,2025-11-27,f,,,3,1125
42055456,2025-11-28,f,,,3,1125
42055456,2025-11-29,f,,,3,1125
42055456,2025-11-30,f,,,3,1125
42055456,2025-12-01,f,,,3,1125
42055456,2025-12-02,f,,,3,1125
42055456,2025-12-03,f,,,3,1125
42055456,2025-12-04,f,,,3,1125
42055456,2025-12-05,f,,,3,1125
42055456,2025-12-06,f,,,3,1125
42055456,2025-12-07,f,,,3,1125
42055456,2025-12-08,f,,,3,1125
42055456,2025-12-09,f,,,3,1125
42055456,2025-12-10,f,,,3,1125
42055456,2025-12-11,f,,,3,1125
42055456,2025-12-12,f,,,3,1125
42055456,2025-12-13,f,,,3,1125
42055456,2025-12-14,f,,,3,1125
42055456,2025-12-15,f,,,3,1125
42055456,2025-12-16,f,,,3,1125
42055456,2025-12-17,f,,,3,1125
42055456,2025-12-18,f,,,3,1125
42055456,2025-12-19,f,,,3,1125
42055456,2025-12-20,f,,,3,1125
42055456,2025-12-21,f,,,3,1125
42055456,2025-12-22,f,,,3,1125
42055456,2025-12-23,f,,,3,1125
42055456,2025-12-24,f,,,3,1125
42055456,2025-12-25,f,,,3,1125
42055456,2025-12-26,f,,,3,1125
42055456,2025-12-27,f,,,3,1125
42055456,2025-12-28,f,,,3,1125
42055456,2025-12-29,f,,,3,1125
42055456,2025-12-30,f,,,3,1125
42055456,2025-12-31,f,,,3,1125
42055456,2026-01-01,f,,,3,1125
42055456,2026-01-02,f,,,3,1125
42055456,2026-01-03,f,,,3,1125
42055456,2026-01-04,f,,,3,1125
42055456,2026-01-05,f,,,3,1125
42055456,2026-01-06,f,,,3,1125
42055456,2026-01-07,f,,,3,1125
42055456,2026-01-08,f,,,3,1125
42055456,2026-01-09,f,,,3,1125
42055456,2026-01-10,f,,,3,1125
42055456,2026-01-11,f,,,3,1125
42055456,2026-01-12,f,,,3,1125
42055456,2026-01-13,f,,,3,1125
42055456,2026-01-14,f,,,3,1125
42055456,2026-01-15,f,,,3,1125
42055456,2026-01-16,f,,,3,1125
42055456,2026-01-17,f,,,3,1125
42055456,2026-01-18,f,,,3,1125
42055456,2026-01-19,f,,,3,1125
42055456,2026-01-20,f,,,3,1125
42055456,2026-01-21,f,,,3,1125
42055456,2026-01-22,f,,,3,1125
42055456,2026-01-23,f,,,3,1125
42055456,2026-01-24,f,,,3,1125
42055456,2026-01-25,f,,,3,1125
42055456,2026-01-26,f,,,3,1125
42055456,2026-01-27,f,,,3,1125
42055456,2026-01-28,f,,,3,1125
42055456,2026-01-29,f,,,3,1125
42055456,2026-01-30,f,,,3,1125
42055456,2026-01-31,f,,,3,1125
42055456,2026-02-01,f,,,3,1125
42055456,2026-02-02,f,,,3,1125
42055456,2026-02-03,f,,,3,1125
42055456,2026-02-04,f,,,3,1125
42055456,2026-02-05,f,,,3,1125
42055456,2026-02-06,f,,,3,1125
42055456,2026-02-07,f,,,3,1125
42055456,2026-02-08,f,,,3,1125
42055456,2026-02-09,f,,,3,1125
42055456,2026-02-10,f,,,3,1125
42055456,2026-02-11,f,,,3,1125
42055456,2026-02-12,f,,,3,1125
42055456,2026-02-13,f,,,3,1125
42055456,2026-02-14,f,,,3,1125
42055456,2026-02-15,f,,,3,1125
42055456,2026-02-16,f,,,3,1125
42055456,2026-02-17,f,,,3,1125
42055456,2026-02-18,f,,,3,1125
42055456,2026-02-19,f,,,3,1125
42055456,2026-02-20,f,,,3,1125
42055456,2026-02-21,f,,,3,1125
42055456,2026-02-22,f,,,3,1125
42055456,2026-02-23,f,,,3,1125
42055456,2026-02-24,f,,,3,1125
42055456,2026-02-25,f,,,3,1125
42055456,2026-02-26,f,,,3,1125
42055456,2026-02-27,f,,,3,1125
42055456,2026-02-28,f,,,3,1125
42055456,2026-03-01,f,,,3,1125
42055456,2026-03-02,f,,,3,1125
42055456,2026-03-03,f,,,3,1125
42055456,2026-03-04,f,,,3,1125
42055456,2026-03-05,f,,,3,1125
42055456,2026-03-06,f,,,3,1125
42055456,2026-03-07,f,,,3,1125
42055456,2026-03-08,f,,,3,1125
42055456,2026-03-09,f,,,3,1125
42055456,2026-03-10,f,,,3,1125
42055456,2026-03-11,f,,,3,1125
42055456,2026-03-12,f,,,3,1125
42055456,2026-03-13,f,,,3,1125
42055456,2026-03-14,f,,,3,1125
42055456,2026-03-15,f,,,3,1125
42055456,2026-03-16,f,,,3,1125
42055456,2026-03-17,f,,,3,1125
42055456,2026-03-18,f,,,3,1125
42055456,2026-03-19,f,,,3,1125
42055456,2026-03-20,f,,,3,1125
42055456,2026-03-21,f,,,3,1125
42055456,2026-03-22,f,,,3,1125
42055456,2026-03-23,f,,,3,1125
42055456,2026-03-24,f,,,3,1125
42055456,2026-03-25,f,,,3,1125
42055456,2026-03-26,f,,,3,1125
42055456,2026-03-27,f,,,3,1125
42055456,2026-03-28,f,,,3,1125
42055456,2026-03-29,f,,,3,1125
42055456,2026-03-30,f,,,3,1125
42055456,2026-03-31,f,,,3,1125
42055456,2026-04-01,f,,,3,1125
42055456,2026-04-02,f,,,3,1125
42055456,2026-04-03,f,,,3,1125
42055456,2026-04-04,f,,,3,1125
42055456,2026-04-05,f,,,3,1125
42055456,2026-04-06,f,,,3,1125
42055456,2026-04-07,f,,,3,1125
42055456,2026-04-08,f,,,3,1125
42055456,2026-04-09,f,,,3,1125
42055456,2026-04-10,f,,,3,1125
42055456,2026-04-11,f,,,3,1125
42055456,2026-04-12,f,,,3,1125
42055456,2026-04-13,f,,,3,1125
42055456,2026-04-14,f,,,3,1125
42055456,2026-04-15,f,,,3,1125
42055456,2026-04-16,f,,,3,1125
42055456,2026-04-17,f,,,3,1125
42055456,2026-04-18,f,,,3,1125
42055456,2026-04-19,f,,,3,1125
42055456,2026-04-20,f,,,3,1125
42055456,2026-04-21,f,,,3,1125
42055456,2026-04-22,f,,,3,1125
42055456,2026-04-23,f,,,3,1125
42055456,2026-04-24,f,,,3,1125
42055456,2026-04-25,f,,,3,1125
42055456,2026-04-26,f,,,3,1125
42055456,2026-04-27,f,,,3,1125
42055456,2026-04-28,f,,,3,1125
42055456,2026-04-29,f,,,3,1125
42055456,2026-04-30,f,,,3,1125
42055456,2026-05-01,f,,,3,1125
42055456,2026-05-02,f,,,3,1125
42055456,2026-05-03,f,,,3,1125
42055456,2026-05-04,f,,,3,1125
42055456,2026-05-05,f,,,3,1125
42055456,2026-05-06,f,,,3,1125
42055456,2026-05-07,f,,,3,1125
42055456,2026-05-08,f,,,3,1125
42055456,2026-05-09,f,,,3,1125
42055456,2026-05-10,f,,,3,1125
42055456,2026-05-11,f,,,3,1125
42055456,2026-05-12,f,,,3,1125
42055456,2026-05-13,f,,,3,1125
42055456,2026-05-14,f,,,3,1125
42055456,2026-05-15,f,,,3,1125
42055456,2026-05-16,f,,,3,1125
42055456,2026-05-17,f,,,3,1125
42055456,2026-05-18,f,,,3,1125
42055456,2026-05-19,f,,,3,1125
42055456,2026-05-20,f,,,3,1125
42055456,2026-05-21,f,,,3,1125
42055456,2026-05-22,f,,,3,1125
42055456,2026-05-23,f,,,3,1125
42055456,2026-05-24,f,,,3,1125
42055456,2026-05-25,f,,,3,1125
42055456,2026-05-26,f,,,3,1125
42055456,2026-05-27,f,,,3,1125
42055456,2026-05-28,f,,,3,1125
42055456,2026-05-29,f,,,3,1125
42055456,2026-05-30,f,,,3,1125
42055456,2026-05-31,f,,,3,1125
42055456,2026-06-01,f,,,3,1125
42055456,2026-06-02,f,,,3,1125
42055456,2026-06-03,f,,,3,1125
42055456,2026-06-04,f,,,3,1125
42055456,2026-06-05,f,,,3,1125
42055456,2026-06-06,f,,,3,1125
42055456,2026-06-07,f,,,3,1125
42055456,2026-06-08,f,,,3,1125
42055456,2026-06-09,f,,,3,1125
42055456,2026-06-10,f,,,3,1125
42055456,2026-06-11,f,,,3,1125
42055456,2026-06-12,f,,,3,1125
42055456,2026-06-13,f,,,3,1125
42055456,2026-06-14,f,,,3,1125
42055456,2026-06-15,f,,,3,1125
42055456,2026-06-16,f,,,3,1125
42055456,2026-06-17,f,,,3,1125
42055456,2026-06-18,f,,,3,1125
42055456,2026-06-19,f,,,3,1125
42055456,2026-06-20,f,,,3,1125
42055456,2026-06-21,f,,,3,1125
42055456,2026-06-22,f,,,3,1125
42055456,2026-06-23,f,,,3,1125
47552228,2025-06-24,f,,,10,1125
47552228,2025-06-25,f,,,10,1125
47552228,2025-06-26,f,,,10,1125
47552228,2025-06-27,f,,,10,1125
47552228,2025-06-28,f,,,10,1125
47552228,2025-06-29,f,,,10,1125
47552228,2025-06-30,f,,,10,1125
47552228,2025-07-01,f,,,10,1125
47552228,2025-07-02,f,,,10,1125
47552228,2025-07-03,f,,,10,1125
47552228,2025-07-04,f,,,10,1125
47552228,2025-07-05,f,,,10,1125
47552228,2025-07-06,f,,,10,1125
47552228,2025-07-07,f,,,10,1125
47552228,2025-07-08,f,,,10,1125
47552228,2025-07-09,f,,,10,1125
47552228,2025-07-10,f,,,10,1125
47552228,2025-07-11,f,,,10,1125
47552228,2025-07-12,f,,,10,1125
47552228,2025-07-13,f,,,10,1125
47552228,2025-07-14,f,,,10,1125
47552228,2025-07-15,f,,,10,1125
47552228,2025-07-16,f,,,10,1125
47552228,2025-07-17,f,,,10,1125
47552228,2025-07-18,f,,,10,1125
47552228,2025-07-19,f,,,10,1125
47552228,2025-07-20,f,,,10,1125
47552228,2025-07-21,f,,,10,1125
47552228,2025-07-22,f,,,10,1125
47552228,2025-07-23,f,,,10,1125
47552228,2025-07-24,f,,,10,1125
47552228,2025-07-25,f,,,10,1125
47552228,2025-07-26,f,,,10,1125
47552228,2025-07-27,f,,,10,1125
47552228,2025-07-28,f,,,10,1125
47552228,2025-07-29,f,,,10,1125
47552228,2025-07-30,f,,,10,1125
47552228,2025-07-31,f,,,10,1125
47552228,2025-08-01,f,,,10,1125
47552228,2025-08-02,f,,,10,1125
47552228,2025-08-03,f,,,10,1125
47552228,2025-08-04,f,,,10,1125
47552228,2025-08-05,f,,,10,1125
47552228,2025-08-06,f,,,10,1125
47552228,2025-08-07,f,,,10,1125
47552228,2025-08-08,f,,,10,1125
47552228,2025-08-09,f,,,10,1125
47552228,2025-08-10,f,,,10,1125
47552228,2025-08-11,f,,,10,1125
47552228,2025-08-12,f,,,10,1125
47552228,2025-08-13,f,,,10,1125
47552228,2025-08-14,f,,,10,1125
47552228,2025-08-15,f,,,10,1125
47552228,2025-08-16,f,,,10,1125
47552228,2025-08-17,f,,,10,1125
47552228,2025-08-18,f,,,10,1125
47552228,2025-08-19,f,,,10,1125
47552228,2025-08-20,f,,,10,1125
47552228,2025-08-21,f,,,10,1125
47552228,2025-08-22,f,,,10,1125
47552228,2025-08-23,f,,,10,1125
47552228,2025-08-24,f,,,10,1125
47552228,2025-08-25,f,,,10,1125
47552228,2025-08-26,f,,,10,1125
47552228,2025-08-27,f,,,10,1125
47552228,2025-08-28,f,,,10,1125
47552228,2025-08-29,f,,,10,1125
47552228,2025-08-30,t,,,10,1125
47552228,2025-08-31,t,,,10,1125
47552228,2025-09-01,t,,,10,1125
47552228,2025-09-02,t,,,10,1125
47552228,2025-09-03,t,,,10,1125
47552228,2025-09-04,t,,,10,1125
47552228,2025-09-05,f,,,10,1125
47552228,2025-09-06,f,,,10,1125
47552228,2025-09-07,f,,,10,1125
47552228,2025-09-08,f,,,10,1125
47552228,2025-09-09,f,,,10,1125
47552228,2025-09-10,f,,,10,1125
47552228,2025-09-11,f,,,10,1125
47552228,2025-09-12,f,,,10,1125
47552228,2025-09-13,f,,,10,1125
47552228,2025-09-14,f,,,10,1125
47552228,2025-09-15,f,,,10,1125
47552228,2025-09-16,f,,,10,1125
47552228,2025-09-17,f,,,10,1125
47552228,2025-09-18,f,,,10,1125
47552228,2025-09-19,f,,,10,1125
47552228,2025-09-20,f,,,10,1125
47552228,2025-09-21,f,,,10,1125
47552228,2025-09-22,f,,,10,1125
47552228,2025-09-23,f,,,10,1125
47552228,2025-09-24,f,,,10,1125
47552228,2025-09-25,f,,,10,1125
47552228,2025-09-26,f,,,10,1125
47552228,2025-09-27,f,,,10,1125
47552228,2025-09-28,f,,,10,1125
47552228,2025-09-29,f,,,10,1125
47552228,2025-09-30,f,,,10,1125
47552228,2025-10-01,f,,,10,1125
47552228,2025-10-02,f,,,10,1125
47552228,2025-10-03,f,,,10,1125
47552228,2025-10-04,f,,,10,1125
47552228,2025-10-05,f,,,10,1125
47552228,2025-10-06,f,,,10,1125
47552228,2025-10-07,f,,,10,1125
47552228,2025-10-08,f,,,10,1125
47552228,2025-10-09,f,,,10,1125
47552228,2025-10-10,f,,,10,1125
47552228,2025-10-11,f,,,10,1125
47552228,2025-10-12,f,,,10,1125
47552228,2025-10-13,f,,,10,1125
47552228,2025-10-14,f,,,10,1125
47552228,2025-10-15,f,,,10,1125
47552228,2025-10-16,f,,,10,1125
47552228,2025-10-17,f,,,10,1125
47552228,2025-10-18,f,,,10,1125
47552228,2025-10-19,f,,,10,1125
47552228,2025-10-20,f,,,10,1125
47552228,2025-10-21,f,,,10,1125
47552228,2025-10-22,f,,,10,1125
47552228,2025-10-23,f,,,10,1125
47552228,2025-10-24,f,,,10,1125
47552228,2025-10-25,f,,,10,1125
47552228,2025-10-26,f,,,10,1125
47552228,2025-10-27,f,,,10,1125
47552228,2025-10-28,f,,,10,1125
47552228,2025-10-29,f,,,10,1125
47552228,2025-10-30,f,,,10,1125
47552228,2025-10-31,f,,,10,1125
47552228,2025-11-01,f,,,10,1125
47552228,2025-11-02,f,,,10,1125
47552228,2025-11-03,f,,,10,1125
47552228,2025-11-04,f,,,10,1125
47552228,2025-11-05,f,,,10,1125
47552228,2025-11-06,f,,,10,1125
47552228,2025-11-07,f,,,10,1125
47552228,2025-11-08,f,,,10,1125
47552228,2025-11-09,f,,,10,1125
47552228,2025-11-10,f,,,10,1125
47552228,2025-11-11,f,,,10,1125
47552228,2025-11-12,f,,,10,1125
47552228,2025-11-13,f,,,10,1125
47552228,2025-11-14,f,,,10,1125
47552228,2025-11-15,f,,,10,1125
47552228,2025-11-16,f,,,10,1125
47552228,2025-11-17,f,,,10,1125
47552228,2025-11-18,f,,,10,1125
47552228,2025-11-19,f,,,10,1125
47552228,2025-11-20,f,,,10,1125
47552228,2025-11-21,f,,,10,1125
47552228,2025-11-22,f,,,10,1125
47552228,2025-11-23,f,,,10,1125
47552228,2025-11-24,f,,,10,1125
47552228,2025-11-25,f,,,10,1125
47552228,2025-11-26,f,,,10,1125
47552228,2025-11-27,f,,,10,1125
47552228,2025-11-28,f,,,10,1125
47552228,2025-11-29,f,,,10,1125
47552228,2025-11-30,f,,,10,1125
47552228,2025-12-01,f,,,10,1125
47552228,2025-12-02,f,,,10,1125
47552228,2025-12-03,f,,,10,1125
47552228,2025-12-04,f,,,10,1125
47552228,2025-12-05,f,,,10,1125
47552228,2025-12-06,f,,,10,1125
47552228,2025-12-07,f,,,10,1125
47552228,2025-12-08,f,,,10,1125
47552228,2025-12-09,f,,,10,1125
47552228,2025-12-10,f,,,10,1125
47552228,2025-12-11,f,,,10,1125
47552228,2025-12-12,f,,,10,1125
47552228,2025-12-13,f,,,10,1125
47552228,2025-12-14,f,,,10,1125
47552228,2025-12-15,f,,,10,1125
47552228,2025-12-16,f,,,10,1125
47552228,2025-12-17,f,,,10,1125
47552228,2025-12-18,f,,,10,1125
47552228,2025-12-19,f,,,10,1125
47552228,2025-12-20,f,,,10,1125
47552228,2025-12-21,f,,,10,1125
47552228,2025-12-22,f,,,10,1125
47552228,2025-12-23,f,,,10,1125
47552228,2025-12-24,f,,,10,1125
47552228,2025-12-25,f,,,10,1125
47552228,2025-12-26,f,,,10,1125
47552228,2025-12-27,f,,,10,1125
47552228,2025-12-28,f,,,10,1125
47552228,2025-12-29,f,,,10,1125
47552228,2025-12-30,f,,,10,1125
47552228,2025-12-31,f,,,10,1125
47552228,2026-01-01,f,,,10,1125
47552228,2026-01-02,f,,,10,1125
47552228,2026-01-03,t,,,10,1125
47552228,2026-01-04,t,,,10,1125
47552228,2026-01-05,t,,,10,1125
47552228,2026-01-06,t,,,10,1125
47552228,2026-01-07,t,,,10,1125
47552228,2026-01-08,t,,,10,1125
47552228,2026-01-09,t,,,10,1125
47552228,2026-01-10,t,,,10,1125
47552228,2026-01-11,t,,,10,1125
47552228,2026-01-12,t,,,10,1125
47552228,2026-01-13,t,,,10,1125
47552228,2026-01-14,t,,,10,1125
47552228,2026-01-15,t,,,10,1125
47552228,2026-01-16,t,,,10,1125
47552228,2026-01-17,t,,,10,1125
47552228,2026-01-18,f,,,10,1125
47552228,2026-01-19,f,,,10,1125
47552228,2026-01-20,f,,,10,1125
47552228,2026-01-21,f,,,10,1125
47552228,2026-01-22,f,,,10,1125
47552228,2026-01-23,f,,,10,1125
47552228,2026-01-24,f,,,10,1125
47552228,2026-01-25,f,,,10,1125
47552228,2026-01-26,f,,,10,1125
47552228,2026-01-27,f,,,10,1125
47552228,2026-01-28,f,,,10,1125
47552228,2026-01-29,f,,,10,1125
47552228,2026-01-30,f,,,10,1125
47552228,2026-01-31,f,,,10,1125
47552228,2026-02-01,f,,,10,1125
47552228,2026-02-02,f,,,10,1125
47552228,2026-02-03,f,,,10,1125
47552228,2026-02-04,f,,,10,1125
47552228,2026-02-05,f,,,10,1125
47552228,2026-02-06,f,,,10,1125
47552228,2026-02-07,f,,,10,1125
47552228,2026-02-08,f,,,10,1125
47552228,2026-02-09,f,,,10,1125
47552228,2026-02-10,f,,,10,1125
47552228,2026-02-11,f,,,10,1125
47552228,2026-02-12,f,,,10,1125
47552228,2026-02-13,f,,,10,1125
47552228,2026-02-14,f,,,10,1125
47552228,2026-02-15,f,,,10,1125
47552228,2026-02-16,f,,,10,1125
47552228,2026-02-17,f,,,10,1125
47552228,2026-02-18,f,,,10,1125
47552228,2026-02-19,f,,,10,1125
47552228,2026-02-20,f,,,10,1125
47552228,2026-02-21,f,,,10,1125
47552228,2026-02-22,f,,,10,1125
47552228,2026-02-23,f,,,10,1125
47552228,2026-02-24,f,,,10,1125
47552228,2026-02-25,f,,,10,1125
47552228,2026-02-26,f,,,10,1125
47552228,2026-02-27,f,,,10,1125
47552228,2026-02-28,f,,,10,1125
47552228,2026-03-01,f,,,10,1125
47552228,2026-03-02,f,,,10,1125
47552228,2026-03-03,f,,,10,1125
47552228,2026-03-04,f,,,10,1125
47552228,2026-03-05,f,,,10,1125
47552228,2026-03-06,f,,,10,1125
47552228,2026-03-07,f,,,10,1125
47552228,2026-03-08,f,,,10,1125
47552228,2026-03-09,f,,,10,1125
47552228,2026-03-10,f,,,10,1125
47552228,2026-03-11,f,,,10,1125
47552228,2026-03-12,f,,,10,1125
47552228,2026-03-13,f,,,10,1125
47552228,2026-03-14,t,,,10,1125
47552228,2026-03-15,t,,,10,1125
47552228,2026-03-16,t,,,10,1125
47552228,2026-03-17,t,,,10,1125
47552228,2026-03-18,t,,,10,1125
47552228,2026-03-19,t,,,10,1125
47552228,2026-03-20,t,,,10,1125
47552228,2026-03-21,t,,,10,1125
47552228,2026-03-22,t,,,10,1125
47552228,2026-03-23,t,,,10,1125
47552228,2026-03-24,t,,,10,1125
47552228,2026-03-25,t,,,10,1125
47552228,2026-03-26,t,,,10,1125
47552228,2026-03-27,t,,,10,1125
47552228,2026-03-28,t,,,10,1125
47552228,2026-03-29,t,,,10,1125
47552228,2026-03-30,t,,,10,1125
47552228,2026-03-31,t,,,10,1125
47552228,2026-04-01,t,,,10,1125
47552228,2026-04-02,t,,,10,1125
47552228,2026-04-03,t,,,10,1125
47552228,2026-04-04,t,,,10,1125
47552228,2026-04-05,t,,,10,1125
47552228,2026-04-06,t,,,10,1125
47552228,2026-04-07,t,,,10,1125
47552228,2026-04-08,t,,,10,1125
47552228,2026-04-09,t,,,10,1125
47552228,2026-04-10,t,,,10,1125
47552228,2026-04-11,t,,,10,1125
47552228,2026-04-12,t,,,10,1125
47552228,2026-04-13,t,,,10,1125
47552228,2026-04-14,t,,,10,1125
47552228,2026-04-15,t,,,10,1125
47552228,2026-04-16,t,,,10,1125
47552228,2026-04-17,t,,,10,1125
47552228,2026-04-18,t,,,10,1125
47552228,2026-04-19,t,,,10,1125
47552228,2026-04-20,t,,,10,1125
47552228,2026-04-21,t,,,10,1125
47552228,2026-04-22,t,,,10,1125
47552228,2026-04-23,t,,,10,1125
47552228,2026-04-24,t,,,10,1125
47552228,2026-04-25,t,,,10,1125
47552228,2026-04-26,t,,,10,1125
47552228,2026-04-27,t,,,10,1125
47552228,2026-04-28,t,,,10,1125
47552228,2026-04-29,t,,,10,1125
47552228,2026-04-30,t,,,10,1125
47552228,2026-05-01,t,,,10,1125
47552228,2026-05-02,t,,,10,1125
47552228,2026-05-03,t,,,10,1125
47552228,2026-05-04,t,,,10,1125
47552228,2026-05-05,t,,,10,1125
47552228,2026-05-06,t,,,10,1125
47552228,2026-05-07,t,,,10,1125
47552228,2026-05-08,t,,,10,1125
47552228,2026-05-09,t,,,10,1125
47552228,2026-05-10,t,,,10,1125
47552228,2026-05-11,t,,,10,1125
47552228,2026-05-12,t,,,10,1125
47552228,2026-05-13,t,,,10,1125
47552228,2026-05-14,t,,,10,1125
47552228,2026-05-15,t,,,10,1125
47552228,2026-05-16,t,,,10,1125
47552228,2026-05-17,t,,,10,1125
47552228,2026-05-18,t,,,10,1125
47552228,2026-05-19,t,,,10,1125
47552228,2026-05-20,t,,,10,1125
47552228,2026-05-21,t,,,10,1125
47552228,2026-05-22,t,,,10,1125
47552228,2026-05-23,t,,,10,1125
47552228,2026-05-24,t,,,10,1125
47552228,2026-05-25,t,,,10,1125
47552228,2026-05-26,t,,,10,1125
47552228,2026-05-27,t,,,10,1125
47552228,2026-05-28,t,,,10,1125
47552228,2026-05-29,t,,,10,1125
47552228,2026-05-30,t,,,10,1125
47552228,2026-05-31,t,,,10,1125
47552228,2026-06-01,t,,,10,1125
47552228,2026-06-02,t,,,10,1125
47552228,2026-06-03,t,,,10,1125
47552228,2026-06-04,t,,,10,1125
47552228,2026-06-05,t,,,10,1125
47552228,2026-06-06,t,,,10,1125
47552228,2026-06-07,t,,,10,1125
47552228,2026-06-08,t,,,10,1125
47552228,2026-06-09,t,,,10,1125
47552228,2026-06-10,t,,,10,1125
47552228,2026-06-11,t,,,10,1125
47552228,2026-06-12,t,,,10,1125
47552228,2026-06-13,t,,,10,1125
47552228,2026-06-14,t,,,10,1125
47552228,2026-06-15,t,,,10,1125
47552228,2026-06-16,t,,,10,1125
47552228,2026-06-17,t,,,10,1125
47552228,2026-06-18,t,,,10,1125
47552228,2026-06-19,t,,,10,1125
47552228,2026-06-20,t,,,10,1125
47552228,2026-06-21,t,,,10,1125
47552228,2026-06-22,t,,,10,1125
47552228,2026-06-23,t,,,10,1125
611403912713999207,2025-06-24,f,,,1,365
611403912713999207,2025-06-25,t,,,1,365
611403912713999207,2025-06-26,t,,,1,365
611403912713999207,2025-06-27,t,,,1,365
611403912713999207,2025-06-28,t,,,1,365
611403912713999207,2025-06-29,t,,,1,365
611403912713999207,2025-06-30,t,,,1,365
611403912713999207,2025-07-01,t,,,1,365
611403912713999207,2025-07-02,t,,,1,365
611403912713999207,2025-07-03,t,,,1,365
611403912713999207,2025-07-04,t,,,1,365
611403912713999207,2025-07-05,t,,,1,365
611403912713999207,2025-07-06,t,,,1,365
611403912713999207,2025-07-07,t,,,1,365
611403912713999207,2025-07-08,t,,,1,365
611403912713999207,2025-07-09,t,,,1,365
611403912713999207,2025-07-10,t,,,1,365
611403912713999207,2025-07-11,t,,,1,365
611403912713999207,2025-07-12,t,,,1,365
611403912713999207,2025-07-13,t,,,1,365
611403912713999207,2025-07-14,t,,,1,365
611403912713999207,2025-07-15,t,,,1,365
611403912713999207,2025-07-16,t,,,1,365
611403912713999207,2025-07-17,t,,,1,365
611403912713999207,2025-07-18,t,,,1,365
611403912713999207,2025-07-19,t,,,1,365
611403912713999207,2025-07-20,t,,,1,365
611403912713999207,2025-07-21,t,,,1,365
611403912713999207,2025-07-22,t,,,1,365
611403912713999207,2025-07-23,t,,,1,365
611403912713999207,2025-07-24,t,,,1,365
611403912713999207,2025-07-25,t,,,1,365
611403912713999207,2025-07-26,t,,,1,365
611403912713999207,2025-07-27,t,,,1,365
611403912713999207,2025-07-28,t,,,1,365
611403912713999207,2025-07-29,t,,,1,365
611403912713999207,2025-07-30,t,,,1,365
611403912713999207,2025-07-31,t,,,1,365
611403912713999207,2025-08-01,t,,,1,365
611403912713999207,2025-08-02,t,,,1,365
611403912713999207,2025-08-03,t,,,1,365
611403912713999207,2025-08-04,t,,,1,365
611403912713999207,2025-08-05,t,,,1,365
611403912713999207,2025-08-06,t,,,1,365
611403912713999207,2025-08-07,t,,,1,365
611403912713999207,2025-08-08,t,,,1,365
611403912713999207,2025-08-09,t,,,1,365
611403912713999207,2025-08-10,t,,,1,365
611403912713999207,2025-08-11,t,,,1,365
611403912713999207,2025-08-12,t,,,1,365
611403912713999207,2025-08-13,t,,,1,365
611403912713999207,2025-08-14,t,,,1,365
611403912713999207,2025-08-15,t,,,1,365
611403912713999207,2025-08-16,t,,,1,365
611403912713999207,2025-08-17,t,,,1,365
611403912713999207,2025-08-18,t,,,1,365
611403912713999207,2025-08-19,t,,,1,365
611403912713999207,2025-08-20,t,,,1,365
611403912713999207,2025-08-21,t,,,1,365
611403912713999207,2025-08-22,t,,,1,365
611403912713999207,2025-08-23,t,,,1,365
611403912713999207,2025-08-24,t,,,1,365
611403912713999207,2025-08-25,t,,,1,365
611403912713999207,2025-08-26,t,,,1,365
611403912713999207,2025-08-27,t,,,1,365
611403912713999207,2025-08-28,t,,,1,365
611403912713999207,2025-08-29,t,,,1,365
611403912713999207,2025-08-30,t,,,1,365
611403912713999207,2025-08-31,t,,,1,365
611403912713999207,2025-09-01,t,,,1,365
611403912713999207,2025-09-02,t,,,1,365
611403912713999207,2025-09-03,t,,,1,365
611403912713999207,2025-09-04,t,,,1,365
611403912713999207,2025-09-05,t,,,1,365
611403912713999207,2025-09-06,t,,,1,365
611403912713999207,2025-09-07,t,,,1,365
611403912713999207,2025-09-08,t,,,1,365
611403912713999207,2025-09-09,t,,,1,365
611403912713999207,2025-09-10,t,,,1,365
611403912713999207,2025-09-11,t,,,1,365
611403912713999207,2025-09-12,t,,,1,365
611403912713999207,2025-09-13,t,,,1,365
611403912713999207,2025-09-14,t,,,1,365
611403912713999207,2025-09-15,t,,,1,365
611403912713999207,2025-09-16,t,,,1,365
611403912713999207,2025-09-17,t,,,1,365
611403912713999207,2025-09-18,t,,,1,365
611403912713999207,2025-09-19,t,,,1,365
611403912713999207,2025-09-20,t,,,1,365
611403912713999207,2025-09-21,t,,,1,365
611403912713999207,2025-09-22,t,,,1,365
611403912713999207,2025-09-23,t,,,1,365
611403912713999207,2025-09-24,t,,,1,365
611403912713999207,2025-09-25,t,,,1,365
611403912713999207,2025-09-26,t,,,1,365
611403912713999207,2025-09-27,t,,,1,365
611403912713999207,2025-09-28,t,,,1,365
611403912713999207,2025-09-29,t,,,1,365
611403912713999207,2025-09-30,t,,,1,365
611403912713999207,2025-10-01,t,,,1,365
611403912713999207,2025-10-02,t,,,1,365
611403912713999207,2025-10-03,t,,,1,365
611403912713999207,2025-10-04,t,,,1,365
611403912713999207,2025-10-05,t,,,1,365
611403912713999207,2025-10-06,t,,,1,365
611403912713999207,2025-10-07,t,,,1,365
611403912713999207,2025-10-08,t,,,1,365
611403912713999207,2025-10-09,t,,,1,365
611403912713999207,2025-10-10,t,,,1,365
611403912713999207,2025-10-11,t,,,1,365
611403912713999207,2025-10-12,t,,,1,365
611403912713999207,2025-10-13,t,,,1,365
611403912713999207,2025-10-14,t,,,1,365
611403912713999207,2025-10-15,t,,,1,365
611403912713999207,2025-10-16,t,,,1,365
611403912713999207,2025-10-17,t,,,1,365
611403912713999207,2025-10-18,t,,,1,365
611403912713999207,2025-10-19,t,,,1,365
611403912713999207,2025-10-20,t,,,1,365
611403912713999207,2025-10-21,t,,,1,365
611403912713999207,2025-10-22,t,,,1,365
611403912713999207,2025-10-23,t,,,1,365
611403912713999207,2025-10-24,t,,,1,365
611403912713999207,2025-10-25,t,,,1,365
611403912713999207,2025-10-26,t,,,1,365
611403912713999207,2025-10-27,t,,,1,365
611403912713999207,2025-10-28,t,,,1,365
611403912713999207,2025-10-29,t,,,1,365
611403912713999207,2025-10-30,t,,,1,365
611403912713999207,2025-10-31,t,,,1,365
611403912713999207,2025-11-01,t,,,1,365
611403912713999207,2025-11-02,t,,,1,365
611403912713999207,2025-11-03,t,,,1,365
611403912713999207,2025-11-04,t,,,1,365
611403912713999207,2025-11-05,t,,,1,365
611403912713999207,2025-11-06,t,,,1,365
611403912713999207,2025-11-07,t,,,1,365
611403912713999207,2025-11-08,t,,,1,365
611403912713999207,2025-11-09,t,,,1,365
611403912713999207,2025-11-10,t,,,1,365
611403912713999207,2025-11-11,t,,,1,365
611403912713999207,2025-11-12,t,,,1,365
611403912713999207,2025-11-13,t,,,1,365
611403912713999207,2025-11-14,t,,,1,365
611403912713999207,2025-11-15,t,,,1,365
611403912713999207,2025-11-16,t,,,1,365
611403912713999207,2025-11-17,t,,,1,365
611403912713999207,2025-11-18,t,,,1,365
611403912713999207,2025-11-19,t,,,1,365
611403912713999207,2025-11-20,t,,,1,365
611403912713999207,2025-11-21,t,,,1,365
611403912713999207,2025-11-22,t,,,1,365
611403912713999207,2025-11-23,t,,,1,365
611403912713999207,2025-11-24,t,,,1,365
611403912713999207,2025-11-25,t,,,1,365
611403912713999207,2025-11-26,t,,,1,365
611403912713999207,2025-11-27,t,,,1,365
611403912713999207,2025-11-28,t,,,1,365
611403912713999207,2025-11-29,t,,,1,365
611403912713999207,2025-11-30,t,,,1,365
611403912713999207,2025-12-01,t,,,1,365
611403912713999207,2025-12-02,t,,,1,365
611403912713999207,2025-12-03,t,,,1,365
611403912713999207,2025-12-04,t,,,1,365
611403912713999207,2025-12-05,t,,,1,365
611403912713999207,2025-12-06,t,,,1,365
611403912713999207,2025-12-07,t,,,1,365
611403912713999207,2025-12-08,t,,,1,365
611403912713999207,2025-12-09,t,,,1,365
611403912713999207,2025-12-10,t,,,1,365
611403912713999207,2025-12-11,t,,,1,365
611403912713999207,2025-12-12,t,,,1,365
611403912713999207,2025-12-13,t,,,1,365
611403912713999207,2025-12-14,t,,,1,365
611403912713999207,2025-12-15,t,,,1,365
611403912713999207,2025-12-16,t,,,1,365
611403912713999207,2025-12-17,t,,,1,365
611403912713999207,2025-12-18,t,,,1,365
611403912713999207,2025-12-19,t,,,1,365
611403912713999207,2025-12-20,t,,,1,365
611403912713999207,2025-12-21,t,,,1,365
611403912713999207,2025-12-22,t,,,1,365
611403912713999207,2025-12-23,t,,,1,365
611403912713999207,2025-12-24,t,,,1,365
611403912713999207,2025-12-25,t,,,1,365
611403912713999207,2025-12-26,t,,,1,365
611403912713999207,2025-12-27,t,,,1,365
611403912713999207,2025-12-28,t,,,1,365
611403912713999207,2025-12-29,t,,,1,365
611403912713999207,2025-12-30,t,,,1,365
611403912713999207,2025-12-31,t,,,1,365
611403912713999207,2026-01-01,t,,,1,365
611403912713999207,2026-01-02,t,,,1,365
611403912713999207,2026-01-03,t,,,1,365
611403912713999207,2026-01-04,t,,,1,365
611403912713999207,2026-01-05,t,,,1,365
611403912713999207,2026-01-06,t,,,1,365
611403912713999207,2026-01-07,t,,,1,365
611403912713999207,2026-01-08,t,,,1,365
611403912713999207,2026-01-09,t,,,1,365
611403912713999207,2026-01-10,t,,,1,365
611403912713999207,2026-01-11,t,,,1,365
611403912713999207,2026-01-12,t,,,1,365
611403912713999207,2026-01-13,t,,,1,365
611403912713999207,2026-01-14,t,,,1,365
611403912713999207,2026-01-15,t,,,1,365
611403912713999207,2026-01-16,t,,,1,365
611403912713999207,2026-01-17,t,,,1,365
611403912713999207,2026-01-18,t,,,1,365
611403912713999207,2026-01-19,t,,,1,365
611403912713999207,2026-01-20,t,,,1,365
611403912713999207,2026-01-21,t,,,1,365
611403912713999207,2026-01-22,t,,,1,365
611403912713999207,2026-01-23,t,,,1,365
611403912713999207,2026-01-24,t,,,1,365
611403912713999207,2026-01-25,t,,,1,365
611403912713999207,2026-01-26,t,,,1,365
611403912713999207,2026-01-27,t,,,1,365
611403912713999207,2026-01-28,t,,,1,365
611403912713999207,2026-01-29,t,,,1,365
611403912713999207,2026-01-30,t,,,1,365
611403912713999207,2026-01-31,t,,,1,365
611403912713999207,2026-02-01,t,,,1,365
611403912713999207,2026-02-02,t,,,1,365
611403912713999207,2026-02-03,t,,,1,365
611403912713999207,2026-02-04,t,,,1,365
611403912713999207,2026-02-05,t,,,1,365
611403912713999207,2026-02-06,t,,,1,365
611403912713999207,2026-02-07,t,,,1,365
611403912713999207,2026-02-08,t,,,1,365
611403912713999207,2026-02-09,t,,,1,365
611403912713999207,2026-02-10,t,,,1,365
611403912713999207,2026-02-11,t,,,1,365
611403912713999207,2026-02-12,t,,,1,365
611403912713999207,2026-02-13,t,,,1,365
611403912713999207,2026-02-14,t,,,1,365
611403912713999207,2026-02-15,t,,,1,365
611403912713999207,2026-02-16,t,,,1,365
611403912713999207,2026-02-17,t,,,1,365
611403912713999207,2026-02-18,t,,,1,365
611403912713999207,2026-02-19,t,,,1,365
611403912713999207,2026-02-20,t,,,1,365
611403912713999207,2026-02-21,t,,,1,365
611403912713999207,2026-02-22,t,,,1,365
611403912713999207,2026-02-23,t,,,1,365
611403912713999207,2026-02-24,t,,,1,365
611403912713999207,2026-02-25,t,,,1,365
611403912713999207,2026-02-26,t,,,1,365
611403912713999207,2026-02-27,t,,,1,365
611403912713999207,2026-02-28,t,,,1,365
611403912713999207,2026-03-01,t,,,1,365
611403912713999207,2026-03-02,t,,,1,365
611403912713999207,2026-03-03,t,,,1,365
611403912713999207,2026-03-04,t,,,1,365
611403912713999207,2026-03-05,t,,,1,365
611403912713999207,2026-03-06,t,,,1,365
611403912713999207,2026-03-07,t,,,1,365
611403912713999207,2026-03-08,t,,,1,365
611403912713999207,2026-03-09,t,,,1,365
611403912713999207,2026-03-10,t,,,1,365
611403912713999207,2026-03-11,t,,,1,365
611403912713999207,2026-03-12,t,,,1,365
611403912713999207,2026-03-13,t,,,1,365
611403912713999207,2026-03-14,t,,,1,365
611403912713999207,2026-03-15,t,,,1,365
611403912713999207,2026-03-16,t,,,1,365
611403912713999207,2026-03-17,t,,,1,365
611403912713999207,2026-03-18,t,,,1,365
611403912713999207,2026-03-19,t,,,1,365
611403912713999207,2026-03-20,t,,,1,365
611403912713999207,2026-03-21,t,,,1,365
611403912713999207,2026-03-22,t,,,1,365
611403912713999207,2026-03-23,t,,,1,365
611403912713999207,2026-03-24,t,,,1,365
611403912713999207,2026-03-25,t,,,1,365
611403912713999207,2026-03-26,t,,,1,365
611403912713999207,2026-03-27,t,,,1,365
611403912713999207,2026-03-28,t,,,1,365
611403912713999207,2026-03-29,t,,,1,365
611403912713999207,2026-03-30,t,,,1,365
611403912713999207,2026-03-31,t,,,1,365
611403912713999207,2026-04-01,t,,,1,365
611403912713999207,2026-04-02,t,,,1,365
611403912713999207,2026-04-03,t,,,1,365
611403912713999207,2026-04-04,t,,,1,365
611403912713999207,2026-04-05,t,,,1,365
611403912713999207,2026-04-06,t,,,1,365
611403912713999207,2026-04-07,t,,,1,365
611403912713999207,2026-04-08,t,,,1,365
611403912713999207,2026-04-09,t,,,1,365
611403912713999207,2026-04-10,t,,,1,365
611403912713999207,2026-04-11,t,,,1,365
611403912713999207,2026-04-12,t,,,1,365
611403912713999207,2026-04-13,t,,,1,365
611403912713999207,2026-04-14,t,,,1,365
611403912713999207,2026-04-15,t,,,1,365
611403912713999207,2026-04-16,t,,,1,365
611403912713999207,2026-04-17,t,,,1,365
611403912713999207,2026-04-18,t,,,1,365
611403912713999207,2026-04-19,t,,,1,365
611403912713999207,2026-04-20,t,,,1,365
611403912713999207,2026-04-21,t,,,1,365
611403912713999207,2026-04-22,t,,,1,365
611403912713999207,2026-04-23,t,,,1,365
611403912713999207,2026-04-24,t,,,1,365
611403912713999207,2026-04-25,t,,,1,365
611403912713999207,2026-04-26,t,,,1,365
611403912713999207,2026-04-27,t,,,1,365
611403912713999207,2026-04-28,t,,,1,365
611403912713999207,2026-04-29,t,,,1,365
611403912713999207,2026-04-30,t,,,1,365
611403912713999207,2026-05-01,t,,,1,365
611403912713999207,2026-05-02,t,,,1,365
611403912713999207,2026-05-03,t,,,1,365
611403912713999207,2026-05-04,t,,,1,365
611403912713999207,2026-05-05,t,,,1,365
611403912713999207,2026-05-06,t,,,1,365
611403912713999207,2026-05-07,t,,,1,365
611403912713999207,2026-05-08,t,,,1,365
611403912713999207,2026-05-09,t,,,1,365
611403912713999207,2026-05-10,t,,,1,365
611403912713999207,2026-05-11,t,,,1,365
611403912713999207,2026-05-12,t,,,1,365
611403912713999207,2026-05-13,t,,,1,365
611403912713999207,2026-05-14,t,,,1,365
611403912713999207,2026-05-15,t,,,1,365
611403912713999207,2026-05-16,t,,,1,365
611403912713999207,2026-05-17,t,,,1,365
611403912713999207,2026-05-18,t,,,1,365
611403912713999207,2026-05-19,t,,,1,365
611403912713999207,2026-05-20,t,,,1,365
611403912713999207,2026-05-21,t,,,1,365
611403912713999207,2026-05-22,t,,,1,365
611403912713999207,2026-05-23,t,,,1,365
611403912713999207,2026-05-24,t,,,1,365
611403912713999207,2026-05-25,t,,,1,365
611403912713999207,2026-05-26,t,,,1,365
611403912713999207,2026-05-27,t,,,1,365
611403912713999207,2026-05-28,t,,,1,365
611403912713999207,2026-05-29,t,,,1,365
611403912713999207,2026-05-30,t,,,1,365
611403912713999207,2026-05-31,t,,,1,365
611403912713999207,2026-06-01,t,,,1,365
611403912713999207,2026-06-02,t,,,1,365
611403912713999207,2026-06-03,t,,,1,365
611403912713999207,2026-06-04,t,,,1,365
611403912713999207,2026-06-05,t,,,1,365
611403912713999207,2026-06-06,t,,,1,365
611403912713999207,2026-06-07,t,,,1,365
611403912713999207,2026-06-08,t,,,1,365
611403912713999207,2026-06-09,t,,,1,365
611403912713999207,2026-06-10,t,,,1,365
611403912713999207,2026-06-11,t,,,1,365
611403912713999207,2026-06-12,t,,,1,365
611403912713999207,2026-06-13,t,,,1,365
611403912713999207,2026-06-14,t,,,1,365
611403912713999207,2026-06-15,t,,,1,365
611403912713999207,2026-06-16,t,,,1,365
611403912713999207,2026-06-17,t,,,1,365
611403912713999207,2026-06-18,t,,,1,365
611403912713999207,2026-06-19,t,,,1,365
611403912713999207,2026-06-20,t,,,1,365
611403912713999207,2026-06-21,t,,,1,365
611403912713999207,2026-06-22,t,,,1,365
611403912713999207,2026-06-23,t,,,1,365
725179964486110548,2025-06-24,f,,,30,365
725179964486110548,2025-06-25,f,,,30,365
725179964486110548,2025-06-26,t,,,30,365
725179964486110548,2025-06-27,t,,,30,365
725179964486110548,2025-06-28,t,,,30,365
725179964486110548,2025-06-29,t,,,30,365
725179964486110548,2025-06-30,t,,,30,365
725179964486110548,2025-07-01,t,,,30,365
725179964486110548,2025-07-02,t,,,30,365
725179964486110548,2025-07-03,t,,,30,365
725179964486110548,2025-07-04,t,,,30,365
725179964486110548,2025-07-05,t,,,30,365
725179964486110548,2025-07-06,t,,,30,365
725179964486110548,2025-07-07,t,,,30,365
725179964486110548,2025-07-08,t,,,30,365
725179964486110548,2025-07-09,t,,,30,365
725179964486110548,2025-07-10,t,,,30,365
725179964486110548,2025-07-11,t,,,30,365
725179964486110548,2025-07-12,t,,,30,365
725179964486110548,2025-07-13,t,,,30,365
725179964486110548,2025-07-14,t,,,30,365
725179964486110548,2025-07-15,t,,,30,365
725179964486110548,2025-07-16,t,,,30,365
725179964486110548,2025-07-17,t,,,30,365
725179964486110548,2025-07-18,t,,,30,365
725179964486110548,2025-07-19,t,,,30,365
725179964486110548,2025-07-20,t,,,30,365
725179964486110548,2025-07-21,t,,,30,365
725179964486110548,2025-07-22,t,,,30,365
725179964486110548,2025-07-23,t,,,30,365
725179964486110548,2025-07-24,t,,,30,365
725179964486110548,2025-07-25,t,,,30,365
725179964486110548,2025-07-26,t,,,30,365
725179964486110548,2025-07-27,t,,,30,365
725179964486110548,2025-07-28,t,,,30,365
725179964486110548,2025-07-29,t,,,30,365
725179964486110548,2025-07-30,t,,,30,365
725179964486110548,2025-07-31,t,,,30,365
725179964486110548,2025-08-01,t,,,30,365
725179964486110548,2025-08-02,t,,,30,365
725179964486110548,2025-08-03,t,,,30,365
725179964486110548,2025-08-04,t,,,30,365
725179964486110548,2025-08-05,t,,,30,365
725179964486110548,2025-08-06,t,,,30,365
725179964486110548,2025-08-07,t,,,30,365
725179964486110548,2025-08-08,t,,,30,365
725179964486110548,2025-08-09,t,,,30,365
725179964486110548,2025-08-10,t,,,30,365
725179964486110548,2025-08-11,t,,,30,365
725179964486110548,2025-08-12,t,,,30,365
725179964486110548,2025-08-13,t,,,30,365
725179964486110548,2025-08-14,t,,,30,365
725179964486110548,2025-08-15,t,,,30,365
725179964486110548,2025-08-16,t,,,30,365
725179964486110548,2025-08-17,t,,,30,365
725179964486110548,2025-08-18,t,,,30,365
725179964486110548,2025-08-19,t,,,30,365
725179964486110548,2025-08-20,t,,,30,365
725179964486110548,2025-08-21,t,,,30,365
725179964486110548,2025-08-22,t,,,30,365
725179964486110548,2025-08-23,t,,,30,365
725179964486110548,2025-08-24,t,,,30,365
725179964486110548,2025-08-25,t,,,30,365
725179964486110548,2025-08-26,t,,,30,365
725179964486110548,2025-08-27,t,,,30,365
725179964486110548,2025-08-28,t,,,30,365
725179964486110548,2025-08-29,t,,,30,365
725179964486110548,2025-08-30,t,,,30,365
725179964486110548,2025-08-31,t,,,30,365
725179964486110548,2025-09-01,t,,,30,365
725179964486110548,2025-09-02,t,,,30,365
725179964486110548,2025-09-03,t,,,30,365
725179964486110548,2025-09-04,t,,,30,365
725179964486110548,2025-09-05,t,,,30,365
725179964486110548,2025-09-06,t,,,30,365
725179964486110548,2025-09-07,t,,,30,365
725179964486110548,2025-09-08,t,,,30,365
725179964486110548,2025-09-09,t,,,30,365
725179964486110548,2025-09-10,t,,,30,365
725179964486110548,2025-09-11,t,,,30,365
725179964486110548,2025-09-12,t,,,30,365
725179964486110548,2025-09-13,t,,,30,365
725179964486110548,2025-09-14,t,,,30,365
725179964486110548,2025-09-15,t,,,30,365
725179964486110548,2025-09-16,t,,,30,365
725179964486110548,2025-09-17,t,,,30,365
725179964486110548,2025-09-18,t,,,30,365
725179964486110548,2025-09-19,t,,,30,365
725179964486110548,2025-09-20,t,,,30,365
725179964486110548,2025-09-21,t,,,30,365
725179964486110548,2025-09-22,t,,,30,365
725179964486110548,2025-09-23,t,,,30,365
725179964486110548,2025-09-24,t,,,30,365
725179964486110548,2025-09-25,t,,,30,365
725179964486110548,2025-09-26,t,,,30,365
725179964486110548,2025-09-27,t,,,30,365
725179964486110548,2025-09-28,t,,,30,365
725179964486110548,2025-09-29,t,,,30,365
725179964486110548,2025-09-30,t,,,30,365
725179964486110548,2025-10-01,t,,,30,365
725179964486110548,2025-10-02,t,,,30,365
725179964486110548,2025-10-03,t,,,30,365
725179964486110548,2025-10-04,t,,,30,365
725179964486110548,2025-10-05,t,,,30,365
725179964486110548,2025-10-06,t,,,30,365
725179964486110548,2025-10-07,t,,,30,365
725179964486110548,2025-10-08,t,,,30,365
725179964486110548,2025-10-09,t,,,30,365
725179964486110548,2025-10-10,t,,,30,365
725179964486110548,2025-10-11,t,,,30,365
725179964486110548,2025-10-12,t,,,30,365
725179964486110548,2025-10-13,t,,,30,365
725179964486110548,2025-10-14,t,,,30,365
725179964486110548,2025-10-15,t,,,30,365
725179964486110548,2025-10-16,t,,,30,365
725179964486110548,2025-10-17,t,,,30,365
725179964486110548,2025-10-18,t,,,30,365
725179964486110548,2025-10-19,t,,,30,365
725179964486110548,2025-10-20,t,,,30,365
725179964486110548,2025-10-21,t,,,30,365
725179964486110548,2025-10-22,t,,,30,365
725179964486110548,2025-10-23,t,,,30,365
725179964486110548,2025-10-24,t,,,30,365
725179964486110548,2025-10-25,t,,,30,365
725179964486110548,2025-10-26,t,,,30,365
725179964486110548,2025-10-27,t,,,30,365
725179964486110548,2025-10-28,t,,,30,365
725179964486110548,2025-10-29,t,,,30,365
725179964486110548,2025-10-30,t,,,30,365
725179964486110548,2025-10-31,t,,,30,365
725179964486110548,2025-11-01,t,,,30,365
725179964486110548,2025-11-02,t,,,30,365
725179964486110548,2025-11-03,t,,,30,365
725179964486110548,2025-11-04,t,,,30,365
725179964486110548,2025-11-05,t,,,30,365
725179964486110548,2025-11-06,t,,,30,365
725179964486110548,2025-11-07,t,,,30,365
725179964486110548,2025-11-08,t,,,30,365
725179964486110548,2025-11-09,t,,,30,365
725179964486110548,2025-11-10,t,,,30,365
725179964486110548,2025-11-11,t,,,30,365
725179964486110548,2025-11-12,t,,,30,365
725179964486110548,2025-11-13,t,,,30,365
725179964486110548,2025-11-14,t,,,30,365
725179964486110548,2025-11-15,t,,,30,365
725179964486110548,2025-11-16,t,,,30,365
725179964486110548,2025-11-17,t,,,30,365
725179964486110548,2025-11-18,t,,,30,365
725179964486110548,2025-11-19,t,,,30,365
725179964486110548,2025-11-20,t,,,30,365
725179964486110548,2025-11-21,t,,,30,365
725179964486110548,2025-11-22,t,,,30,365
725179964486110548,2025-11-23,t,,,30,365
725179964486110548,2025-11-24,t,,,30,365
725179964486110548,2025-11-25,t,,,30,365
725179964486110548,2025-11-26,t,,,30,365
725179964486110548,2025-11-27,t,,,30,365
725179964486110548,2025-11-28,t,,,30,365
725179964486110548,2025-11-29,t,,,30,365
725179964486110548,2025-11-30,t,,,30,365
725179964486110548,2025-12-01,t,,,30,365
725179964486110548,2025-12-02,t,,,30,365
725179964486110548,2025-12-03,t,,,30,365
725179964486110548,2025-12-04,t,,,30,365
725179964486110548,2025-12-05,t,,,30,365
725179964486110548,2025-12-06,t,,,30,365
725179964486110548,2025-12-07,t,,,30,365
725179964486110548,2025-12-08,t,,,30,365
725179964486110548,2025-12-09,t,,,30,365
725179964486110548,2025-12-10,t,,,30,365
725179964486110548,2025-12-11,t,,,30,365
725179964486110548,2025-12-12,t,,,30,365
725179964486110548,2025-12-13,t,,,30,365
725179964486110548,2025-12-14,t,,,30,365
725179964486110548,2025-12-15,t,,,30,365
725179964486110548,2025-12-16,t,,,30,365
725179964486110548,2025-12-17,t,,,30,365
725179964486110548,2025-12-18,t,,,30,365
725179964486110548,2025-12-19,t,,,30,365
725179964486110548,2025-12-20,t,,,30,365
725179964486110548,2025-12-21,t,,,30,365
725179964486110548,2025-12-22,t,,,30,365
725179964486110548,2025-12-23,t,,,30,365
725179964486110548,2025-12-24,t,,,30,365
725179964486110548,2025-12-25,t,,,30,365
725179964486110548,2025-12-26,t,,,30,365
725179964486110548,2025-12-27,t,,,30,365
725179964486110548,2025-12-28,t,,,30,365
725179964486110548,2025-12-29,t,,,30,365
725179964486110548,2025-12-30,t,,,30,365
725179964486110548,2025-12-31,t,,,30,365
725179964486110548,2026-01-01,t,,,30,365
725179964486110548,2026-01-02,t,,,30,365
725179964486110548,2026-01-03,t,,,30,365
725179964486110548,2026-01-04,t,,,30,365
725179964486110548,2026-01-05,t,,,30,365
725179964486110548,2026-01-06,t,,,30,365
725179964486110548,2026-01-07,t,,,30,365
725179964486110548,2026-01-08,t,,,30,365
725179964486110548,2026-01-09,t,,,30,365
725179964486110548,2026-01-10,t,,,30,365
725179964486110548,2026-01-11,t,,,30,365
725179964486110548,2026-01-12,t,,,30,365
725179964486110548,2026-01-13,t,,,30,365
725179964486110548,2026-01-14,t,,,30,365
725179964486110548,2026-01-15,t,,,30,365
725179964486110548,2026-01-16,t,,,30,365
725179964486110548,2026-01-17,t,,,30,365
725179964486110548,2026-01-18,t,,,30,365
725179964486110548,2026-01-19,t,,,30,365
725179964486110548,2026-01-20,t,,,30,365
725179964486110548,2026-01-21,t,,,30,365
725179964486110548,2026-01-22,t,,,30,365
725179964486110548,2026-01-23,t,,,30,365
725179964486110548,2026-01-24,t,,,30,365
725179964486110548,2026-01-25,t,,,30,365
725179964486110548,2026-01-26,t,,,30,365
725179964486110548,2026-01-27,t,,,30,365
725179964486110548,2026-01-28,t,,,30,365
725179964486110548,2026-01-29,t,,,30,365
725179964486110548,2026-01-30,t,,,30,365
725179964486110548,2026-01-31,t,,,30,365
725179964486110548,2026-02-01,t,,,30,365
725179964486110548,2026-02-02,t,,,30,365
725179964486110548,2026-02-03,t,,,30,365
725179964486110548,2026-02-04,t,,,30,365
725179964486110548,2026-02-05,t,,,30,365
725179964486110548,2026-02-06,t,,,30,365
725179964486110548,2026-02-07,t,,,30,365
725179964486110548,2026-02-08,t,,,30,365
725179964486110548,2026-02-09,t,,,30,365
725179964486110548,2026-02-10,t,,,30,365
725179964486110548,2026-02-11,t,,,30,365
725179964486110548,2026-02-12,t,,,30,365
725179964486110548,2026-02-13,t,,,30,365
725179964486110548,2026-02-14,t,,,30,365
725179964486110548,2026-02-15,t,,,30,365
725179964486110548,2026-02-16,t,,,30,365
725179964486110548,2026-02-17,t,,,30,365
725179964486110548,2026-02-18,t,,,30,365
725179964486110548,2026-02-19,t,,,30,365
725179964486110548,2026-02-20,t,,,30,365
725179964486110548,2026-02-21,t,,,30,365
725179964486110548,2026-02-22,t,,,30,365
725179964486110548,2026-02-23,t,,,30,365
725179964486110548,2026-02-24,t,,,30,365
725179964486110548,2026-02-25,t,,,30,365
725179964486110548,2026-02-26,t,,,30,365
725179964486110548,2026-02-27,t,,,30,365
725179964486110548,2026-02-28,t,,,30,365
725179964486110548,2026-03-01,t,,,30,365
725179964486110548,2026-03-02,t,,,30,365
725179964486110548,2026-03-03,t,,,30,365
725179964486110548,2026-03-04,t,,,30,365
725179964486110548,2026-03-05,t,,,30,365
725179964486110548,2026-03-06,t,,,30,365
725179964486110548,2026-03-07,t,,,30,365
725179964486110548,2026-03-08,t,,,30,365
725179964486110548,2026-03-09,t,,,30,365
725179964486110548,2026-03-10,t,,,30,365
725179964486110548,2026-03-11,t,,,30,365
725179964486110548,2026-03-12,t,,,30,365
725179964486110548,2026-03-13,t,,,30,365
725179964486110548,2026-03-14,t,,,30,365
725179964486110548,2026-03-15,t,,,30,365
725179964486110548,2026-03-16,t,,,30,365
725179964486110548,2026-03-17,t,,,30,365
725179964486110548,2026-03-18,t,,,30,365
725179964486110548,2026-03-19,t,,,30,365
725179964486110548,2026-03-20,t,,,30,365
725179964486110548,2026-03-21,t,,,30,365
725179964486110548,2026-03-22,t,,,30,365
725179964486110548,2026-03-23,t,,,30,365
725179964486110548,2026-03-24,t,,,30,365
725179964486110548,2026-03-25,t,,,30,365
725179964486110548,2026-03-26,t,,,30,365
725179964486110548,2026-03-27,t,,,30,365
725179964486110548,2026-03-28,t,,,30,365
725179964486110548,2026-03-29,t,,,30,365
725179964486110548,2026-03-30,t,,,30,365
725179964486110548,2026-03-31,t,,,30,365
725179964486110548,2026-04-01,t,,,30,365
725179964486110548,2026-04-02,t,,,30,365
725179964486110548,2026-04-03,t,,,30,365
725179964486110548,2026-04-04,t,,,30,365
725179964486110548,2026-04-05,t,,,30,365
725179964486110548,2026-04-06,t,,,30,365
725179964486110548,2026-04-07,t,,,30,365
725179964486110548,2026-04-08,t,,,30,365
725179964486110548,2026-04-09,t,,,30,365
725179964486110548,2026-04-10,t,,,30,365
725179964486110548,2026-04-11,t,,,30,365
725179964486110548,2026-04-12,t,,,30,365
725179964486110548,2026-04-13,t,,,30,365
725179964486110548,2026-04-14,t,,,30,365
725179964486110548,2026-04-15,t,,,30,365
725179964486110548,2026-04-16,t,,,30,365
725179964486110548,2026-04-17,t,,,30,365
725179964486110548,2026-04-18,t,,,30,365
725179964486110548,2026-04-19,t,,,30,365
725179964486110548,2026-04-20,t,,,30,365
725179964486110548,2026-04-21,t,,,30,365
725179964486110548,2026-04-22,t,,,30,365
725179964486110548,2026-04-23,t,,,30,365
725179964486110548,2026-04-24,t,,,30,365
725179964486110548,2026-04-25,t,,,30,365
725179964486110548,2026-04-26,t,,,30,365
725179964486110548,2026-04-27,t,,,30,365
725179964486110548,2026-04-28,t,,,30,365
725179964486110548,2026-04-29,t,,,30,365
725179964486110548,2026-04-30,t,,,30,365
725179964486110548,2026-05-01,t,,,30,365
725179964486110548,2026-05-02,t,,,30,365
725179964486110548,2026-05-03,t,,,30,365
725179964486110548,2026-05-04,t,,,30,365
725179964486110548,2026-05-05,t,,,30,365
725179964486110548,2026-05-06,t,,,30,365
725179964486110548,2026-05-07,t,,,30,365
725179964486110548,2026-05-08,t,,,30,365
725179964486110548,2026-05-09,t,,,30,365
725179964486110548,2026-05-10,t,,,30,365
725179964486110548,2026-05-11,t,,,30,365
725179964486110548,2026-05-12,t,,,30,365
725179964486110548,2026-05-13,t,,,30,365
725179964486110548,2026-05-14,t,,,30,365
725179964486110548,2026-05-15,t,,,30,365
725179964486110548,2026-05-16,t,,,30,365
725179964486110548,2026-05-17,t,,,30,365
725179964486110548,2026-05-18,t,,,30,365
725179964486110548,2026-05-19,t,,,30,365
725179964486110548,2026-05-20,t,,,30,365
725179964486110548,2026-05-21,t,,,30,365
725179964486110548,2026-05-22,t,,,30,365
725179964486110548,2026-05-23,t,,,30,365
725179964486110548,2026-05-24,t,,,30,365
725179964486110548,2026-05-25,t,,,30,365
725179964486110548,2026-05-26,t,,,30,365
725179964486110548,2026-05-27,t,,,30,365
725179964486110548,2026-05-28,t,,,30,365
725179964486110548,2026-05-29,t,,,30,365
725179964486110548,2026-05-30,t,,,30,365
725179964486110548,2026-05-31,t,,,30,365
725179964486110548,2026-06-01,t,,,30,365
725179964486110548,2026-06-02,t,,,30,365
725179964486110548,2026-06-03,t,,,30,365
725179964486110548,2026-06-04,t,,,30,365
725179964486110548,2026-06-05,t,,,30,365
725179964486110548,2026-06-06,t,,,30,365
725179964486110548,2026-06-07,t,,,30,365
725179964486110548,2026-06-08,t,,,30,365
725179964486110548,2026-06-09,t,,,30,365
725179964486110548,2026-06-10,t,,,30,365
725179964486110548,2026-06-11,t,,,30,365
725179964486110548,2026-06-12,t,,,30,365
725179964486110548,2026-06-13,t,,,30,365
725179964486110548,2026-06-14,t,,,30,365
725179964486110548,2026-06-15,t,,,30,365
725179964486110548,2026-06-16,t,,,30,365
725179964486110548,2026-06-17,t,,,30,365
725179964486110548,2026-06-18,t,,,30,365
725179964486110548,2026-06-19,t,,,30,365
725179964486110548,2026-06-20,t,,,30,365
725179964486110548,2026-06-21,t,,,30,365
725179964486110548,2026-06-22,t,,,30,365
725179964486110548,2026-06-23,t,,,30,365
792367821777688294,2025-06-24,f,,,30,365
792367821777688294,2025-06-25,f,,,30,365
792367821777688294,2025-06-26,f,,,30,365
792367821777688294,2025-06-27,f,,,30,365
792367821777688294,2025-06-28,f,,,30,365
792367821777688294,2025-06-29,f,,,30,365
792367821777688294,2025-06-30,f,,,30,365
792367821777688294,2025-07-01,f,,,30,365
792367821777688294,2025-07-02,f,,,30,365
792367821777688294,2025-07-03,f,,,30,365
792367821777688294,2025-07-04,f,,,30,365
792367821777688294,2025-07-05,f,,,30,365
792367821777688294,2025-07-06,f,,,30,365
792367821777688294,2025-07-07,f,,,30,365
792367821777688294,2025-07-08,f,,,30,365
792367821777688294,2025-07-09,f,,,30,365
792367821777688294,2025-07-10,f,,,30,365
792367821777688294,2025-07-11,f,,,30,365
792367821777688294,2025-07-12,f,,,30,365
792367821777688294,2025-07-13,f,,,30,365
792367821777688294,2025-07-14,f,,,30,365
792367821777688294,2025-07-15,f,,,30,365
792367821777688294,2025-07-16,f,,,30,365
792367821777688294,2025-07-17,f,,,30,365
792367821777688294,2025-07-18,f,,,30,365
792367821777688294,2025-07-19,f,,,30,365
792367821777688294,2025-07-20,f,,,30,365
792367821777688294,2025-07-21,f,,,30,365
792367821777688294,2025-07-22,f,,,30,365
792367821777688294,2025-07-23,f,,,30,365
792367821777688294,2025-07-24,f,,,30,365
792367821777688294,2025-07-25,f,,,30,365
792367821777688294,2025-07-26,f,,,30,365
792367821777688294,2025-07-27,f,,,30,365
792367821777688294,2025-07-28,f,,,30,365
792367821777688294,2025-07-29,f,,,30,365
792367821777688294,2025-07-30,f,,,30,365
792367821777688294,2025-07-31,f,,,30,365
792367821777688294,2025-08-01,f,,,30,365
792367821777688294,2025-08-02,f,,,30,365
792367821777688294,2025-08-03,f,,,30,365
792367821777688294,2025-08-04,f,,,30,365
792367821777688294,2025-08-05,f,,,30,365
792367821777688294,2025-08-06,f,,,30,365
792367821777688294,2025-08-07,f,,,30,365
792367821777688294,2025-08-08,f,,,30,365
792367821777688294,2025-08-09,f,,,30,365
792367821777688294,2025-08-10,f,,,30,365
792367821777688294,2025-08-11,f,,,30,365
792367821777688294,2025-08-12,f,,,30,365
792367821777688294,2025-08-13,f,,,30,365
792367821777688294,2025-08-14,f,,,30,365
792367821777688294,2025-08-15,t,,,30,365
792367821777688294,2025-08-16,t,,,30,365
792367821777688294,2025-08-17,t,,,30,365
792367821777688294,2025-08-18,t,,,30,365
792367821777688294,2025-08-19,t,,,30,365
792367821777688294,2025-08-20,t,,,30,365
792367821777688294,2025-08-21,t,,,30,365
792367821777688294,2025-08-22,t,,,30,365
792367821777688294,2025-08-23,t,,,30,365
792367821777688294,2025-08-24,t,,,30,365
792367821777688294,2025-08-25,t,,,30,365
792367821777688294,2025-08-26,t,,,30,365
792367821777688294,2025-08-27,t,,,30,365
792367821777688294,2025-08-28,t,,,30,365
792367821777688294,2025-08-29,t,,,30,365
792367821777688294,2025-08-30,t,,,30,365
792367821777688294,2025-08-31,t,,,30,365
792367821777688294,2025-09-01,t,,,30,365
792367821777688294,2025-09-02,t,,,30,365
792367821777688294,2025-09-03,t,,,30,365
792367821777688294,2025-09-04,t,,,30,365
792367821777688294,2025-09-05,t,,,30,365
792367821777688294,2025-09-06,t,,,30,365
792367821777688294,2025-09-07,t,,,30,365
792367821777688294,2025-09-08,t,,,30,365
792367821777688294,2025-09-09,t,,,30,365
792367821777688294,2025-09-10,t,,,30,365
792367821777688294,2025-09-11,t,,,30,365
792367821777688294,2025-09-12,t,,,30,365
792367821777688294,2025-09-13,t,,,30,365
792367821777688294,2025-09-14,t,,,30,365
792367821777688294,2025-09-15,t,,,30,365
792367821777688294,2025-09-16,t,,,30,365
792367821777688294,2025-09-17,t,,,30,365
792367821777688294,2025-09-18,t,,,30,365
792367821777688294,2025-09-19,t,,,30,365
792367821777688294,2025-09-20,t,,,30,365
792367821777688294,2025-09-21,t,,,30,365
792367821777688294,2025-09-22,t,,,30,365
792367821777688294,2025-09-23,t,,,30,365
792367821777688294,2025-09-24,t,,,30,365
792367821777688294,2025-09-25,t,,,30,365
792367821777688294,2025-09-26,t,,,30,365
792367821777688294,2025-09-27,t,,,30,365
792367821777688294,2025-09-28,t,,,30,365
792367821777688294,2025-09-29,t,,,30,365
792367821777688294,2025-09-30,t,,,30,365
792367821777688294,2025-10-01,t,,,30,365
792367821777688294,2025-10-02,t,,,30,365
792367821777688294,2025-10-03,t,,,30,365
792367821777688294,2025-10-04,t,,,30,365
792367821777688294,2025-10-05,t,,,30,365
792367821777688294,2025-10-06,t,,,30,365
792367821777688294,2025-10-07,t,,,30,365
792367821777688294,2025-10-08,t,,,30,365
792367821777688294,2025-10-09,t,,,30,365
792367821777688294,2025-10-10,t,,,30,365
792367821777688294,2025-10-11,t,,,30,365
792367821777688294,2025-10-12,t,,,30,365
792367821777688294,2025-10-13,t,,,30,365
792367821777688294,2025-10-14,t,,,30,365
792367821777688294,2025-10-15,t,,,30,365
792367821777688294,2025-10-16,t,,,30,365
792367821777688294,2025-10-17,t,,,30,365
792367821777688294,2025-10-18,t,,,30,365
792367821777688294,2025-10-19,t,,,30,365
792367821777688294,2025-10-20,t,,,30,365
792367821777688294,2025-10-21,t,,,30,365
792367821777688294,2025-10-22,t,,,30,365
792367821777688294,2025-10-23,t,,,30,365
792367821777688294,2025-10-24,t,,,30,365
792367821777688294,2025-10-25,t,,,30,365
792367821777688294,2025-10-26,t,,,30,365
792367821777688294,2025-10-27,t,,,30,365
792367821777688294,2025-10-28,t,,,30,365
792367821777688294,2025-10-29,t,,,30,365
792367821777688294,2025-10-30,t,,,30,365
792367821777688294,2025-10-31,t,,,30,365
792367821777688294,2025-11-01,t,,,30,365
792367821777688294,2025-11-02,t,,,30,365
792367821777688294,2025-11-03,t,,,30,365
792367821777688294,2025-11-04,t,,,30,365
792367821777688294,2025-11-05,t,,,30,365
792367821777688294,2025-11-06,t,,,30,365
792367821777688294,2025-11-07,t,,,30,365
792367821777688294,2025-11-08,t,,,30,365
792367821777688294,2025-11-09,t,,,30,365
792367821777688294,2025-11-10,t,,,30,365
792367821777688294,2025-11-11,t,,,28,365
792367821777688294,2025-11-12,t,,,28,365
792367821777688294,2025-11-13,t,,,28,365
792367821777688294,2025-11-14,t,,,28,365
792367821777688294,2025-11-15,t,,,28,365
792367821777688294,2025-11-16,t,,,28,365
792367821777688294,2025-11-17,t,,,28,365
792367821777688294,2025-11-18,t,,,28,365
792367821777688294,2025-11-19,t,,,28,365
792367821777688294,2025-11-20,t,,,28,365
792367821777688294,2025-11-21,t,,,28,365
792367821777688294,2025-11-22,t,,,28,365
792367821777688294,2025-11-23,t,,,28,365
792367821777688294,2025-11-24,t,,,28,365
792367821777688294,2025-11-25,t,,,28,365
792367821777688294,2025-11-26,t,,,28,365
792367821777688294,2025-11-27,t,,,28,365
792367821777688294,2025-11-28,t,,,28,365
792367821777688294,2025-11-29,t,,,28,365
792367821777688294,2025-11-30,t,,,28,365
792367821777688294,2025-12-01,t,,,28,365
792367821777688294,2025-12-02,t,,,28,365
792367821777688294,2025-12-03,t,,,28,365
792367821777688294,2025-12-04,t,,,28,365
792367821777688294,2025-12-05,t,,,28,365
792367821777688294,2025-12-06,t,,,28,365
792367821777688294,2025-12-07,t,,,28,365
792367821777688294,2025-12-08,t,,,28,365
792367821777688294,2025-12-09,t,,,28,365
792367821777688294,2025-12-10,t,,,28,365
792367821777688294,2025-12-11,t,,,28,365
792367821777688294,2025-12-12,t,,,28,365
792367821777688294,2025-12-13,t,,,28,365
792367821777688294,2025-12-14,t,,,28,365
792367821777688294,2025-12-15,t,,,28,365
792367821777688294,2025-12-16,t,,,28,365
792367821777688294,2025-12-17,t,,,28,365
792367821777688294,2025-12-18,t,,,28,365
792367821777688294,2025-12-19,t,,,28,365
792367821777688294,2025-12-20,t,,,28,365
792367821777688294,2025-12-21,t,,,28,365
792367821777688294,2025-12-22,t,,,28,365
792367821777688294,2025-12-23,t,,,28,365
792367821777688294,2025-12-24,t,,,28,365
792367821777688294,2025-12-25,t,,,28,365
792367821777688294,2025-12-26,t,,,28,365
792367821777688294,2025-12-27,t,,,28,365
792367821777688294,2025-12-28,t,,,28,365
792367821777688294,2025-12-29,t,,,28,365
792367821777688294,2025-12-30,t,,,28,365
792367821777688294,2025-12-31,t,,,28,365
792367821777688294,2026-01-01,t,,,28,365
792367821777688294,2026-01-02,t,,,28,365
792367821777688294,2026-01-03,t,,,28,365
792367821777688294,2026-01-04,t,,,28,365
792367821777688294,2026-01-05,t,,,28,365
792367821777688294,2026-01-06,t,,,28,365
792367821777688294,2026-01-07,t,,,28,365
792367821777688294,2026-01-08,t,,,28,365
792367821777688294,2026-01-09,t,,,28,365
792367821777688294,2026-01-10,t,,,28,365
792367821777688294,2026-01-11,t,,,28,365
792367821777688294,2026-01-12,t,,,28,365
792367821777688294,2026-01-13,t,,,28,365
792367821777688294,2026-01-14,t,,,28,365
792367821777688294,2026-01-15,t,,,28,365
792367821777688294,2026-01-16,t,,,28,365
792367821777688294,2026-01-17,t,,,28,365
792367821777688294,2026-01-18,t,,,28,365
792367821777688294,2026-01-19,t,,,28,365
792367821777688294,2026-01-20,t,,,28,365
792367821777688294,2026-01-21,t,,,28,365
792367821777688294,2026-01-22,t,,,28,365
792367821777688294,2026-01-23,t,,,28,365
792367821777688294,2026-01-24,t,,,28,365
792367821777688294,2026-01-25,t,,,28,365
792367821777688294,2026-01-26,t,,,28,365
792367821777688294,2026-01-27,t,,,28,365
792367821777688294,2026-01-28,t,,,28,365
792367821777688294,2026-01-29,t,,,28,365
792367821777688294,2026-01-30,t,,,28,365
792367821777688294,2026-01-31,t,,,28,365
792367821777688294,2026-02-01,t,,,28,365
792367821777688294,2026-02-02,t,,,28,365
792367821777688294,2026-02-03,t,,,28,365
792367821777688294,2026-02-04,t,,,28,365
792367821777688294,2026-02-05,t,,,28,365
792367821777688294,2026-02-06,t,,,28,365
792367821777688294,2026-02-07,t,,,28,365
792367821777688294,2026-02-08,t,,,28,365
792367821777688294,2026-02-09,t,,,28,365
792367821777688294,2026-02-10,t,,,28,365
792367821777688294,2026-02-11,t,,,28,365
792367821777688294,2026-02-12,t,,,28,365
792367821777688294,2026-02-13,t,,,28,365
792367821777688294,2026-02-14,t,,,28,365
792367821777688294,2026-02-15,t,,,28,365
792367821777688294,2026-02-16,t,,,28,365
792367821777688294,2026-02-17,t,,,28,365
792367821777688294,2026-02-18,t,,,28,365
792367821777688294,2026-02-19,t,,,28,365
792367821777688294,2026-02-20,t,,,28,365
792367821777688294,2026-02-21,t,,,28,365
792367821777688294,2026-02-22,t,,,28,365
792367821777688294,2026-02-23,t,,,28,365
792367821777688294,2026-02-24,t,,,28,365
792367821777688294,2026-02-25,t,,,28,365
792367821777688294,2026-02-26,t,,,28,365
792367821777688294,2026-02-27,t,,,28,365
792367821777688294,2026-02-28,t,,,28,365
792367821777688294,2026-03-01,t,,,28,365
792367821777688294,2026-03-02,t,,,28,365
792367821777688294,2026-03-03,t,,,28,365
792367821777688294,2026-03-04,t,,,28,365
792367821777688294,2026-03-05,t,,,28,365
792367821777688294,2026-03-06,t,,,28,365
792367821777688294,2026-03-07,t,,,28,365
792367821777688294,2026-03-08,t,,,28,365
792367821777688294,2026-03-09,t,,,28,365
792367821777688294,2026-03-10,t,,,28,365
792367821777688294,2026-03-11,t,,,28,365
792367821777688294,2026-03-12,t,,,28,365
792367821777688294,2026-03-13,t,,,28,365
792367821777688294,2026-03-14,t,,,28,365
792367821777688294,2026-03-15,t,,,28,365
792367821777688294,2026-03-16,t,,,28,365
792367821777688294,2026-03-17,t,,,28,365
792367821777688294,2026-03-18,t,,,28,365
792367821777688294,2026-03-19,t,,,28,365
792367821777688294,2026-03-20,t,,,28,365
792367821777688294,2026-03-21,t,,,28,365
792367821777688294,2026-03-22,t,,,28,365
792367821777688294,2026-03-23,t,,,28,365
792367821777688294,2026-03-24,t,,,28,365
792367821777688294,2026-03-25,t,,,28,365
792367821777688294,2026-03-26,t,,,28,365
792367821777688294,2026-03-27,t,,,28,365
792367821777688294,2026-03-28,t,,,28,365
792367821777688294,2026-03-29,t,,,28,365
792367821777688294,2026-03-30,t,,,28,365
792367821777688294,2026-03-31,t,,,28,365
792367821777688294,2026-04-01,t,,,28,365
792367821777688294,2026-04-02,t,,,28,365
792367821777688294,2026-04-03,t,,,28,365
792367821777688294,2026-04-04,t,,,28,365
792367821777688294,2026-04-05,t,,,28,365
792367821777688294,2026-04-06,t,,,28,365
792367821777688294,2026-04-07,t,,,28,365
792367821777688294,2026-04-08,t,,,28,365
792367821777688294,2026-04-09,t,,,28,365
792367821777688294,2026-04-10,t,,,28,365
792367821777688294,2026-04-11,t,,,28,365
792367821777688294,2026-04-12,t,,,28,365
792367821777688294,2026-04-13,t,,,28,365
792367821777688294,2026-04-14,t,,,28,365
792367821777688294,2026-04-15,t,,,28,365
792367821777688294,2026-04-16,t,,,28,365
792367821777688294,2026-04-17,t,,,28,365
792367821777688294,2026-04-18,t,,,28,365
792367821777688294,2026-04-19,t,,,28,365
792367821777688294,2026-04-20,t,,,28,365
792367821777688294,2026-04-21,t,,,28,365
792367821777688294,2026-04-22,t,,,28,365
792367821777688294,2026-04-23,t,,,28,365
792367821777688294,2026-04-24,t,,,28,365
792367821777688294,2026-04-25,t,,,28,365
792367821777688294,2026-04-26,t,,,28,365
792367821777688294,2026-04-27,t,,,28,365
792367821777688294,2026-04-28,t,,,28,365
792367821777688294,2026-04-29,t,,,28,365
792367821777688294,2026-04-30,t,,,28,365
792367821777688294,2026-05-01,t,,,28,365
792367821777688294,2026-05-02,t,,,28,365
792367821777688294,2026-05-03,t,,,28,365
792367821777688294,2026-05-04,t,,,28,365
792367821777688294,2026-05-05,t,,,28,365
792367821777688294,2026-05-06,t,,,28,365
792367821777688294,2026-05-07,t,,,28,365
792367821777688294,2026-05-08,t,,,28,365
792367821777688294,2026-05-09,t,,,28,365
792367821777688294,2026-05-10,t,,,28,365
792367821777688294,2026-05-11,t,,,28,365
792367821777688294,2026-05-12,t,,,28,365
792367821777688294,2026-05-13,t,,,28,365
792367821777688294,2026-05-14,t,,,28,365
792367821777688294,2026-05-15,t,,,28,365
792367821777688294,2026-05-16,t,,,28,365
792367821777688294,2026-05-17,t,,,28,365
792367821777688294,2026-05-18,t,,,28,365
792367821777688294,2026-05-19,t,,,28,365
792367821777688294,2026-05-20,t,,,28,365
792367821777688294,2026-05-21,t,,,28,365
792367821777688294,2026-05-22,t,,,28,365
792367821777688294,2026-05-23,t,,,28,365
792367821777688294,2026-05-24,t,,,28,365
792367821777688294,2026-05-25,t,,,28,365
792367821777688294,2026-05-26,t,,,28,365
792367821777688294,2026-05-27,t,,,28,365
792367821777688294,2026-05-28,t,,,28,365
792367821777688294,2026-05-29,t,,,28,365
792367821777688294,2026-05-30,t,,,28,365
792367821777688294,2026-05-31,t,,,28,365
792367821777688294,2026-06-01,t,,,28,365
792367821777688294,2026-06-02,t,,,28,365
792367821777688294,2026-06-03,t,,,28,365
792367821777688294,2026-06-04,t,,,28,365
792367821777688294,2026-06-05,t,,,28,365
792367821777688294,2026-06-06,t,,,28,365
792367821777688294,2026-06-07,t,,,28,365
792367821777688294,2026-06-08,t,,,28,365
792367821777688294,2026-06-09,t,,,28,365
792367821777688294,2026-06-10,t,,,28,365
792367821777688294,2026-06-11,t,,,28,365
792367821777688294,2026-06-12,t,,,28,365
792367821777688294,2026-06-13,t,,,28,365
792367821777688294,2026-06-14,t,,,28,365
792367821777688294,2026-06-15,t,,,28,365
792367821777688294,2026-06-16,t,,,28,365
792367821777688294,2026-06-17,t,,,28,365
792367821777688294,2026-06-18,t,,,28,365
792367821777688294,2026-06-19,t,,,28,365
792367821777688294,2026-06-20,t,,,28,365
792367821777688294,2026-06-21,t,,,28,365
792367821777688294,2026-06-22,t,,,28,365
792367821777688294,2026-06-23,t,,,28,365
795333373838582012,2025-06-24,f,,,28,365
795333373838582012,2025-06-25,f,,,28,365
795333373838582012,2025-06-26,f,,,28,365
795333373838582012,2025-06-27,f,,,28,365
795333373838582012,2025-06-28,f,,,28,365
795333373838582012,2025-06-29,f,,,28,365
795333373838582012,2025-06-30,f,,,28,365
795333373838582012,2025-07-01,f,,,28,365
795333373838582012,2025-07-02,f,,,28,365
795333373838582012,2025-07-03,f,,,28,365
795333373838582012,2025-07-04,f,,,28,365
795333373838582012,2025-07-05,f,,,28,365
795333373838582012,2025-07-06,f,,,28,365
795333373838582012,2025-07-07,f,,,28,365
795333373838582012,2025-07-08,f,,,28,365
795333373838582012,2025-07-09,f,,,28,365
795333373838582012,2025-07-10,f,,,28,365
795333373838582012,2025-07-11,f,,,28,365
795333373838582012,2025-07-12,f,,,28,365
795333373838582012,2025-07-13,f,,,28,365
795333373838582012,2025-07-14,f,,,28,365
795333373838582012,2025-07-15,f,,,28,365
795333373838582012,2025-07-16,f,,,28,365
795333373838582012,2025-07-17,f,,,28,365
795333373838582012,2025-07-18,f,,,28,365
795333373838582012,2025-07-19,f,,,28,365
795333373838582012,2025-07-20,f,,,28,365
795333373838582012,2025-07-21,f,,,28,365
795333373838582012,2025-07-22,f,,,28,365
795333373838582012,2025-07-23,f,,,28,365
795333373838582012,2025-07-24,f,,,28,365
795333373838582012,2025-07-25,f,,,28,365
795333373838582012,2025-07-26,f,,,28,365
795333373838582012,2025-07-27,f,,,28,365
795333373838582012,2025-07-28,f,,,28,365
795333373838582012,2025-07-29,f,,,28,365
795333373838582012,2025-07-30,f,,,28,365
795333373838582012,2025-07-31,f,,,28,365
795333373838582012,2025-08-01,f,,,28,365
795333373838582012,2025-08-02,f,,,28,365
795333373838582012,2025-08-03,f,,,28,365
795333373838582012,2025-08-04,f,,,28,365
795333373838582012,2025-08-05,f,,,28,365
795333373838582012,2025-08-06,f,,,28,365
795333373838582012,2025-08-07,f,,,28,365
795333373838582012,2025-08-08,f,,,28,365
795333373838582012,2025-08-09,f,,,28,365
795333373838582012,2025-08-10,f,,,28,365
795333373838582012,2025-08-11,f,,,28,365
795333373838582012,2025-08-12,f,,,28,365
795333373838582012,2025-08-13,f,,,28,365
795333373838582012,2025-08-14,f,,,28,365
795333373838582012,2025-08-15,f,,,28,365
795333373838582012,2025-08-16,f,,,28,365
795333373838582012,2025-08-17,f,,,28,365
795333373838582012,2025-08-18,f,,,28,365
795333373838582012,2025-08-19,f,,,28,365
795333373838582012,2025-08-20,f,,,28,365
795333373838582012,2025-08-21,f,,,28,365
795333373838582012,2025-08-22,f,,,28,365
795333373838582012,2025-08-23,f,,,28,365
795333373838582012,2025-08-24,f,,,28,365
795333373838582012,2025-08-25,f,,,28,365
795333373838582012,2025-08-26,f,,,28,365
795333373838582012,2025-08-27,f,,,28,365
795333373838582012,2025-08-28,f,,,28,365
795333373838582012,2025-08-29,f,,,28,365
795333373838582012,2025-08-30,f,,,28,365
795333373838582012,2025-08-31,f,,,28,365
795333373838582012,2025-09-01,f,,,28,365
795333373838582012,2025-09-02,f,,,28,365
795333373838582012,2025-09-03,f,,,28,365
795333373838582012,2025-09-04,f,,,28,365
795333373838582012,2025-09-05,f,,,28,365
795333373838582012,2025-09-06,f,,,28,365
795333373838582012,2025-09-07,f,,,28,365
795333373838582012,2025-09-08,f,,,28,365
795333373838582012,2025-09-09,f,,,28,365
795333373838582012,2025-09-10,f,,,28,365
795333373838582012,2025-09-11,f,,,28,365
795333373838582012,2025-09-12,f,,,28,365
795333373838582012,2025-09-13,f,,,28,365
795333373838582012,2025-09-14,f,,,28,365
795333373838582012,2025-09-15,f,,,28,365
795333373838582012,2025-09-16,f,,,28,365
795333373838582012,2025-09-17,f,,,28,365
795333373838582012,2025-09-18,f,,,28,365
795333373838582012,2025-09-19,f,,,28,365
795333373838582012,2025-09-20,f,,,28,365
795333373838582012,2025-09-21,f,,,28,365
795333373838582012,2025-09-22,f,,,28,365
795333373838582012,2025-09-23,f,,,28,365
795333373838582012,2025-09-24,f,,,28,365
795333373838582012,2025-09-25,f,,,28,365
795333373838582012,2025-09-26,f,,,28,365
795333373838582012,2025-09-27,f,,,28,365
795333373838582012,2025-09-28,f,,,28,365
795333373838582012,2025-09-29,f,,,28,365
795333373838582012,2025-09-30,f,,,28,365
795333373838582012,2025-10-01,f,,,28,365
795333373838582012,2025-10-02,f,,,28,365
795333373838582012,2025-10-03,f,,,28,365
795333373838582012,2025-10-04,f,,,28,365
795333373838582012,2025-10-05,f,,,28,365
795333373838582012,2025-10-06,f,,,28,365
795333373838582012,2025-10-07,f,,,28,365
795333373838582012,2025-10-08,f,,,28,365
795333373838582012,2025-10-09,f,,,28,365
795333373838582012,2025-10-10,f,,,28,365
795333373838582012,2025-10-11,f,,,28,365
795333373838582012,2025-10-12,f,,,28,365
795333373838582012,2025-10-13,f,,,28,365
795333373838582012,2025-10-14,f,,,28,365
795333373838582012,2025-10-15,f,,,28,365
795333373838582012,2025-10-16,f,,,28,365
795333373838582012,2025-10-17,f,,,28,365
795333373838582012,2025-10-18,f,,,28,365
795333373838582012,2025-10-19,f,,,28,365
795333373838582012,2025-10-20,f,,,28,365
795333373838582012,2025-10-21,f,,,28,365
795333373838582012,2025-10-22,f,,,28,365
795333373838582012,2025-10-23,f,,,28,365
795333373838582012,2025-10-24,f,,,28,365
795333373838582012,2025-10-25,f,,,28,365
795333373838582012,2025-10-26,f,,,28,365
795333373838582012,2025-10-27,f,,,28,365
795333373838582012,2025-10-28,f,,,28,365
795333373838582012,2025-10-29,f,,,28,365
795333373838582012,2025-10-30,f,,,28,365
795333373838582012,2025-10-31,f,,,28,365
795333373838582012,2025-11-01,f,,,28,365
795333373838582012,2025-11-02,f,,,28,365
795333373838582012,2025-11-03,f,,,28,365
795333373838582012,2025-11-04,f,,,28,365
795333373838582012,2025-11-05,f,,,28,365
795333373838582012,2025-11-06,f,,,28,365
795333373838582012,2025-11-07,f,,,28,365
795333373838582012,2025-11-08,f,,,28,365
795333373838582012,2025-11-09,f,,,28,365
795333373838582012,2025-11-10,f,,,28,365
795333373838582012,2025-11-11,f,,,28,365
795333373838582012,2025-11-12,f,,,28,365
795333373838582012,2025-11-13,f,,,28,365
795333373838582012,2025-11-14,f,,,28,365
795333373838582012,2025-11-15,f,,,28,365
795333373838582012,2025-11-16,f,,,28,365
795333373838582012,2025-11-17,f,,,28,365
795333373838582012,2025-11-18,f,,,28,365
795333373838582012,2025-11-19,f,,,28,365
795333373838582012,2025-11-20,f,,,28,365
795333373838582012,2025-11-21,f,,,28,365
795333373838582012,2025-11-22,f,,,28,365
795333373838582012,2025-11-23,f,,,28,365
795333373838582012,2025-11-24,f,,,28,365
795333373838582012,2025-11-25,f,,,28,365
795333373838582012,2025-11-26,f,,,28,365
795333373838582012,2025-11-27,f,,,28,365
795333373838582012,2025-11-28,f,,,28,365
795333373838582012,2025-11-29,f,,,28,365
795333373838582012,2025-11-30,f,,,28,365
795333373838582012,2025-12-01,f,,,28,365
795333373838582012,2025-12-02,f,,,28,365
795333373838582012,2025-12-03,f,,,28,365
795333373838582012,2025-12-04,f,,,28,365
795333373838582012,2025-12-05,f,,,28,365
795333373838582012,2025-12-06,f,,,28,365
795333373838582012,2025-12-07,f,,,28,365
795333373838582012,2025-12-08,f,,,28,365
795333373838582012,2025-12-09,f,,,28,365
795333373838582012,2025-12-10,f,,,28,365
795333373838582012,2025-12-11,f,,,28,365
795333373838582012,2025-12-12,f,,,28,365
795333373838582012,2025-12-13,f,,,28,365
795333373838582012,2025-12-14,f,,,28,365
795333373838582012,2025-12-15,f,,,28,365
795333373838582012,2025-12-16,f,,,28,365
795333373838582012,2025-12-17,f,,,28,365
795333373838582012,2025-12-18,f,,,28,365
795333373838582012,2025-12-19,f,,,28,365
795333373838582012,2025-12-20,f,,,28,365
795333373838582012,2025-12-21,f,,,28,365
795333373838582012,2025-12-22,f,,,28,365
795333373838582012,2025-12-23,f,,,28,365
795333373838582012,2025-12-24,f,,,28,365
795333373838582012,2025-12-25,f,,,28,365
795333373838582012,2025-12-26,f,,,28,365
795333373838582012,2025-12-27,f,,,28,365
795333373838582012,2025-12-28,f,,,28,365
795333373838582012,2025-12-29,f,,,28,365
795333373838582012,2025-12-30,f,,,28,365
795333373838582012,2025-12-31,f,,,28,365
795333373838582012,2026-01-01,f,,,28,365
795333373838582012,2026-01-02,f,,,28,365
795333373838582012,2026-01-03,f,,,28,365
795333373838582012,2026-01-04,f,,,28,365
795333373838582012,2026-01-05,f,,,28,365
795333373838582012,2026-01-06,f,,,28,365
795333373838582012,2026-01-07,f,,,28,365
795333373838582012,2026-01-08,f,,,28,365
795333373838582012,2026-01-09,f,,,28,365
795333373838582012,2026-01-10,f,,,28,365
795333373838582012,2026-01-11,f,,,28,365
795333373838582012,2026-01-12,f,,,28,365
795333373838582012,2026-01-13,f,,,28,365
795333373838582012,2026-01-14,f,,,28,365
795333373838582012,2026-01-15,f,,,28,365
795333373838582012,2026-01-16,f,,,28,365
795333373838582012,2026-01-17,f,,,28,365
795333373838582012,2026-01-18,f,,,28,365
795333373838582012,2026-01-19,f,,,28,365
795333373838582012,2026-01-20,f,,,28,365
795333373838582012,2026-01-21,f,,,28,365
795333373838582012,2026-01-22,f,,,28,365
795333373838582012,2026-01-23,f,,,28,365
795333373838582012,2026-01-24,f,,,28,365
795333373838582012,2026-01-25,f,,,28,365
795333373838582012,2026-01-26,f,,,28,365
795333373838582012,2026-01-27,f,,,28,365
795333373838582012,2026-01-28,f,,,28,365
795333373838582012,2026-01-29,f,,,28,365
795333373838582012,2026-01-30,f,,,28,365
795333373838582012,2026-01-31,f,,,28,365
795333373838582012,2026-02-01,f,,,28,365
795333373838582012,2026-02-02,f,,,28,365
795333373838582012,2026-02-03,f,,,28,365
795333373838582012,2026-02-04,f,,,28,365
795333373838582012,2026-02-05,f,,,28,365
795333373838582012,2026-02-06,f,,,28,365
795333373838582012,2026-02-07,f,,,28,365
795333373838582012,2026-02-08,f,,,28,365
795333373838582012,2026-02-09,f,,,28,365
795333373838582012,2026-02-10,f,,,28,365
795333373838582012,2026-02-11,f,,,28,365
795333373838582012,2026-02-12,f,,,28,365
795333373838582012,2026-02-13,f,,,28,365
795333373838582012,2026-02-14,f,,,28,365
795333373838582012,2026-02-15,f,,,28,365
795333373838582012,2026-02-16,f,,,28,365
795333373838582012,2026-02-17,f,,,28,365
795333373838582012,2026-02-18,f,,,28,365
795333373838582012,2026-02-19,f,,,28,365
795333373838582012,2026-02-20,f,,,28,365
795333373838582012,2026-02-21,f,,,28,365
795333373838582012,2026-02-22,f,,,28,365
795333373838582012,2026-02-23,f,,,28,365
795333373838582012,2026-02-24,f,,,28,365
795333373838582012,2026-02-25,f,,,28,365
795333373838582012,2026-02-26,f,,,28,365
795333373838582012,2026-02-27,f,,,28,365
795333373838582012,2026-02-28,f,,,28,365
795333373838582012,2026-03-01,f,,,28,365
795333373838582012,2026-03-02,f,,,28,365
795333373838582012,2026-03-03,f,,,28,365
795333373838582012,2026-03-04,f,,,28,365
795333373838582012,2026-03-05,f,,,28,365
795333373838582012,2026-03-06,f,,,28,365
795333373838582012,2026-03-07,f,,,28,365
795333373838582012,2026-03-08,f,,,28,365
795333373838582012,2026-03-09,f,,,28,365
795333373838582012,2026-03-10,f,,,28,365
795333373838582012,2026-03-11,f,,,28,365
795333373838582012,2026-03-12,f,,,28,365
795333373838582012,2026-03-13,f,,,28,365
795333373838582012,2026-03-14,f,,,28,365
795333373838582012,2026-03-15,f,,,28,365
795333373838582012,2026-03-16,f,,,28,365
795333373838582012,2026-03-17,f,,,28,365
795333373838582012,2026-03-18,f,,,28,365
795333373838582012,2026-03-19,f,,,28,365
795333373838582012,2026-03-20,f,,,28,365
795333373838582012,2026-03-21,f,,,28,365
795333373838582012,2026-03-22,f,,,28,365
795333373838582012,2026-03-23,f,,,28,365
795333373838582012,2026-03-24,f,,,28,365
795333373838582012,2026-03-25,f,,,28,365
795333373838582012,2026-03-26,f,,,28,365
795333373838582012,2026-03-27,f,,,28,365
795333373838582012,2026-03-28,f,,,28,365
795333373838582012,2026-03-29,f,,,28,365
795333373838582012,2026-03-30,f,,,28,365
795333373838582012,2026-03-31,f,,,28,365
795333373838582012,2026-04-01,f,,,28,365
795333373838582012,2026-04-02,f,,,28,365
795333373838582012,2026-04-03,f,,,28,365
795333373838582012,2026-04-04,f,,,28,365
795333373838582012,2026-04-05,f,,,28,365
795333373838582012,2026-04-06,f,,,28,365
795333373838582012,2026-04-07,f,,,28,365
795333373838582012,2026-04-08,f,,,28,365
795333373838582012,2026-04-09,f,,,28,365
795333373838582012,2026-04-10,f,,,28,365
795333373838582012,2026-04-11,f,,,28,365
795333373838582012,2026-04-12,f,,,28,365
795333373838582012,2026-04-13,f,,,28,365
795333373838582012,2026-04-14,f,,,28,365
795333373838582012,2026-04-15,f,,,28,365
795333373838582012,2026-04-16,f,,,28,365
795333373838582012,2026-04-17,f,,,28,365
795333373838582012,2026-04-18,f,,,28,365
795333373838582012,2026-04-19,f,,,28,365
795333373838582012,2026-04-20,f,,,28,365
795333373838582012,2026-04-21,f,,,28,365
795333373838582012,2026-04-22,f,,,28,365
795333373838582012,2026-04-23,f,,,28,365
795333373838582012,2026-04-24,f,,,28,365
795333373838582012,2026-04-25,f,,,28,365
795333373838582012,2026-04-26,f,,,28,365
795333373838582012,2026-04-27,f,,,28,365
795333373838582012,2026-04-28,f,,,28,365
795333373838582012,2026-04-29,f,,,28,365
795333373838582012,2026-04-30,f,,,28,365
795333373838582012,2026-05-01,f,,,28,365
795333373838582012,2026-05-02,f,,,28,365
795333373838582012,2026-05-03,f,,,28,365
795333373838582012,2026-05-04,f,,,28,365
795333373838582012,2026-05-05,f,,,28,365
795333373838582012,2026-05-06,f,,,28,365
795333373838582012,2026-05-07,f,,,28,365
795333373838582012,2026-05-08,f,,,28,365
795333373838582012,2026-05-09,f,,,28,365
795333373838582012,2026-05-10,f,,,28,365
795333373838582012,2026-05-11,f,,,28,365
795333373838582012,2026-05-12,f,,,28,365
795333373838582012,2026-05-13,f,,,28,365
795333373838582012,2026-05-14,f,,,28,365
795333373838582012,2026-05-15,f,,,28,365
795333373838582012,2026-05-16,f,,,28,365
795333373838582012,2026-05-17,f,,,28,365
795333373838582012,2026-05-18,f,,,28,365
795333373838582012,2026-05-19,f,,,28,365
795333373838582012,2026-05-20,t,,,28,365
795333373838582012,2026-05-21,t,,,28,365
795333373838582012,2026-05-22,t,,,28,365
795333373838582012,2026-05-23,t,,,28,365
795333373838582012,2026-05-24,t,,,28,365
795333373838582012,2026-05-25,t,,,28,365
795333373838582012,2026-05-26,t,,,28,365
795333373838582012,2026-05-27,t,,,28,365
795333373838582012,2026-05-28,t,,,28,365
795333373838582012,2026-05-29,t,,,28,365
795333373838582012,2026-05-30,t,,,28,365
795333373838582012,2026-05-31,t,,,28,365
795333373838582012,2026-06-01,t,,,28,365
795333373838582012,2026-06-02,t,,,28,365
795333373838582012,2026-06-03,t,,,28,365
795333373838582012,2026-06-04,t,,,28,365
795333373838582012,2026-06-05,t,,,28,365
795333373838582012,2026-06-06,t,,,28,365
795333373838582012,2026-06-07,t,,,28,365
795333373838582012,2026-06-08,t,,,28,365
795333373838582012,2026-06-09,t,,,28,365
795333373838582012,2026-06-10,t,,,28,365
795333373838582012,2026-06-11,t,,,28,365
795333373838582012,2026-06-12,t,,,28,365
795333373838582012,2026-06-13,t,,,28,365
795333373838582012,2026-06-14,t,,,28,365
795333373838582012,2026-06-15,t,,,28,365
795333373838582012,2026-06-16,t,,,28,365
795333373838582012,2026-06-17,t,,,28,365
795333373838582012,2026-06-18,t,,,28,365
795333373838582012,2026-06-19,t,,,28,365
795333373838582012,2026-06-20,t,,,28,365
795333373838582012,2026-06-21,t,,,28,365
795333373838582012,2026-06-22,t,,,28,365
795333373838582012,2026-06-23,t,,,28,365
810122589786712636,2025-06-24,f,,,29,1125
810122589786712636,2025-06-25,t,,,29,1125
810122589786712636,2025-06-26,t,,,29,1125
810122589786712636,2025-06-27,t,,,29,1125
810122589786712636,2025-06-28,t,,,29,1125
810122589786712636,2025-06-29,t,,,29,1125
810122589786712636,2025-06-30,t,,,29,1125
810122589786712636,2025-07-01,t,,,29,1125
810122589786712636,2025-07-02,t,,,29,1125
810122589786712636,2025-07-03,t,,,29,1125
810122589786712636,2025-07-04,t,,,29,1125
810122589786712636,2025-07-05,t,,,29,1125
810122589786712636,2025-07-06,t,,,29,1125
810122589786712636,2025-07-07,t,,,29,1125
810122589786712636,2025-07-08,t,,,29,1125
810122589786712636,2025-07-09,t,,,29,1125
810122589786712636,2025-07-10,t,,,29,1125
810122589786712636,2025-07-11,t,,,29,1125
810122589786712636,2025-07-12,t,,,29,1125
810122589786712636,2025-07-13,t,,,29,1125
810122589786712636,2025-07-14,t,,,29,1125
810122589786712636,2025-07-15,t,,,29,1125
810122589786712636,2025-07-16,t,,,29,1125
810122589786712636,2025-07-17,t,,,29,1125
810122589786712636,2025-07-18,t,,,29,1125
810122589786712636,2025-07-19,t,,,29,1125
810122589786712636,2025-07-20,t,,,29,1125
810122589786712636,2025-07-21,t,,,29,1125
810122589786712636,2025-07-22,t,,,29,1125
810122589786712636,2025-07-23,t,,,29,1125
810122589786712636,2025-07-24,t,,,29,1125
810122589786712636,2025-07-25,t,,,29,1125
810122589786712636,2025-07-26,t,,,29,1125
810122589786712636,2025-07-27,t,,,29,1125
810122589786712636,2025-07-28,t,,,29,1125
810122589786712636,2025-07-29,t,,,29,1125
810122589786712636,2025-07-30,t,,,29,1125
810122589786712636,2025-07-31,t,,,29,1125
810122589786712636,2025-08-01,t,,,29,1125
810122589786712636,2025-08-02,t,,,29,1125
810122589786712636,2025-08-03,t,,,29,1125
810122589786712636,2025-08-04,t,,,29,1125
810122589786712636,2025-08-05,t,,,29,1125
810122589786712636,2025-08-06,t,,,29,1125
810122589786712636,2025-08-07,t,,,29,1125
810122589786712636,2025-08-08,t,,,29,1125
810122589786712636,2025-08-09,t,,,29,1125
810122589786712636,2025-08-10,t,,,29,1125
810122589786712636,2025-08-11,t,,,29,1125
810122589786712636,2025-08-12,t,,,29,1125
810122589786712636,2025-08-13,t,,,29,1125
810122589786712636,2025-08-14,t,,,29,1125
810122589786712636,2025-08-15,t,,,29,1125
810122589786712636,2025-08-16,t,,,29,1125
810122589786712636,2025-08-17,t,,,29,1125
810122589786712636,2025-08-18,t,,,29,1125
810122589786712636,2025-08-19,t,,,29,1125
810122589786712636,2025-08-20,t,,,29,1125
810122589786712636,2025-08-21,t,,,29,1125
810122589786712636,2025-08-22,t,,,29,1125
810122589786712636,2025-08-23,t,,,29,1125
810122589786712636,2025-08-24,t,,,29,1125
810122589786712636,2025-08-25,t,,,29,1125
810122589786712636,2025-08-26,t,,,29,1125
810122589786712636,2025-08-27,t,,,29,1125
810122589786712636,2025-08-28,t,,,29,1125
810122589786712636,2025-08-29,t,,,29,1125
810122589786712636,2025-08-30,t,,,29,1125
810122589786712636,2025-08-31,t,,,29,1125
810122589786712636,2025-09-01,t,,,29,1125
810122589786712636,2025-09-02,t,,,29,1125
810122589786712636,2025-09-03,t,,,29,1125
810122589786712636,2025-09-04,t,,,29,1125
810122589786712636,2025-09-05,t,,,29,1125
810122589786712636,2025-09-06,t,,,29,1125
810122589786712636,2025-09-07,t,,,29,1125
810122589786712636,2025-09-08,t,,,29,1125
810122589786712636,2025-09-09,t,,,29,1125
810122589786712636,2025-09-10,t,,,29,1125
810122589786712636,2025-09-11,t,,,29,1125
810122589786712636,2025-09-12,t,,,29,1125
810122589786712636,2025-09-13,t,,,29,1125
810122589786712636,2025-09-14,t,,,29,1125
810122589786712636,2025-09-15,t,,,29,1125
810122589786712636,2025-09-16,t,,,29,1125
810122589786712636,2025-09-17,t,,,29,1125
810122589786712636,2025-09-18,t,,,29,1125
810122589786712636,2025-09-19,t,,,29,1125
810122589786712636,2025-09-20,t,,,29,1125
810122589786712636,2025-09-21,t,,,29,1125
810122589786712636,2025-09-22,t,,,29,1125
810122589786712636,2025-09-23,t,,,29,1125
810122589786712636,2025-09-24,t,,,29,1125
810122589786712636,2025-09-25,t,,,29,1125
810122589786712636,2025-09-26,t,,,29,1125
810122589786712636,2025-09-27,t,,,29,1125
810122589786712636,2025-09-28,t,,,29,1125
810122589786712636,2025-09-29,t,,,29,1125
810122589786712636,2025-09-30,t,,,29,1125
810122589786712636,2025-10-01,t,,,29,1125
810122589786712636,2025-10-02,t,,,29,1125
810122589786712636,2025-10-03,t,,,29,1125
810122589786712636,2025-10-04,t,,,29,1125
810122589786712636,2025-10-05,t,,,29,1125
810122589786712636,2025-10-06,t,,,29,1125
810122589786712636,2025-10-07,t,,,29,1125
810122589786712636,2025-10-08,t,,,29,1125
810122589786712636,2025-10-09,t,,,29,1125
810122589786712636,2025-10-10,t,,,29,1125
810122589786712636,2025-10-11,t,,,29,1125
810122589786712636,2025-10-12,t,,,29,1125
810122589786712636,2025-10-13,t,,,29,1125
810122589786712636,2025-10-14,t,,,29,1125
810122589786712636,2025-10-15,t,,,29,1125
810122589786712636,2025-10-16,t,,,29,1125
810122589786712636,2025-10-17,t,,,29,1125
810122589786712636,2025-10-18,t,,,29,1125
810122589786712636,2025-10-19,t,,,29,1125
810122589786712636,2025-10-20,t,,,29,1125
810122589786712636,2025-10-21,t,,,29,1125
810122589786712636,2025-10-22,t,,,29,1125
810122589786712636,2025-10-23,t,,,29,1125
810122589786712636,2025-10-24,t,,,29,1125
810122589786712636,2025-10-25,t,,,29,1125
810122589786712636,2025-10-26,t,,,29,1125
810122589786712636,2025-10-27,t,,,29,1125
810122589786712636,2025-10-28,t,,,29,1125
810122589786712636,2025-10-29,t,,,29,1125
810122589786712636,2025-10-30,t,,,29,1125
810122589786712636,2025-10-31,t,,,29,1125
810122589786712636,2025-11-01,t,,,29,1125
810122589786712636,2025-11-02,t,,,29,1125
810122589786712636,2025-11-03,t,,,29,1125
810122589786712636,2025-11-04,t,,,29,1125
810122589786712636,2025-11-05,t,,,29,1125
810122589786712636,2025-11-06,t,,,29,1125
810122589786712636,2025-11-07,t,,,29,1125
810122589786712636,2025-11-08,t,,,29,1125
810122589786712636,2025-11-09,t,,,29,1125
810122589786712636,2025-11-10,t,,,29,1125
810122589786712636,2025-11-11,t,,,29,1125
810122589786712636,2025-11-12,t,,,29,1125
810122589786712636,2025-11-13,t,,,29,1125
810122589786712636,2025-11-14,t,,,29,1125
810122589786712636,2025-11-15,t,,,29,1125
810122589786712636,2025-11-16,t,,,29,1125
810122589786712636,2025-11-17,t,,,29,1125
810122589786712636,2025-11-18,t,,,29,1125
810122589786712636,2025-11-19,t,,,29,1125
810122589786712636,2025-11-20,t,,,29,1125
810122589786712636,2025-11-21,t,,,29,1125
810122589786712636,2025-11-22,t,,,29,1125
810122589786712636,2025-11-23,t,,,29,1125
810122589786712636,2025-11-24,t,,,29,1125
810122589786712636,2025-11-25,t,,,29,1125
810122589786712636,2025-11-26,t,,,29,1125
810122589786712636,2025-11-27,t,,,29,1125
810122589786712636,2025-11-28,t,,,29,1125
810122589786712636,2025-11-29,t,,,29,1125
810122589786712636,2025-11-30,t,,,29,1125
810122589786712636,2025-12-01,t,,,29,1125
810122589786712636,2025-12-02,t,,,29,1125
810122589786712636,2025-12-03,t,,,29,1125
810122589786712636,2025-12-04,t,,,29,1125
810122589786712636,2025-12-05,t,,,29,1125
810122589786712636,2025-12-06,t,,,29,1125
810122589786712636,2025-12-07,t,,,29,1125
810122589786712636,2025-12-08,t,,,29,1125
810122589786712636,2025-12-09,t,,,29,1125
810122589786712636,2025-12-10,t,,,29,1125
810122589786712636,2025-12-11,t,,,29,1125
810122589786712636,2025-12-12,t,,,29,1125
810122589786712636,2025-12-13,t,,,29,1125
810122589786712636,2025-12-14,t,,,29,1125
810122589786712636,2025-12-15,t,,,29,1125
810122589786712636,2025-12-16,t,,,29,1125
810122589786712636,2025-12-17,t,,,29,1125
810122589786712636,2025-12-18,t,,,29,1125
810122589786712636,2025-12-19,t,,,29,1125
810122589786712636,2025-12-20,t,,,29,1125
810122589786712636,2025-12-21,t,,,29,1125
810122589786712636,2025-12-22,t,,,29,1125
810122589786712636,2025-12-23,t,,,29,1125
810122589786712636,2025-12-24,t,,,29,1125
810122589786712636,2025-12-25,t,,,29,1125
810122589786712636,2025-12-26,t,,,29,1125
810122589786712636,2025-12-27,t,,,29,1125
810122589786712636,2025-12-28,t,,,29,1125
810122589786712636,2025-12-29,t,,,29,1125
810122589786712636,2025-12-30,t,,,29,1125
810122589786712636,2025-12-31,t,,,29,1125
810122589786712636,2026-01-01,t,,,29,1125
810122589786712636,2026-01-02,t,,,29,1125
810122589786712636,2026-01-03,t,,,29,1125
810122589786712636,2026-01-04,t,,,29,1125
810122589786712636,2026-01-05,t,,,29,1125
810122589786712636,2026-01-06,t,,,29,1125
810122589786712636,2026-01-07,t,,,29,1125
810122589786712636,2026-01-08,t,,,29,1125
810122589786712636,2026-01-09,t,,,29,1125
810122589786712636,2026-01-10,t,,,29,1125
810122589786712636,2026-01-11,t,,,29,1125
810122589786712636,2026-01-12,t,,,29,1125
810122589786712636,2026-01-13,t,,,29,1125
810122589786712636,2026-01-14,t,,,29,1125
810122589786712636,2026-01-15,t,,,29,1125
810122589786712636,2026-01-16,t,,,29,1125
810122589786712636,2026-01-17,t,,,29,1125
810122589786712636,2026-01-18,t,,,29,1125
810122589786712636,2026-01-19,t,,,29,1125
810122589786712636,2026-01-20,t,,,29,1125
810122589786712636,2026-01-21,t,,,29,1125
810122589786712636,2026-01-22,t,,,29,1125
810122589786712636,2026-01-23,t,,,29,1125
810122589786712636,2026-01-24,t,,,29,1125
810122589786712636,2026-01-25,t,,,29,1125
810122589786712636,2026-01-26,t,,,29,1125
810122589786712636,2026-01-27,t,,,29,1125
810122589786712636,2026-01-28,t,,,29,1125
810122589786712636,2026-01-29,t,,,29,1125
810122589786712636,2026-01-30,t,,,29,1125
810122589786712636,2026-01-31,t,,,29,1125
810122589786712636,2026-02-01,t,,,29,1125
810122589786712636,2026-02-02,t,,,29,1125
810122589786712636,2026-02-03,t,,,29,1125
810122589786712636,2026-02-04,t,,,29,1125
810122589786712636,2026-02-05,t,,,29,1125
810122589786712636,2026-02-06,t,,,29,1125
810122589786712636,2026-02-07,t,,,29,1125
810122589786712636,2026-02-08,t,,,29,1125
810122589786712636,2026-02-09,t,,,29,1125
810122589786712636,2026-02-10,t,,,29,1125
810122589786712636,2026-02-11,t,,,29,1125
810122589786712636,2026-02-12,t,,,29,1125
810122589786712636,2026-02-13,t,,,29,1125
810122589786712636,2026-02-14,t,,,29,1125
810122589786712636,2026-02-15,t,,,29,1125
810122589786712636,2026-02-16,t,,,29,1125
810122589786712636,2026-02-17,t,,,29,1125
810122589786712636,2026-02-18,t,,,29,1125
810122589786712636,2026-02-19,t,,,29,1125
810122589786712636,2026-02-20,t,,,29,1125
810122589786712636,2026-02-21,t,,,29,1125
810122589786712636,2026-02-22,t,,,29,1125
810122589786712636,2026-02-23,t,,,29,1125
810122589786712636,2026-02-24,t,,,29,1125
810122589786712636,2026-02-25,t,,,29,1125
810122589786712636,2026-02-26,t,,,29,1125
810122589786712636,2026-02-27,t,,,29,1125
810122589786712636,2026-02-28,t,,,29,1125
810122589786712636,2026-03-01,t,,,29,1125
810122589786712636,2026-03-02,t,,,29,1125
810122589786712636,2026-03-03,t,,,29,1125
810122589786712636,2026-03-04,t,,,29,1125
810122589786712636,2026-03-05,t,,,29,1125
810122589786712636,2026-03-06,t,,,29,1125
810122589786712636,2026-03-07,t,,,29,1125
810122589786712636,2026-03-08,t,,,29,1125
810122589786712636,2026-03-09,t,,,29,1125
810122589786712636,2026-03-10,t,,,29,1125
810122589786712636,2026-03-11,t,,,29,1125
810122589786712636,2026-03-12,t,,,29,1125
810122589786712636,2026-03-13,t,,,29,1125
810122589786712636,2026-03-14,t,,,29,1125
810122589786712636,2026-03-15,t,,,29,1125
810122589786712636,2026-03-16,t,,,29,1125
810122589786712636,2026-03-17,t,,,29,1125
810122589786712636,2026-03-18,t,,,29,1125
810122589786712636,2026-03-19,t,,,29,1125
810122589786712636,2026-03-20,t,,,29,1125
810122589786712636,2026-03-21,t,,,29,1125
810122589786712636,2026-03-22,t,,,29,1125
810122589786712636,2026-03-23,t,,,29,1125
810122589786712636,2026-03-24,t,,,29,1125
810122589786712636,2026-03-25,t,,,29,1125
810122589786712636,2026-03-26,t,,,29,1125
810122589786712636,2026-03-27,t,,,29,1125
810122589786712636,2026-03-28,t,,,29,1125
810122589786712636,2026-03-29,t,,,29,1125
810122589786712636,2026-03-30,t,,,29,1125
810122589786712636,2026-03-31,t,,,29,1125
810122589786712636,2026-04-01,t,,,29,1125
810122589786712636,2026-04-02,t,,,29,1125
810122589786712636,2026-04-03,t,,,29,1125
810122589786712636,2026-04-04,t,,,29,1125
810122589786712636,2026-04-05,t,,,29,1125
810122589786712636,2026-04-06,t,,,29,1125
810122589786712636,2026-04-07,t,,,29,1125
810122589786712636,2026-04-08,t,,,29,1125
810122589786712636,2026-04-09,t,,,29,1125
810122589786712636,2026-04-10,t,,,29,1125
810122589786712636,2026-04-11,t,,,29,1125
810122589786712636,2026-04-12,t,,,29,1125
810122589786712636,2026-04-13,t,,,29,1125
810122589786712636,2026-04-14,t,,,29,1125
810122589786712636,2026-04-15,t,,,29,1125
810122589786712636,2026-04-16,t,,,29,1125
810122589786712636,2026-04-17,t,,,29,1125
810122589786712636,2026-04-18,t,,,29,1125
810122589786712636,2026-04-19,t,,,29,1125
810122589786712636,2026-04-20,t,,,29,1125
810122589786712636,2026-04-21,t,,,29,1125
810122589786712636,2026-04-22,t,,,29,1125
810122589786712636,2026-04-23,t,,,29,1125
810122589786712636,2026-04-24,t,,,29,1125
810122589786712636,2026-04-25,t,,,29,1125
810122589786712636,2026-04-26,t,,,29,1125
810122589786712636,2026-04-27,t,,,29,1125
810122589786712636,2026-04-28,t,,,29,1125
810122589786712636,2026-04-29,t,,,29,1125
810122589786712636,2026-04-30,t,,,29,1125
810122589786712636,2026-05-01,t,,,29,1125
810122589786712636,2026-05-02,t,,,29,1125
810122589786712636,2026-05-03,t,,,29,1125
810122589786712636,2026-05-04,t,,,29,1125
810122589786712636,2026-05-05,t,,,29,1125
810122589786712636,2026-05-06,t,,,29,1125
810122589786712636,2026-05-07,t,,,29,1125
810122589786712636,2026-05-08,t,,,29,1125
810122589786712636,2026-05-09,t,,,29,1125
810122589786712636,2026-05-10,t,,,29,1125
810122589786712636,2026-05-11,t,,,29,1125
810122589786712636,2026-05-12,t,,,29,1125
810122589786712636,2026-05-13,t,,,29,1125
810122589786712636,2026-05-14,t,,,29,1125
810122589786712636,2026-05-15,t,,,29,1125
810122589786712636,2026-05-16,t,,,29,1125
810122589786712636,2026-05-17,t,,,29,1125
810122589786712636,2026-05-18,t,,,29,1125
810122589786712636,2026-05-19,t,,,29,1125
810122589786712636,2026-05-20,t,,,29,1125
810122589786712636,2026-05-21,t,,,29,1125
810122589786712636,2026-05-22,t,,,29,1125
810122589786712636,2026-05-23,t,,,29,1125
810122589786712636,2026-05-24,t,,,29,1125
810122589786712636,2026-05-25,t,,,29,1125
810122589786712636,2026-05-26,t,,,29,1125
810122589786712636,2026-05-27,t,,,29,1125
810122589786712636,2026-05-28,t,,,29,1125
810122589786712636,2026-05-29,t,,,29,1125
810122589786712636,2026-05-30,t,,,29,1125
810122589786712636,2026-05-31,t,,,29,1125
810122589786712636,2026-06-01,t,,,29,1125
810122589786712636,2026-06-02,t,,,29,1125
810122589786712636,2026-06-03,t,,,29,1125
810122589786712636,2026-06-04,t,,,29,1125
810122589786712636,2026-06-05,t,,,29,1125
810122589786712636,2026-06-06,t,,,29,1125
810122589786712636,2026-06-07,t,,,29,1125
810122589786712636,2026-06-08,t,,,29,1125
810122589786712636,2026-06-09,t,,,29,1125
810122589786712636,2026-06-10,t,,,29,1125
810122589786712636,2026-06-11,t,,,29,1125
810122589786712636,2026-06-12,t,,,29,1125
810122589786712636,2026-06-13,t,,,29,1125
810122589786712636,2026-06-14,t,,,29,1125
810122589786712636,2026-06-15,t,,,29,1125
810122589786712636,2026-06-16,t,,,29,1125
810122589786712636,2026-06-17,t,,,29,1125
810122589786712636,2026-06-18,t,,,29,1125
810122589786712636,2026-06-19,t,,,29,1125
810122589786712636,2026-06-20,t,,,29,1125
810122589786712636,2026-06-21,t,,,29,1125
810122589786712636,2026-06-22,t,,,29,1125
810122589786712636,2026-06-23,t,,,29,1125
823799601393155137,2025-06-24,f,,,29,1125
823799601393155137,2025-06-25,t,,,29,1125
823799601393155137,2025-06-26,t,,,29,1125
823799601393155137,2025-06-27,t,,,29,1125
823799601393155137,2025-06-28,t,,,29,1125
823799601393155137,2025-06-29,t,,,29,1125
823799601393155137,2025-06-30,t,,,29,1125
823799601393155137,2025-07-01,t,,,29,1125
823799601393155137,2025-07-02,t,,,29,1125
823799601393155137,2025-07-03,t,,,29,1125
823799601393155137,2025-07-04,t,,,29,1125
823799601393155137,2025-07-05,t,,,29,1125
823799601393155137,2025-07-06,t,,,29,1125
823799601393155137,2025-07-07,t,,,29,1125
823799601393155137,2025-07-08,t,,,29,1125
823799601393155137,2025-07-09,t,,,29,1125
823799601393155137,2025-07-10,t,,,29,1125
823799601393155137,2025-07-11,t,,,29,1125
823799601393155137,2025-07-12,t,,,29,1125
823799601393155137,2025-07-13,t,,,29,1125
823799601393155137,2025-07-14,t,,,29,1125
823799601393155137,2025-07-15,t,,,29,1125
823799601393155137,2025-07-16,t,,,29,1125
823799601393155137,2025-07-17,t,,,29,1125
823799601393155137,2025-07-18,t,,,29,1125
823799601393155137,2025-07-19,t,,,29,1125
823799601393155137,2025-07-20,t,,,29,1125
823799601393155137,2025-07-21,t,,,29,1125
823799601393155137,2025-07-22,t,,,29,1125
823799601393155137,2025-07-23,t,,,29,1125
823799601393155137,2025-07-24,t,,,29,1125
823799601393155137,2025-07-25,t,,,29,1125
823799601393155137,2025-07-26,t,,,29,1125
823799601393155137,2025-07-27,t,,,29,1125
823799601393155137,2025-07-28,t,,,29,1125
823799601393155137,2025-07-29,t,,,29,1125
823799601393155137,2025-07-30,t,,,29,1125
823799601393155137,2025-07-31,t,,,29,1125
823799601393155137,2025-08-01,t,,,29,1125
823799601393155137,2025-08-02,t,,,29,1125
823799601393155137,2025-08-03,t,,,29,1125
823799601393155137,2025-08-04,t,,,29,1125
823799601393155137,2025-08-05,t,,,29,1125
823799601393155137,2025-08-06,t,,,29,1125
823799601393155137,2025-08-07,t,,,29,1125
823799601393155137,2025-08-08,t,,,29,1125
823799601393155137,2025-08-09,t,,,29,1125
823799601393155137,2025-08-10,t,,,29,1125
823799601393155137,2025-08-11,t,,,29,1125
823799601393155137,2025-08-12,t,,,29,1125
823799601393155137,2025-08-13,t,,,29,1125
823799601393155137,2025-08-14,t,,,29,1125
823799601393155137,2025-08-15,t,,,29,1125
823799601393155137,2025-08-16,t,,,29,1125
823799601393155137,2025-08-17,t,,,29,1125
823799601393155137,2025-08-18,t,,,29,1125
823799601393155137,2025-08-19,t,,,29,1125
823799601393155137,2025-08-20,t,,,29,1125
823799601393155137,2025-08-21,t,,,29,1125
823799601393155137,2025-08-22,t,,,29,1125
823799601393155137,2025-08-23,t,,,29,1125
823799601393155137,2025-08-24,t,,,29,1125
823799601393155137,2025-08-25,t,,,29,1125
823799601393155137,2025-08-26,t,,,29,1125
823799601393155137,2025-08-27,t,,,29,1125
823799601393155137,2025-08-28,t,,,29,1125
823799601393155137,2025-08-29,t,,,29,1125
823799601393155137,2025-08-30,t,,,29,1125
823799601393155137,2025-08-31,t,,,29,1125
823799601393155137,2025-09-01,t,,,29,1125
823799601393155137,2025-09-02,t,,,29,1125
823799601393155137,2025-09-03,t,,,29,1125
823799601393155137,2025-09-04,t,,,29,1125
823799601393155137,2025-09-05,t,,,29,1125
823799601393155137,2025-09-06,t,,,29,1125
823799601393155137,2025-09-07,t,,,29,1125
823799601393155137,2025-09-08,t,,,29,1125
823799601393155137,2025-09-09,t,,,29,1125
823799601393155137,2025-09-10,t,,,29,1125
823799601393155137,2025-09-11,t,,,29,1125
823799601393155137,2025-09-12,t,,,29,1125
823799601393155137,2025-09-13,t,,,29,1125
823799601393155137,2025-09-14,t,,,29,1125
823799601393155137,2025-09-15,t,,,29,1125
823799601393155137,2025-09-16,t,,,29,1125
823799601393155137,2025-09-17,t,,,29,1125
823799601393155137,2025-09-18,t,,,29,1125
823799601393155137,2025-09-19,t,,,29,1125
823799601393155137,2025-09-20,t,,,29,1125
823799601393155137,2025-09-21,t,,,29,1125
823799601393155137,2025-09-22,t,,,29,1125
823799601393155137,2025-09-23,t,,,29,1125
823799601393155137,2025-09-24,t,,,29,1125
823799601393155137,2025-09-25,t,,,29,1125
823799601393155137,2025-09-26,t,,,29,1125
823799601393155137,2025-09-27,t,,,29,1125
823799601393155137,2025-09-28,t,,,29,1125
823799601393155137,2025-09-29,t,,,29,1125
823799601393155137,2025-09-30,t,,,29,1125
823799601393155137,2025-10-01,t,,,29,1125
823799601393155137,2025-10-02,t,,,29,1125
823799601393155137,2025-10-03,t,,,29,1125
823799601393155137,2025-10-04,t,,,29,1125
823799601393155137,2025-10-05,t,,,29,1125
823799601393155137,2025-10-06,t,,,29,1125
823799601393155137,2025-10-07,t,,,29,1125
823799601393155137,2025-10-08,t,,,29,1125
823799601393155137,2025-10-09,t,,,29,1125
823799601393155137,2025-10-10,t,,,29,1125
823799601393155137,2025-10-11,t,,,29,1125
823799601393155137,2025-10-12,t,,,29,1125
823799601393155137,2025-10-13,t,,,29,1125
823799601393155137,2025-10-14,t,,,29,1125
823799601393155137,2025-10-15,t,,,29,1125
823799601393155137,2025-10-16,t,,,29,1125
823799601393155137,2025-10-17,t,,,29,1125
823799601393155137,2025-10-18,t,,,29,1125
823799601393155137,2025-10-19,t,,,29,1125
823799601393155137,2025-10-20,t,,,29,1125
823799601393155137,2025-10-21,t,,,29,1125
823799601393155137,2025-10-22,t,,,29,1125
823799601393155137,2025-10-23,t,,,29,1125
823799601393155137,2025-10-24,t,,,29,1125
823799601393155137,2025-10-25,t,,,29,1125
823799601393155137,2025-10-26,t,,,29,1125
823799601393155137,2025-10-27,t,,,29,1125
823799601393155137,2025-10-28,t,,,29,1125
823799601393155137,2025-10-29,t,,,29,1125
823799601393155137,2025-10-30,t,,,29,1125
823799601393155137,2025-10-31,t,,,29,1125
823799601393155137,2025-11-01,t,,,29,1125
823799601393155137,2025-11-02,t,,,29,1125
823799601393155137,2025-11-03,t,,,29,1125
823799601393155137,2025-11-04,t,,,29,1125
823799601393155137,2025-11-05,t,,,29,1125
823799601393155137,2025-11-06,t,,,29,1125
823799601393155137,2025-11-07,t,,,29,1125
823799601393155137,2025-11-08,t,,,29,1125
823799601393155137,2025-11-09,t,,,29,1125
823799601393155137,2025-11-10,t,,,29,1125
823799601393155137,2025-11-11,t,,,29,1125
823799601393155137,2025-11-12,t,,,29,1125
823799601393155137,2025-11-13,t,,,29,1125
823799601393155137,2025-11-14,t,,,29,1125
823799601393155137,2025-11-15,t,,,29,1125
823799601393155137,2025-11-16,t,,,29,1125
823799601393155137,2025-11-17,t,,,29,1125
823799601393155137,2025-11-18,t,,,29,1125
823799601393155137,2025-11-19,t,,,29,1125
823799601393155137,2025-11-20,t,,,29,1125
823799601393155137,2025-11-21,t,,,29,1125
823799601393155137,2025-11-22,t,,,29,1125
823799601393155137,2025-11-23,t,,,29,1125
823799601393155137,2025-11-24,t,,,29,1125
823799601393155137,2025-11-25,t,,,29,1125
823799601393155137,2025-11-26,t,,,29,1125
823799601393155137,2025-11-27,t,,,29,1125
823799601393155137,2025-11-28,t,,,29,1125
823799601393155137,2025-11-29,t,,,29,1125
823799601393155137,2025-11-30,t,,,29,1125
823799601393155137,2025-12-01,t,,,29,1125
823799601393155137,2025-12-02,t,,,29,1125
823799601393155137,2025-12-03,t,,,29,1125
823799601393155137,2025-12-04,t,,,29,1125
823799601393155137,2025-12-05,t,,,29,1125
823799601393155137,2025-12-06,t,,,29,1125
823799601393155137,2025-12-07,t,,,29,1125
823799601393155137,2025-12-08,t,,,29,1125
823799601393155137,2025-12-09,t,,,29,1125
823799601393155137,2025-12-10,t,,,29,1125
823799601393155137,2025-12-11,t,,,29,1125
823799601393155137,2025-12-12,t,,,29,1125
823799601393155137,2025-12-13,t,,,29,1125
823799601393155137,2025-12-14,t,,,29,1125
823799601393155137,2025-12-15,t,,,29,1125
823799601393155137,2025-12-16,t,,,29,1125
823799601393155137,2025-12-17,t,,,29,1125
823799601393155137,2025-12-18,t,,,29,1125
823799601393155137,2025-12-19,t,,,29,1125
823799601393155137,2025-12-20,t,,,29,1125
823799601393155137,2025-12-21,t,,,29,1125
823799601393155137,2025-12-22,t,,,29,1125
823799601393155137,2025-12-23,t,,,29,1125
823799601393155137,2025-12-24,t,,,29,1125
823799601393155137,2025-12-25,t,,,29,1125
823799601393155137,2025-12-26,t,,,29,1125
823799601393155137,2025-12-27,t,,,29,1125
823799601393155137,2025-12-28,t,,,29,1125
823799601393155137,2025-12-29,t,,,29,1125
823799601393155137,2025-12-30,t,,,29,1125
823799601393155137,2025-12-31,t,,,29,1125
823799601393155137,2026-01-01,t,,,29,1125
823799601393155137,2026-01-02,t,,,29,1125
823799601393155137,2026-01-03,t,,,29,1125
823799601393155137,2026-01-04,t,,,29,1125
823799601393155137,2026-01-05,t,,,29,1125
823799601393155137,2026-01-06,t,,,29,1125
823799601393155137,2026-01-07,t,,,29,1125
823799601393155137,2026-01-08,t,,,29,1125
823799601393155137,2026-01-09,t,,,29,1125
823799601393155137,2026-01-10,t,,,29,1125
823799601393155137,2026-01-11,t,,,29,1125
823799601393155137,2026-01-12,t,,,29,1125
823799601393155137,2026-01-13,t,,,29,1125
823799601393155137,2026-01-14,t,,,29,1125
823799601393155137,2026-01-15,t,,,29,1125
823799601393155137,2026-01-16,t,,,29,1125
823799601393155137,2026-01-17,t,,,29,1125
823799601393155137,2026-01-18,t,,,29,1125
823799601393155137,2026-01-19,t,,,29,1125
823799601393155137,2026-01-20,t,,,29,1125
823799601393155137,2026-01-21,t,,,29,1125
823799601393155137,2026-01-22,t,,,29,1125
823799601393155137,2026-01-23,t,,,29,1125
823799601393155137,2026-01-24,t,,,29,1125
823799601393155137,2026-01-25,t,,,29,1125
823799601393155137,2026-01-26,t,,,29,1125
823799601393155137,2026-01-27,t,,,29,1125
823799601393155137,2026-01-28,t,,,29,1125
823799601393155137,2026-01-29,t,,,29,1125
823799601393155137,2026-01-30,t,,,29,1125
823799601393155137,2026-01-31,t,,,29,1125
823799601393155137,2026-02-01,t,,,29,1125
823799601393155137,2026-02-02,t,,,29,1125
823799601393155137,2026-02-03,t,,,29,1125
823799601393155137,2026-02-04,t,,,29,1125
823799601393155137,2026-02-05,t,,,29,1125
823799601393155137,2026-02-06,t,,,29,1125
823799601393155137,2026-02-07,t,,,29,1125
823799601393155137,2026-02-08,t,,,29,1125
823799601393155137,2026-02-09,t,,,29,1125
823799601393155137,2026-02-10,t,,,29,1125
823799601393155137,2026-02-11,t,,,29,1125
823799601393155137,2026-02-12,t,,,29,1125
823799601393155137,2026-02-13,t,,,29,1125
823799601393155137,2026-02-14,t,,,29,1125
823799601393155137,2026-02-15,t,,,29,1125
823799601393155137,2026-02-16,t,,,29,1125
823799601393155137,2026-02-17,t,,,29,1125
823799601393155137,2026-02-18,t,,,29,1125
823799601393155137,2026-02-19,t,,,29,1125
823799601393155137,2026-02-20,t,,,29,1125
823799601393155137,2026-02-21,t,,,29,1125
823799601393155137,2026-02-22,t,,,29,1125
823799601393155137,2026-02-23,t,,,29,1125
823799601393155137,2026-02-24,t,,,29,1125
823799601393155137,2026-02-25,t,,,29,1125
823799601393155137,2026-02-26,t,,,29,1125
823799601393155137,2026-02-27,t,,,29,1125
823799601393155137,2026-02-28,t,,,29,1125
823799601393155137,2026-03-01,t,,,29,1125
823799601393155137,2026-03-02,t,,,29,1125
823799601393155137,2026-03-03,t,,,29,1125
823799601393155137,2026-03-04,t,,,29,1125
823799601393155137,2026-03-05,t,,,29,1125
823799601393155137,2026-03-06,t,,,29,1125
823799601393155137,2026-03-07,t,,,29,1125
823799601393155137,2026-03-08,t,,,29,1125
823799601393155137,2026-03-09,t,,,29,1125
823799601393155137,2026-03-10,t,,,29,1125
823799601393155137,2026-03-11,t,,,29,1125
823799601393155137,2026-03-12,t,,,29,1125
823799601393155137,2026-03-13,t,,,29,1125
823799601393155137,2026-03-14,t,,,29,1125
823799601393155137,2026-03-15,t,,,29,1125
823799601393155137,2026-03-16,t,,,29,1125
823799601393155137,2026-03-17,t,,,29,1125
823799601393155137,2026-03-18,t,,,29,1125
823799601393155137,2026-03-19,t,,,29,1125
823799601393155137,2026-03-20,t,,,29,1125
823799601393155137,2026-03-21,t,,,29,1125
823799601393155137,2026-03-22,t,,,29,1125
823799601393155137,2026-03-23,t,,,29,1125
823799601393155137,2026-03-24,t,,,29,1125
823799601393155137,2026-03-25,t,,,29,1125
823799601393155137,2026-03-26,t,,,29,1125
823799601393155137,2026-03-27,t,,,29,1125
823799601393155137,2026-03-28,t,,,29,1125
823799601393155137,2026-03-29,t,,,29,1125
823799601393155137,2026-03-30,t,,,29,1125
823799601393155137,2026-03-31,t,,,29,1125
823799601393155137,2026-04-01,t,,,29,1125
823799601393155137,2026-04-02,t,,,29,1125
823799601393155137,2026-04-03,t,,,29,1125
823799601393155137,2026-04-04,t,,,29,1125
823799601393155137,2026-04-05,t,,,29,1125
823799601393155137,2026-04-06,t,,,29,1125
823799601393155137,2026-04-07,t,,,29,1125
823799601393155137,2026-04-08,t,,,29,1125
823799601393155137,2026-04-09,t,,,29,1125
823799601393155137,2026-04-10,t,,,29,1125
823799601393155137,2026-04-11,t,,,29,1125
823799601393155137,2026-04-12,t,,,29,1125
823799601393155137,2026-04-13,t,,,29,1125
823799601393155137,2026-04-14,t,,,29,1125
823799601393155137,2026-04-15,t,,,29,1125
823799601393155137,2026-04-16,t,,,29,1125
823799601393155137,2026-04-17,t,,,29,1125
823799601393155137,2026-04-18,t,,,29,1125
823799601393155137,2026-04-19,t,,,29,1125
823799601393155137,2026-04-20,t,,,29,1125
823799601393155137,2026-04-21,t,,,29,1125
823799601393155137,2026-04-22,t,,,29,1125
823799601393155137,2026-04-23,t,,,29,1125
823799601393155137,2026-04-24,t,,,29,1125
823799601393155137,2026-04-25,t,,,29,1125
823799601393155137,2026-04-26,t,,,29,1125
823799601393155137,2026-04-27,t,,,29,1125
823799601393155137,2026-04-28,t,,,29,1125
823799601393155137,2026-04-29,t,,,29,1125
823799601393155137,2026-04-30,t,,,29,1125
823799601393155137,2026-05-01,t,,,29,1125
823799601393155137,2026-05-02,t,,,29,1125
823799601393155137,2026-05-03,t,,,29,1125
823799601393155137,2026-05-04,t,,,29,1125
823799601393155137,2026-05-05,t,,,29,1125
823799601393155137,2026-05-06,t,,,29,1125
823799601393155137,2026-05-07,t,,,29,1125
823799601393155137,2026-05-08,t,,,29,1125
823799601393155137,2026-05-09,t,,,29,1125
823799601393155137,2026-05-10,t,,,29,1125
823799601393155137,2026-05-11,t,,,29,1125
823799601393155137,2026-05-12,t,,,29,1125
823799601393155137,2026-05-13,t,,,29,1125
823799601393155137,2026-05-14,t,,,29,1125
823799601393155137,2026-05-15,t,,,29,1125
823799601393155137,2026-05-16,t,,,29,1125
823799601393155137,2026-05-17,t,,,29,1125
823799601393155137,2026-05-18,t,,,29,1125
823799601393155137,2026-05-19,t,,,29,1125
823799601393155137,2026-05-20,t,,,29,1125
823799601393155137,2026-05-21,t,,,29,1125
823799601393155137,2026-05-22,t,,,29,1125
823799601393155137,2026-05-23,t,,,29,1125
823799601393155137,2026-05-24,t,,,29,1125
823799601393155137,2026-05-25,t,,,29,1125
823799601393155137,2026-05-26,t,,,29,1125
823799601393155137,2026-05-27,t,,,29,1125
823799601393155137,2026-05-28,t,,,29,1125
823799601393155137,2026-05-29,t,,,29,1125
823799601393155137,2026-05-30,t,,,29,1125
823799601393155137,2026-05-31,t,,,29,1125
823799601393155137,2026-06-01,t,,,29,1125
823799601393155137,2026-06-02,t,,,29,1125
823799601393155137,2026-06-03,t,,,29,1125
823799601393155137,2026-06-04,t,,,29,1125
823799601393155137,2026-06-05,t,,,29,1125
823799601393155137,2026-06-06,t,,,29,1125
823799601393155137,2026-06-07,t,,,29,1125
823799601393155137,2026-06-08,t,,,29,1125
823799601393155137,2026-06-09,t,,,29,1125
823799601393155137,2026-06-10,t,,,29,1125
823799601393155137,2026-06-11,t,,,29,1125
823799601393155137,2026-06-12,t,,,29,1125
823799601393155137,2026-06-13,t,,,29,1125
823799601393155137,2026-06-14,t,,,29,1125
823799601393155137,2026-06-15,t,,,29,1125
823799601393155137,2026-06-16,t,,,29,1125
823799601393155137,2026-06-17,t,,,29,1125
823799601393155137,2026-06-18,t,,,29,1125
823799601393155137,2026-06-19,t,,,29,1125
823799601393155137,2026-06-20,t,,,29,1125
823799601393155137,2026-06-21,t,,,29,1125
823799601393155137,2026-06-22,t,,,29,1125
823799601393155137,2026-06-23,t,,,29,1125
835444233183366623,2025-06-24,f,,,1,30
835444233183366623,2025-06-25,t,,,1,30
835444233183366623,2025-06-26,t,,,1,30
835444233183366623,2025-06-27,t,,,1,30
835444233183366623,2025-06-28,t,,,1,30
835444233183366623,2025-06-29,t,,,1,30
835444233183366623,2025-06-30,t,,,1,30
835444233183366623,2025-07-01,t,,,1,30
835444233183366623,2025-07-02,t,,,1,30
835444233183366623,2025-07-03,t,,,1,30
835444233183366623,2025-07-04,t,,,1,30
835444233183366623,2025-07-05,t,,,1,30
835444233183366623,2025-07-06,t,,,1,30
835444233183366623,2025-07-07,t,,,1,30
835444233183366623,2025-07-08,t,,,1,30
835444233183366623,2025-07-09,t,,,1,30
835444233183366623,2025-07-10,t,,,1,30
835444233183366623,2025-07-11,t,,,1,30
835444233183366623,2025-07-12,t,,,1,30
835444233183366623,2025-07-13,t,,,1,30
835444233183366623,2025-07-14,t,,,1,30
835444233183366623,2025-07-15,t,,,1,30
835444233183366623,2025-07-16,t,,,1,30
835444233183366623,2025-07-17,t,,,1,30
835444233183366623,2025-07-18,t,,,1,30
835444233183366623,2025-07-19,t,,,1,30
835444233183366623,2025-07-20,t,,,1,30
835444233183366623,2025-07-21,t,,,1,30
835444233183366623,2025-07-22,t,,,1,30
835444233183366623,2025-07-23,t,,,1,30
835444233183366623,2025-07-24,t,,,1,30
835444233183366623,2025-07-25,t,,,1,30
835444233183366623,2025-07-26,t,,,1,30
835444233183366623,2025-07-27,t,,,1,30
835444233183366623,2025-07-28,t,,,1,30
835444233183366623,2025-07-29,t,,,1,30
835444233183366623,2025-07-30,t,,,1,30
835444233183366623,2025-07-31,t,,,1,30
835444233183366623,2025-08-01,t,,,1,30
835444233183366623,2025-08-02,t,,,1,30
835444233183366623,2025-08-03,t,,,1,30
835444233183366623,2025-08-04,t,,,1,30
835444233183366623,2025-08-05,t,,,1,30
835444233183366623,2025-08-06,t,,,1,30
835444233183366623,2025-08-07,t,,,1,30
835444233183366623,2025-08-08,t,,,1,30
835444233183366623,2025-08-09,t,,,1,30
835444233183366623,2025-08-10,t,,,1,30
835444233183366623,2025-08-11,t,,,1,30
835444233183366623,2025-08-12,t,,,1,30
835444233183366623,2025-08-13,t,,,1,30
835444233183366623,2025-08-14,t,,,1,30
835444233183366623,2025-08-15,t,,,1,30
835444233183366623,2025-08-16,t,,,1,30
835444233183366623,2025-08-17,t,,,1,30
835444233183366623,2025-08-18,t,,,1,30
835444233183366623,2025-08-19,t,,,1,30
835444233183366623,2025-08-20,t,,,1,30
835444233183366623,2025-08-21,t,,,1,30
835444233183366623,2025-08-22,t,,,1,30
835444233183366623,2025-08-23,t,,,1,30
835444233183366623,2025-08-24,t,,,1,30
835444233183366623,2025-08-25,t,,,1,30
835444233183366623,2025-08-26,t,,,1,30
835444233183366623,2025-08-27,t,,,1,30
835444233183366623,2025-08-28,t,,,1,30
835444233183366623,2025-08-29,t,,,1,30
835444233183366623,2025-08-30,t,,,1,30
835444233183366623,2025-08-31,t,,,1,30
835444233183366623,2025-09-01,t,,,1,30
835444233183366623,2025-09-02,t,,,1,30
835444233183366623,2025-09-03,t,,,1,30
835444233183366623,2025-09-04,t,,,1,30
835444233183366623,2025-09-05,t,,,1,30
835444233183366623,2025-09-06,t,,,1,30
835444233183366623,2025-09-07,t,,,1,30
835444233183366623,2025-09-08,t,,,1,30
835444233183366623,2025-09-09,t,,,1,30
835444233183366623,2025-09-10,t,,,1,30
835444233183366623,2025-09-11,t,,,1,30
835444233183366623,2025-09-12,t,,,1,30
835444233183366623,2025-09-13,t,,,1,30
835444233183366623,2025-09-14,t,,,1,30
835444233183366623,2025-09-15,t,,,1,30
835444233183366623,2025-09-16,t,,,1,30
835444233183366623,2025-09-17,t,,,1,30
835444233183366623,2025-09-18,t,,,1,30
835444233183366623,2025-09-19,t,,,1,30
835444233183366623,2025-09-20,t,,,1,30
835444233183366623,2025-09-21,t,,,1,30
835444233183366623,2025-09-22,t,,,1,30
835444233183366623,2025-09-23,f,,,1,30
835444233183366623,2025-09-24,f,,,1,30
835444233183366623,2025-09-25,f,,,1,30
835444233183366623,2025-09-26,f,,,1,30
835444233183366623,2025-09-27,f,,,1,30
835444233183366623,2025-09-28,f,,,1,30
835444233183366623,2025-09-29,f,,,1,30
835444233183366623,2025-09-30,f,,,1,30
835444233183366623,2025-10-01,f,,,1,30
835444233183366623,2025-10-02,f,,,1,30
835444233183366623,2025-10-03,f,,,1,30
835444233183366623,2025-10-04,f,,,1,30
835444233183366623,2025-10-05,f,,,1,30
835444233183366623,2025-10-06,f,,,1,30
835444233183366623,2025-10-07,f,,,1,30
835444233183366623,2025-10-08,f,,,1,30
835444233183366623,2025-10-09,f,,,1,30
835444233183366623,2025-10-10,f,,,1,30
835444233183366623,2025-10-11,f,,,1,30
835444233183366623,2025-10-12,f,,,1,30
835444233183366623,2025-10-13,f,,,1,30
835444233183366623,2025-10-14,f,,,1,30
835444233183366623,2025-10-15,f,,,1,30
835444233183366623,2025-10-16,f,,,1,30
835444233183366623,2025-10-17,f,,,1,30
835444233183366623,2025-10-18,f,,,1,30
835444233183366623,2025-10-19,f,,,1,30
835444233183366623,2025-10-20,f,,,1,30
835444233183366623,2025-10-21,f,,,1,30
835444233183366623,2025-10-22,f,,,1,30
835444233183366623,2025-10-23,f,,,1,30
835444233183366623,2025-10-24,f,,,1,30
835444233183366623,2025-10-25,f,,,1,30
835444233183366623,2025-10-26,f,,,1,30
835444233183366623,2025-10-27,f,,,1,30
835444233183366623,2025-10-28,f,,,1,30
835444233183366623,2025-10-29,f,,,1,30
835444233183366623,2025-10-30,f,,,1,30
835444233183366623,2025-10-31,f,,,1,30
835444233183366623,2025-11-01,f,,,1,30
835444233183366623,2025-11-02,f,,,1,30
835444233183366623,2025-11-03,f,,,1,30
835444233183366623,2025-11-04,f,,,1,30
835444233183366623,2025-11-05,f,,,1,30
835444233183366623,2025-11-06,f,,,1,30
835444233183366623,2025-11-07,f,,,1,30
835444233183366623,2025-11-08,f,,,1,30
835444233183366623,2025-11-09,f,,,1,30
835444233183366623,2025-11-10,f,,,1,30
835444233183366623,2025-11-11,f,,,1,30
835444233183366623,2025-11-12,f,,,1,30
835444233183366623,2025-11-13,f,,,1,30
835444233183366623,2025-11-14,f,,,1,30
835444233183366623,2025-11-15,f,,,1,30
835444233183366623,2025-11-16,f,,,1,30
835444233183366623,2025-11-17,f,,,1,30
835444233183366623,2025-11-18,f,,,1,30
835444233183366623,2025-11-19,f,,,1,30
835444233183366623,2025-11-20,f,,,1,30
835444233183366623,2025-11-21,f,,,1,30
835444233183366623,2025-11-22,f,,,1,30
835444233183366623,2025-11-23,f,,,1,30
835444233183366623,2025-11-24,f,,,1,30
835444233183366623,2025-11-25,f,,,1,30
835444233183366623,2025-11-26,f,,,1,30
835444233183366623,2025-11-27,f,,,1,30
835444233183366623,2025-11-28,f,,,1,30
835444233183366623,2025-11-29,f,,,1,30
835444233183366623,2025-11-30,f,,,1,30
835444233183366623,2025-12-01,f,,,1,30
835444233183366623,2025-12-02,f,,,1,30
835444233183366623,2025-12-03,f,,,1,30
835444233183366623,2025-12-04,f,,,1,30
835444233183366623,2025-12-05,f,,,1,30
835444233183366623,2025-12-06,f,,,1,30
835444233183366623,2025-12-07,f,,,1,30
835444233183366623,2025-12-08,f,,,1,30
835444233183366623,2025-12-09,f,,,1,30
835444233183366623,2025-12-10,f,,,1,30
835444233183366623,2025-12-11,f,,,1,30
835444233183366623,2025-12-12,f,,,1,30
835444233183366623,2025-12-13,f,,,1,30
835444233183366623,2025-12-14,f,,,1,30
835444233183366623,2025-12-15,f,,,1,30
835444233183366623,2025-12-16,f,,,1,30
835444233183366623,2025-12-17,f,,,1,30
835444233183366623,2025-12-18,f,,,1,30
835444233183366623,2025-12-19,f,,,1,30
835444233183366623,2025-12-20,f,,,1,30
835444233183366623,2025-12-21,f,,,1,30
835444233183366623,2025-12-22,f,,,1,30
835444233183366623,2025-12-23,f,,,1,30
835444233183366623,2025-12-24,f,,,1,30
835444233183366623,2025-12-25,f,,,1,30
835444233183366623,2025-12-26,f,,,1,30
835444233183366623,2025-12-27,f,,,1,30
835444233183366623,2025-12-28,f,,,1,30
835444233183366623,2025-12-29,f,,,1,30
835444233183366623,2025-12-30,f,,,1,30
835444233183366623,2025-12-31,f,,,1,30
835444233183366623,2026-01-01,f,,,1,30
835444233183366623,2026-01-02,f,,,1,30
835444233183366623,2026-01-03,f,,,1,30
835444233183366623,2026-01-04,f,,,1,30
835444233183366623,2026-01-05,f,,,1,30
835444233183366623,2026-01-06,f,,,1,30
835444233183366623,2026-01-07,f,,,1,30
835444233183366623,2026-01-08,f,,,1,30
835444233183366623,2026-01-09,f,,,1,30
835444233183366623,2026-01-10,f,,,1,30
835444233183366623,2026-01-11,f,,,1,30
835444233183366623,2026-01-12,f,,,1,30
835444233183366623,2026-01-13,f,,,1,30
835444233183366623,2026-01-14,f,,,1,30
835444233183366623,2026-01-15,f,,,1,30
835444233183366623,2026-01-16,f,,,1,30
835444233183366623,2026-01-17,f,,,1,30
835444233183366623,2026-01-18,f,,,1,30
835444233183366623,2026-01-19,f,,,1,30
835444233183366623,2026-01-20,f,,,1,30
835444233183366623,2026-01-21,f,,,1,30
835444233183366623,2026-01-22,f,,,1,30
835444233183366623,2026-01-23,f,,,1,30
835444233183366623,2026-01-24,f,,,1,30
835444233183366623,2026-01-25,f,,,1,30
835444233183366623,2026-01-26,f,,,1,30
835444233183366623,2026-01-27,f,,,1,30
835444233183366623,2026-01-28,f,,,1,30
835444233183366623,2026-01-29,f,,,1,30
835444233183366623,2026-01-30,f,,,1,30
835444233183366623,2026-01-31,f,,,1,30
835444233183366623,2026-02-01,f,,,1,30
835444233183366623,2026-02-02,f,,,1,30
835444233183366623,2026-02-03,f,,,1,30
835444233183366623,2026-02-04,f,,,1,30
835444233183366623,2026-02-05,f,,,1,30
835444233183366623,2026-02-06,f,,,1,30
835444233183366623,2026-02-07,f,,,1,30
835444233183366623,2026-02-08,f,,,1,30
835444233183366623,2026-02-09,f,,,1,30
835444233183366623,2026-02-10,f,,,1,30
835444233183366623,2026-02-11,f,,,1,30
835444233183366623,2026-02-12,f,,,1,30
835444233183366623,2026-02-13,f,,,1,30
835444233183366623,2026-02-14,f,,,1,30
835444233183366623,2026-02-15,f,,,1,30
835444233183366623,2026-02-16,f,,,1,30
835444233183366623,2026-02-17,f,,,1,30
835444233183366623,2026-02-18,f,,,1,30
835444233183366623,2026-02-19,f,,,1,30
835444233183366623,2026-02-20,f,,,1,30
835444233183366623,2026-02-21,f,,,1,30
835444233183366623,2026-02-22,f,,,1,30
835444233183366623,2026-02-23,f,,,1,30
835444233183366623,2026-02-24,f,,,1,30
835444233183366623,2026-02-25,f,,,1,30
835444233183366623,2026-02-26,f,,,1,30
835444233183366623,2026-02-27,f,,,1,30
835444233183366623,2026-02-28,f,,,1,30
835444233183366623,2026-03-01,f,,,1,30
835444233183366623,2026-03-02,f,,,1,30
835444233183366623,2026-03-03,f,,,1,30
835444233183366623,2026-03-04,f,,,1,30
835444233183366623,2026-03-05,f,,,1,30
835444233183366623,2026-03-06,f,,,1,30
835444233183366623,2026-03-07,f,,,1,30
835444233183366623,2026-03-08,f,,,1,30
835444233183366623,2026-03-09,f,,,1,30
835444233183366623,2026-03-10,f,,,1,30
835444233183366623,2026-03-11,f,,,1,30
835444233183366623,2026-03-12,f,,,1,30
835444233183366623,2026-03-13,f,,,1,30
835444233183366623,2026-03-14,f,,,1,30
835444233183366623,2026-03-15,f,,,1,30
835444233183366623,2026-03-16,f,,,1,30
835444233183366623,2026-03-17,f,,,1,30
835444233183366623,2026-03-18,f,,,1,30
835444233183366623,2026-03-19,f,,,1,30
835444233183366623,2026-03-20,f,,,1,30
835444233183366623,2026-03-21,f,,,1,30
835444233183366623,2026-03-22,f,,,1,30
835444233183366623,2026-03-23,f,,,1,30
835444233183366623,2026-03-24,f,,,1,30
835444233183366623,2026-03-25,f,,,1,30
835444233183366623,2026-03-26,f,,,1,30
835444233183366623,2026-03-27,f,,,1,30
835444233183366623,2026-03-28,f,,,1,30
835444233183366623,2026-03-29,f,,,1,30
835444233183366623,2026-03-30,f,,,1,30
835444233183366623,2026-03-31,f,,,1,30
835444233183366623,2026-04-01,f,,,1,30
835444233183366623,2026-04-02,f,,,1,30
835444233183366623,2026-04-03,f,,,1,30
835444233183366623,2026-04-04,f,,,1,30
835444233183366623,2026-04-05,f,,,1,30
835444233183366623,2026-04-06,f,,,1,30
835444233183366623,2026-04-07,f,,,1,30
835444233183366623,2026-04-08,f,,,1,30
835444233183366623,2026-04-09,f,,,1,30
835444233183366623,2026-04-10,f,,,1,30
835444233183366623,2026-04-11,f,,,1,30
835444233183366623,2026-04-12,f,,,1,30
835444233183366623,2026-04-13,f,,,1,30
835444233183366623,2026-04-14,f,,,1,30
835444233183366623,2026-04-15,f,,,1,30
835444233183366623,2026-04-16,f,,,1,30
835444233183366623,2026-04-17,f,,,1,30
835444233183366623,2026-04-18,f,,,1,30
835444233183366623,2026-04-19,f,,,1,30
835444233183366623,2026-04-20,f,,,1,30
835444233183366623,2026-04-21,f,,,1,30
835444233183366623,2026-04-22,f,,,1,30
835444233183366623,2026-04-23,f,,,1,30
835444233183366623,2026-04-24,f,,,1,30
835444233183366623,2026-04-25,f,,,1,30
835444233183366623,2026-04-26,f,,,1,30
835444233183366623,2026-04-27,f,,,1,30
835444233183366623,2026-04-28,f,,,1,30
835444233183366623,2026-04-29,f,,,1,30
835444233183366623,2026-04-30,f,,,1,30
835444233183366623,2026-05-01,f,,,1,30
835444233183366623,2026-05-02,f,,,1,30
835444233183366623,2026-05-03,f,,,1,30
835444233183366623,2026-05-04,f,,,1,30
835444233183366623,2026-05-05,f,,,1,30
835444233183366623,2026-05-06,f,,,1,30
835444233183366623,2026-05-07,f,,,1,30
835444233183366623,2026-05-08,f,,,1,30
835444233183366623,2026-05-09,f,,,1,30
835444233183366623,2026-05-10,f,,,1,30
835444233183366623,2026-05-11,f,,,1,30
835444233183366623,2026-05-12,f,,,1,30
835444233183366623,2026-05-13,f,,,1,30
835444233183366623,2026-05-14,f,,,1,30
835444233183366623,2026-05-15,f,,,1,30
835444233183366623,2026-05-16,f,,,1,30
835444233183366623,2026-05-17,f,,,1,30
835444233183366623,2026-05-18,f,,,1,30
835444233183366623,2026-05-19,f,,,1,30
835444233183366623,2026-05-20,f,,,1,30
835444233183366623,2026-05-21,f,,,1,30
835444233183366623,2026-05-22,f,,,1,30
835444233183366623,2026-05-23,f,,,1,30
835444233183366623,2026-05-24,f,,,1,30
835444233183366623,2026-05-25,f,,,1,30
835444233183366623,2026-05-26,f,,,1,30
835444233183366623,2026-05-27,f,,,1,30
835444233183366623,2026-05-28,f,,,1,30
835444233183366623,2026-05-29,f,,,1,30
835444233183366623,2026-05-30,f,,,1,30
835444233183366623,2026-05-31,f,,,1,30
835444233183366623,2026-06-01,f,,,1,30
835444233183366623,2026-06-02,f,,,1,30
835444233183366623,2026-06-03,f,,,1,30
835444233183366623,2026-06-04,f,,,1,30
835444233183366623,2026-06-05,f,,,1,30
835444233183366623,2026-06-06,f,,,1,30
835444233183366623,2026-06-07,f,,,1,30
835444233183366623,2026-06-08,f,,,1,30
835444233183366623,2026-06-09,f,,,1,30
835444233183366623,2026-06-10,f,,,1,30
835444233183366623,2026-06-11,f,,,1,30
835444233183366623,2026-06-12,f,,,1,30
835444233183366623,2026-06-13,f,,,1,30
835444233183366623,2026-06-14,f,,,1,30
835444233183366623,2026-06-15,f,,,1,30
835444233183366623,2026-06-16,f,,,1,30
835444233183366623,2026-06-17,f,,,1,30
835444233183366623,2026-06-18,f,,,1,30
835444233183366623,2026-06-19,f,,,1,30
835444233183366623,2026-06-20,f,,,1,30
835444233183366623,2026-06-21,f,,,1,30
835444233183366623,2026-06-22,f,,,1,30
835444233183366623,2026-06-23,f,,,1,30
838746071031373063,2025-06-24,f,,,29,1125
838746071031373063,2025-06-25,f,,,29,1125
838746071031373063,2025-06-26,t,,,29,1125
838746071031373063,2025-06-27,t,,,29,1125
838746071031373063,2025-06-28,t,,,29,1125
838746071031373063,2025-06-29,t,,,29,1125
838746071031373063,2025-06-30,t,,,29,1125
838746071031373063,2025-07-01,t,,,29,1125
838746071031373063,2025-07-02,t,,,29,1125
838746071031373063,2025-07-03,t,,,29,1125
838746071031373063,2025-07-04,t,,,29,1125
838746071031373063,2025-07-05,t,,,29,1125
838746071031373063,2025-07-06,t,,,29,1125
838746071031373063,2025-07-07,t,,,29,1125
838746071031373063,2025-07-08,t,,,29,1125
838746071031373063,2025-07-09,t,,,29,1125
838746071031373063,2025-07-10,t,,,29,1125
838746071031373063,2025-07-11,t,,,29,1125
838746071031373063,2025-07-12,t,,,29,1125
838746071031373063,2025-07-13,t,,,29,1125
838746071031373063,2025-07-14,t,,,29,1125
838746071031373063,2025-07-15,t,,,29,1125
838746071031373063,2025-07-16,t,,,29,1125
838746071031373063,2025-07-17,t,,,29,1125
838746071031373063,2025-07-18,t,,,29,1125
838746071031373063,2025-07-19,t,,,29,1125
838746071031373063,2025-07-20,t,,,29,1125
838746071031373063,2025-07-21,t,,,29,1125
838746071031373063,2025-07-22,t,,,29,1125
838746071031373063,2025-07-23,t,,,29,1125
838746071031373063,2025-07-24,t,,,29,1125
838746071031373063,2025-07-25,t,,,29,1125
838746071031373063,2025-07-26,t,,,29,1125
838746071031373063,2025-07-27,t,,,29,1125
838746071031373063,2025-07-28,t,,,29,1125
838746071031373063,2025-07-29,t,,,29,1125
838746071031373063,2025-07-30,t,,,29,1125
838746071031373063,2025-07-31,t,,,29,1125
838746071031373063,2025-08-01,t,,,29,1125
838746071031373063,2025-08-02,t,,,29,1125
838746071031373063,2025-08-03,t,,,29,1125
838746071031373063,2025-08-04,t,,,29,1125
838746071031373063,2025-08-05,t,,,29,1125
838746071031373063,2025-08-06,t,,,29,1125
838746071031373063,2025-08-07,t,,,29,1125
838746071031373063,2025-08-08,t,,,29,1125
838746071031373063,2025-08-09,t,,,29,1125
838746071031373063,2025-08-10,t,,,29,1125
838746071031373063,2025-08-11,t,,,29,1125
838746071031373063,2025-08-12,t,,,29,1125
838746071031373063,2025-08-13,t,,,29,1125
838746071031373063,2025-08-14,t,,,29,1125
838746071031373063,2025-08-15,t,,,29,1125
838746071031373063,2025-08-16,t,,,29,1125
838746071031373063,2025-08-17,t,,,29,1125
838746071031373063,2025-08-18,t,,,29,1125
838746071031373063,2025-08-19,t,,,29,1125
838746071031373063,2025-08-20,t,,,29,1125
838746071031373063,2025-08-21,t,,,29,1125
838746071031373063,2025-08-22,t,,,29,1125
838746071031373063,2025-08-23,t,,,29,1125
838746071031373063,2025-08-24,t,,,29,1125
838746071031373063,2025-08-25,t,,,29,1125
838746071031373063,2025-08-26,t,,,29,1125
838746071031373063,2025-08-27,t,,,29,1125
838746071031373063,2025-08-28,t,,,29,1125
838746071031373063,2025-08-29,t,,,29,1125
838746071031373063,2025-08-30,t,,,29,1125
838746071031373063,2025-08-31,t,,,29,1125
838746071031373063,2025-09-01,t,,,29,1125
838746071031373063,2025-09-02,t,,,29,1125
838746071031373063,2025-09-03,t,,,29,1125
838746071031373063,2025-09-04,t,,,29,1125
838746071031373063,2025-09-05,t,,,29,1125
838746071031373063,2025-09-06,t,,,29,1125
838746071031373063,2025-09-07,t,,,29,1125
838746071031373063,2025-09-08,t,,,29,1125
838746071031373063,2025-09-09,t,,,29,1125
838746071031373063,2025-09-10,t,,,29,1125
838746071031373063,2025-09-11,t,,,29,1125
838746071031373063,2025-09-12,t,,,29,1125
838746071031373063,2025-09-13,t,,,29,1125
838746071031373063,2025-09-14,t,,,29,1125
838746071031373063,2025-09-15,t,,,29,1125
838746071031373063,2025-09-16,t,,,29,1125
838746071031373063,2025-09-17,t,,,29,1125
838746071031373063,2025-09-18,t,,,29,1125
838746071031373063,2025-09-19,t,,,29,1125
838746071031373063,2025-09-20,t,,,29,1125
838746071031373063,2025-09-21,t,,,29,1125
838746071031373063,2025-09-22,t,,,29,1125
838746071031373063,2025-09-23,t,,,29,1125
838746071031373063,2025-09-24,t,,,29,1125
838746071031373063,2025-09-25,t,,,29,1125
838746071031373063,2025-09-26,t,,,29,1125
838746071031373063,2025-09-27,t,,,29,1125
838746071031373063,2025-09-28,t,,,29,1125
838746071031373063,2025-09-29,t,,,29,1125
838746071031373063,2025-09-30,t,,,29,1125
838746071031373063,2025-10-01,t,,,29,1125
838746071031373063,2025-10-02,t,,,29,1125
838746071031373063,2025-10-03,t,,,29,1125
838746071031373063,2025-10-04,t,,,29,1125
838746071031373063,2025-10-05,t,,,29,1125
838746071031373063,2025-10-06,t,,,29,1125
838746071031373063,2025-10-07,t,,,29,1125
838746071031373063,2025-10-08,t,,,29,1125
838746071031373063,2025-10-09,t,,,29,1125
838746071031373063,2025-10-10,t,,,29,1125
838746071031373063,2025-10-11,t,,,29,1125
838746071031373063,2025-10-12,t,,,29,1125
838746071031373063,2025-10-13,t,,,29,1125
838746071031373063,2025-10-14,t,,,29,1125
838746071031373063,2025-10-15,t,,,29,1125
838746071031373063,2025-10-16,t,,,29,1125
838746071031373063,2025-10-17,t,,,29,1125
838746071031373063,2025-10-18,t,,,29,1125
838746071031373063,2025-10-19,t,,,29,1125
838746071031373063,2025-10-20,t,,,29,1125
838746071031373063,2025-10-21,t,,,29,1125
838746071031373063,2025-10-22,t,,,29,1125
838746071031373063,2025-10-23,t,,,29,1125
838746071031373063,2025-10-24,t,,,29,1125
838746071031373063,2025-10-25,t,,,29,1125
838746071031373063,2025-10-26,t,,,29,1125
838746071031373063,2025-10-27,t,,,29,1125
838746071031373063,2025-10-28,t,,,29,1125
838746071031373063,2025-10-29,t,,,29,1125
838746071031373063,2025-10-30,t,,,29,1125
838746071031373063,2025-10-31,t,,,29,1125
838746071031373063,2025-11-01,t,,,29,1125
838746071031373063,2025-11-02,t,,,29,1125
838746071031373063,2025-11-03,t,,,29,1125
838746071031373063,2025-11-04,t,,,29,1125
838746071031373063,2025-11-05,t,,,29,1125
838746071031373063,2025-11-06,t,,,29,1125
838746071031373063,2025-11-07,t,,,29,1125
838746071031373063,2025-11-08,t,,,29,1125
838746071031373063,2025-11-09,t,,,29,1125
838746071031373063,2025-11-10,t,,,29,1125
838746071031373063,2025-11-11,t,,,29,1125
838746071031373063,2025-11-12,t,,,29,1125
838746071031373063,2025-11-13,t,,,29,1125
838746071031373063,2025-11-14,t,,,29,1125
838746071031373063,2025-11-15,t,,,29,1125
838746071031373063,2025-11-16,t,,,29,1125
838746071031373063,2025-11-17,t,,,29,1125
838746071031373063,2025-11-18,t,,,29,1125
838746071031373063,2025-11-19,t,,,29,1125
838746071031373063,2025-11-20,t,,,29,1125
838746071031373063,2025-11-21,t,,,29,1125
838746071031373063,2025-11-22,t,,,29,1125
838746071031373063,2025-11-23,t,,,29,1125
838746071031373063,2025-11-24,t,,,29,1125
838746071031373063,2025-11-25,t,,,29,1125
838746071031373063,2025-11-26,t,,,29,1125
838746071031373063,2025-11-27,t,,,29,1125
838746071031373063,2025-11-28,t,,,29,1125
838746071031373063,2025-11-29,t,,,29,1125
838746071031373063,2025-11-30,t,,,29,1125
838746071031373063,2025-12-01,t,,,29,1125
838746071031373063,2025-12-02,t,,,29,1125
838746071031373063,2025-12-03,t,,,29,1125
838746071031373063,2025-12-04,t,,,29,1125
838746071031373063,2025-12-05,t,,,29,1125
838746071031373063,2025-12-06,t,,,29,1125
838746071031373063,2025-12-07,t,,,29,1125
838746071031373063,2025-12-08,t,,,29,1125
838746071031373063,2025-12-09,t,,,29,1125
838746071031373063,2025-12-10,t,,,29,1125
838746071031373063,2025-12-11,t,,,29,1125
838746071031373063,2025-12-12,t,,,29,1125
838746071031373063,2025-12-13,t,,,29,1125
838746071031373063,2025-12-14,t,,,29,1125
838746071031373063,2025-12-15,t,,,29,1125
838746071031373063,2025-12-16,t,,,29,1125
838746071031373063,2025-12-17,t,,,29,1125
838746071031373063,2025-12-18,t,,,29,1125
838746071031373063,2025-12-19,t,,,29,1125
838746071031373063,2025-12-20,t,,,29,1125
838746071031373063,2025-12-21,t,,,29,1125
838746071031373063,2025-12-22,t,,,29,1125
838746071031373063,2025-12-23,t,,,29,1125
838746071031373063,2025-12-24,t,,,29,1125
838746071031373063,2025-12-25,t,,,29,1125
838746071031373063,2025-12-26,t,,,29,1125
838746071031373063,2025-12-27,t,,,29,1125
838746071031373063,2025-12-28,t,,,29,1125
838746071031373063,2025-12-29,t,,,29,1125
838746071031373063,2025-12-30,t,,,29,1125
838746071031373063,2025-12-31,t,,,29,1125
838746071031373063,2026-01-01,t,,,29,1125
838746071031373063,2026-01-02,t,,,29,1125
838746071031373063,2026-01-03,t,,,29,1125
838746071031373063,2026-01-04,t,,,29,1125
838746071031373063,2026-01-05,t,,,29,1125
838746071031373063,2026-01-06,t,,,29,1125
838746071031373063,2026-01-07,t,,,29,1125
838746071031373063,2026-01-08,t,,,29,1125
838746071031373063,2026-01-09,t,,,29,1125
838746071031373063,2026-01-10,t,,,29,1125
838746071031373063,2026-01-11,t,,,29,1125
838746071031373063,2026-01-12,t,,,29,1125
838746071031373063,2026-01-13,t,,,29,1125
838746071031373063,2026-01-14,t,,,29,1125
838746071031373063,2026-01-15,t,,,29,1125
838746071031373063,2026-01-16,t,,,29,1125
838746071031373063,2026-01-17,t,,,29,1125
838746071031373063,2026-01-18,t,,,29,1125
838746071031373063,2026-01-19,t,,,29,1125
838746071031373063,2026-01-20,t,,,29,1125
838746071031373063,2026-01-21,t,,,29,1125
838746071031373063,2026-01-22,t,,,29,1125
838746071031373063,2026-01-23,t,,,29,1125
838746071031373063,2026-01-24,t,,,29,1125
838746071031373063,2026-01-25,t,,,29,1125
838746071031373063,2026-01-26,t,,,29,1125
838746071031373063,2026-01-27,t,,,29,1125
838746071031373063,2026-01-28,t,,,29,1125
838746071031373063,2026-01-29,t,,,29,1125
838746071031373063,2026-01-30,t,,,29,1125
838746071031373063,2026-01-31,t,,,29,1125
838746071031373063,2026-02-01,t,,,29,1125
838746071031373063,2026-02-02,t,,,29,1125
838746071031373063,2026-02-03,t,,,29,1125
838746071031373063,2026-02-04,t,,,29,1125
838746071031373063,2026-02-05,t,,,29,1125
838746071031373063,2026-02-06,t,,,29,1125
838746071031373063,2026-02-07,t,,,29,1125
838746071031373063,2026-02-08,t,,,29,1125
838746071031373063,2026-02-09,t,,,29,1125
838746071031373063,2026-02-10,t,,,29,1125
838746071031373063,2026-02-11,t,,,29,1125
838746071031373063,2026-02-12,t,,,29,1125
838746071031373063,2026-02-13,t,,,29,1125
838746071031373063,2026-02-14,t,,,29,1125
838746071031373063,2026-02-15,t,,,29,1125
838746071031373063,2026-02-16,t,,,29,1125
838746071031373063,2026-02-17,t,,,29,1125
838746071031373063,2026-02-18,t,,,29,1125
838746071031373063,2026-02-19,t,,,29,1125
838746071031373063,2026-02-20,t,,,29,1125
838746071031373063,2026-02-21,t,,,29,1125
838746071031373063,2026-02-22,t,,,29,1125
838746071031373063,2026-02-23,t,,,29,1125
838746071031373063,2026-02-24,t,,,29,1125
838746071031373063,2026-02-25,t,,,29,1125
838746071031373063,2026-02-26,t,,,29,1125
838746071031373063,2026-02-27,t,,,29,1125
838746071031373063,2026-02-28,t,,,29,1125
838746071031373063,2026-03-01,t,,,29,1125
838746071031373063,2026-03-02,t,,,29,1125
838746071031373063,2026-03-03,t,,,29,1125
838746071031373063,2026-03-04,t,,,29,1125
838746071031373063,2026-03-05,t,,,29,1125
838746071031373063,2026-03-06,t,,,29,1125
838746071031373063,2026-03-07,t,,,29,1125
838746071031373063,2026-03-08,t,,,29,1125
838746071031373063,2026-03-09,t,,,29,1125
838746071031373063,2026-03-10,t,,,29,1125
838746071031373063,2026-03-11,t,,,29,1125
838746071031373063,2026-03-12,t,,,29,1125
838746071031373063,2026-03-13,t,,,29,1125
838746071031373063,2026-03-14,t,,,29,1125
838746071031373063,2026-03-15,t,,,29,1125
838746071031373063,2026-03-16,t,,,29,1125
838746071031373063,2026-03-17,t,,,29,1125
838746071031373063,2026-03-18,t,,,29,1125
838746071031373063,2026-03-19,t,,,29,1125
838746071031373063,2026-03-20,t,,,29,1125
838746071031373063,2026-03-21,t,,,29,1125
838746071031373063,2026-03-22,t,,,29,1125
838746071031373063,2026-03-23,t,,,29,1125
838746071031373063,2026-03-24,t,,,29,1125
838746071031373063,2026-03-25,t,,,29,1125
838746071031373063,2026-03-26,t,,,29,1125
838746071031373063,2026-03-27,t,,,29,1125
838746071031373063,2026-03-28,t,,,29,1125
838746071031373063,2026-03-29,t,,,29,1125
838746071031373063,2026-03-30,t,,,29,1125
838746071031373063,2026-03-31,t,,,29,1125
838746071031373063,2026-04-01,t,,,29,1125
838746071031373063,2026-04-02,t,,,29,1125
838746071031373063,2026-04-03,t,,,29,1125
838746071031373063,2026-04-04,t,,,29,1125
838746071031373063,2026-04-05,t,,,29,1125
838746071031373063,2026-04-06,t,,,29,1125
838746071031373063,2026-04-07,t,,,29,1125
838746071031373063,2026-04-08,t,,,29,1125
838746071031373063,2026-04-09,t,,,29,1125
838746071031373063,2026-04-10,t,,,29,1125
838746071031373063,2026-04-11,t,,,29,1125
838746071031373063,2026-04-12,t,,,29,1125
838746071031373063,2026-04-13,t,,,29,1125
838746071031373063,2026-04-14,t,,,29,1125
838746071031373063,2026-04-15,t,,,29,1125
838746071031373063,2026-04-16,t,,,29,1125
838746071031373063,2026-04-17,t,,,29,1125
838746071031373063,2026-04-18,t,,,29,1125
838746071031373063,2026-04-19,t,,,29,1125
838746071031373063,2026-04-20,t,,,29,1125
838746071031373063,2026-04-21,t,,,29,1125
838746071031373063,2026-04-22,t,,,29,1125
838746071031373063,2026-04-23,t,,,29,1125
838746071031373063,2026-04-24,t,,,29,1125
838746071031373063,2026-04-25,t,,,29,1125
838746071031373063,2026-04-26,t,,,29,1125
838746071031373063,2026-04-27,t,,,29,1125
838746071031373063,2026-04-28,t,,,29,1125
838746071031373063,2026-04-29,t,,,29,1125
838746071031373063,2026-04-30,t,,,29,1125
838746071031373063,2026-05-01,t,,,29,1125
838746071031373063,2026-05-02,t,,,29,1125
838746071031373063,2026-05-03,t,,,29,1125
838746071031373063,2026-05-04,t,,,29,1125
838746071031373063,2026-05-05,t,,,29,1125
838746071031373063,2026-05-06,t,,,29,1125
838746071031373063,2026-05-07,t,,,29,1125
838746071031373063,2026-05-08,t,,,29,1125
838746071031373063,2026-05-09,t,,,29,1125
838746071031373063,2026-05-10,t,,,29,1125
838746071031373063,2026-05-11,t,,,29,1125
838746071031373063,2026-05-12,t,,,29,1125
838746071031373063,2026-05-13,t,,,29,1125
838746071031373063,2026-05-14,t,,,29,1125
838746071031373063,2026-05-15,t,,,29,1125
838746071031373063,2026-05-16,t,,,29,1125
838746071031373063,2026-05-17,t,,,29,1125
838746071031373063,2026-05-18,t,,,29,1125
838746071031373063,2026-05-19,t,,,29,1125
838746071031373063,2026-05-20,t,,,29,1125
838746071031373063,2026-05-21,t,,,29,1125
838746071031373063,2026-05-22,t,,,29,1125
838746071031373063,2026-05-23,t,,,29,1125
838746071031373063,2026-05-24,t,,,29,1125
838746071031373063,2026-05-25,t,,,29,1125
838746071031373063,2026-05-26,t,,,29,1125
838746071031373063,2026-05-27,t,,,29,1125
838746071031373063,2026-05-28,t,,,29,1125
838746071031373063,2026-05-29,t,,,29,1125
838746071031373063,2026-05-30,t,,,29,1125
838746071031373063,2026-05-31,t,,,29,1125
838746071031373063,2026-06-01,t,,,29,1125
838746071031373063,2026-06-02,t,,,29,1125
838746071031373063,2026-06-03,t,,,29,1125
838746071031373063,2026-06-04,t,,,29,1125
838746071031373063,2026-06-05,t,,,29,1125
838746071031373063,2026-06-06,t,,,29,1125
838746071031373063,2026-06-07,t,,,29,1125
838746071031373063,2026-06-08,t,,,29,1125
838746071031373063,2026-06-09,t,,,29,1125
838746071031373063,2026-06-10,t,,,29,1125
838746071031373063,2026-06-11,t,,,29,1125
838746071031373063,2026-06-12,t,,,29,1125
838746071031373063,2026-06-13,t,,,29,1125
838746071031373063,2026-06-14,t,,,29,1125
838746071031373063,2026-06-15,t,,,29,1125
838746071031373063,2026-06-16,t,,,29,1125
838746071031373063,2026-06-17,t,,,29,1125
838746071031373063,2026-06-18,t,,,29,1125
838746071031373063,2026-06-19,t,,,29,1125
838746071031373063,2026-06-20,t,,,29,1125
838746071031373063,2026-06-21,t,,,29,1125
838746071031373063,2026-06-22,t,,,29,1125
838746071031373063,2026-06-23,t,,,29,1125
842337997509465579,2025-06-24,f,,,1,30
842337997509465579,2025-06-25,f,,,1,30
842337997509465579,2025-06-26,f,,,1,30
842337997509465579,2025-06-27,f,,,1,30
842337997509465579,2025-06-28,f,,,1,30
842337997509465579,2025-06-29,f,,,1,30
842337997509465579,2025-06-30,t,,,1,30
842337997509465579,2025-07-01,t,,,1,30
842337997509465579,2025-07-02,t,,,1,30
842337997509465579,2025-07-03,t,,,1,30
842337997509465579,2025-07-04,f,,,1,30
842337997509465579,2025-07-05,t,,,1,30
842337997509465579,2025-07-06,t,,,1,30
842337997509465579,2025-07-07,t,,,1,30
842337997509465579,2025-07-08,t,,,1,30
842337997509465579,2025-07-09,t,,,1,30
842337997509465579,2025-07-10,t,,,1,30
842337997509465579,2025-07-11,t,,,1,30
842337997509465579,2025-07-12,t,,,1,30
842337997509465579,2025-07-13,t,,,1,30
842337997509465579,2025-07-14,t,,,1,30
842337997509465579,2025-07-15,t,,,1,30
842337997509465579,2025-07-16,f,,,1,30
842337997509465579,2025-07-17,f,,,1,30
842337997509465579,2025-07-18,f,,,1,30
842337997509465579,2025-07-19,t,,,1,30
842337997509465579,2025-07-20,t,,,1,30
842337997509465579,2025-07-21,t,,,1,30
842337997509465579,2025-07-22,t,,,1,30
842337997509465579,2025-07-23,t,,,1,30
842337997509465579,2025-07-24,t,,,1,30
842337997509465579,2025-07-25,f,,,1,30
842337997509465579,2025-07-26,f,,,1,30
842337997509465579,2025-07-27,f,,,1,30
842337997509465579,2025-07-28,t,,,1,30
842337997509465579,2025-07-29,t,,,1,30
842337997509465579,2025-07-30,t,,,1,30
842337997509465579,2025-07-31,t,,,1,30
842337997509465579,2025-08-01,t,,,1,30
842337997509465579,2025-08-02,t,,,1,30
842337997509465579,2025-08-03,t,,,1,30
842337997509465579,2025-08-04,t,,,1,30
842337997509465579,2025-08-05,t,,,1,30
842337997509465579,2025-08-06,t,,,1,30
842337997509465579,2025-08-07,t,,,1,30
842337997509465579,2025-08-08,t,,,1,30
842337997509465579,2025-08-09,t,,,1,30
842337997509465579,2025-08-10,t,,,1,30
842337997509465579,2025-08-11,t,,,1,30
842337997509465579,2025-08-12,t,,,1,30
842337997509465579,2025-08-13,t,,,1,30
842337997509465579,2025-08-14,t,,,1,30
842337997509465579,2025-08-15,t,,,1,30
842337997509465579,2025-08-16,t,,,1,30
842337997509465579,2025-08-17,t,,,1,30
842337997509465579,2025-08-18,t,,,1,30
842337997509465579,2025-08-19,t,,,1,30
842337997509465579,2025-08-20,t,,,1,30
842337997509465579,2025-08-21,t,,,1,30
842337997509465579,2025-08-22,t,,,1,30
842337997509465579,2025-08-23,t,,,1,30
842337997509465579,2025-08-24,t,,,1,30
842337997509465579,2025-08-25,t,,,1,30
842337997509465579,2025-08-26,t,,,1,30
842337997509465579,2025-08-27,t,,,1,30
842337997509465579,2025-08-28,t,,,1,30
842337997509465579,2025-08-29,t,,,1,30
842337997509465579,2025-08-30,t,,,1,30
842337997509465579,2025-08-31,t,,,1,30
842337997509465579,2025-09-01,t,,,1,30
842337997509465579,2025-09-02,t,,,1,30
842337997509465579,2025-09-03,t,,,1,30
842337997509465579,2025-09-04,t,,,1,30
842337997509465579,2025-09-05,t,,,1,30
842337997509465579,2025-09-06,t,,,1,30
842337997509465579,2025-09-07,t,,,1,30
842337997509465579,2025-09-08,t,,,1,30
842337997509465579,2025-09-09,t,,,1,30
842337997509465579,2025-09-10,t,,,1,30
842337997509465579,2025-09-11,t,,,1,30
842337997509465579,2025-09-12,t,,,1,30
842337997509465579,2025-09-13,t,,,1,30
842337997509465579,2025-09-14,t,,,1,30
842337997509465579,2025-09-15,t,,,1,30
842337997509465579,2025-09-16,t,,,1,30
842337997509465579,2025-09-17,t,,,1,30
842337997509465579,2025-09-18,t,,,1,30
842337997509465579,2025-09-19,t,,,1,30
842337997509465579,2025-09-20,t,,,1,30
842337997509465579,2025-09-21,t,,,1,30
842337997509465579,2025-09-22,t,,,1,30
842337997509465579,2025-09-23,f,,,1,30
842337997509465579,2025-09-24,f,,,1,30
842337997509465579,2025-09-25,f,,,1,30
842337997509465579,2025-09-26,f,,,1,30
842337997509465579,2025-09-27,f,,,1,30
842337997509465579,2025-09-28,f,,,1,30
842337997509465579,2025-09-29,f,,,1,30
842337997509465579,2025-09-30,f,,,1,30
842337997509465579,2025-10-01,f,,,1,30
842337997509465579,2025-10-02,f,,,1,30
842337997509465579,2025-10-03,f,,,1,30
842337997509465579,2025-10-04,f,,,1,30
842337997509465579,2025-10-05,f,,,1,30
842337997509465579,2025-10-06,f,,,1,30
842337997509465579,2025-10-07,f,,,1,30
842337997509465579,2025-10-08,f,,,1,30
842337997509465579,2025-10-09,f,,,1,30
842337997509465579,2025-10-10,f,,,1,30
842337997509465579,2025-10-11,f,,,1,30
842337997509465579,2025-10-12,f,,,1,30
842337997509465579,2025-10-13,f,,,1,30
842337997509465579,2025-10-14,f,,,1,30
842337997509465579,2025-10-15,f,,,1,30
842337997509465579,2025-10-16,f,,,1,30
842337997509465579,2025-10-17,f,,,1,30
842337997509465579,2025-10-18,f,,,1,30
842337997509465579,2025-10-19,f,,,1,30
842337997509465579,2025-10-20,f,,,1,30
842337997509465579,2025-10-21,f,,,1,30
842337997509465579,2025-10-22,f,,,1,30
842337997509465579,2025-10-23,f,,,1,30
842337997509465579,2025-10-24,f,,,1,30
842337997509465579,2025-10-25,f,,,1,30
842337997509465579,2025-10-26,f,,,1,30
842337997509465579,2025-10-27,f,,,1,30
842337997509465579,2025-10-28,f,,,1,30
842337997509465579,2025-10-29,f,,,1,30
842337997509465579,2025-10-30,f,,,1,30
842337997509465579,2025-10-31,f,,,1,30
842337997509465579,2025-11-01,f,,,1,30
842337997509465579,2025-11-02,f,,,1,30
842337997509465579,2025-11-03,f,,,1,30
842337997509465579,2025-11-04,f,,,1,30
842337997509465579,2025-11-05,f,,,1,30
842337997509465579,2025-11-06,f,,,1,30
842337997509465579,2025-11-07,f,,,1,30
842337997509465579,2025-11-08,f,,,1,30
842337997509465579,2025-11-09,f,,,1,30
842337997509465579,2025-11-10,f,,,1,30
842337997509465579,2025-11-11,f,,,1,30
842337997509465579,2025-11-12,f,,,1,30
842337997509465579,2025-11-13,f,,,1,30
842337997509465579,2025-11-14,f,,,1,30
842337997509465579,2025-11-15,f,,,1,30
842337997509465579,2025-11-16,f,,,1,30
842337997509465579,2025-11-17,f,,,1,30
842337997509465579,2025-11-18,f,,,1,30
842337997509465579,2025-11-19,f,,,1,30
842337997509465579,2025-11-20,f,,,1,30
842337997509465579,2025-11-21,f,,,1,30
842337997509465579,2025-11-22,f,,,1,30
842337997509465579,2025-11-23,f,,,1,30
842337997509465579,2025-11-24,f,,,1,30
842337997509465579,2025-11-25,f,,,1,30
842337997509465579,2025-11-26,f,,,1,30
842337997509465579,2025-11-27,f,,,1,30
842337997509465579,2025-11-28,f,,,1,30
842337997509465579,2025-11-29,f,,,1,30
842337997509465579,2025-11-30,f,,,1,30
842337997509465579,2025-12-01,f,,,1,30
842337997509465579,2025-12-02,f,,,1,30
842337997509465579,2025-12-03,f,,,1,30
842337997509465579,2025-12-04,f,,,1,30
842337997509465579,2025-12-05,f,,,1,30
842337997509465579,2025-12-06,f,,,1,30
842337997509465579,2025-12-07,f,,,1,30
842337997509465579,2025-12-08,f,,,1,30
842337997509465579,2025-12-09,f,,,1,30
842337997509465579,2025-12-10,f,,,1,30
842337997509465579,2025-12-11,f,,,1,30
842337997509465579,2025-12-12,f,,,1,30
842337997509465579,2025-12-13,f,,,1,30
842337997509465579,2025-12-14,f,,,1,30
842337997509465579,2025-12-15,f,,,1,30
842337997509465579,2025-12-16,f,,,1,30
842337997509465579,2025-12-17,f,,,1,30
842337997509465579,2025-12-18,f,,,1,30
842337997509465579,2025-12-19,f,,,1,30
842337997509465579,2025-12-20,f,,,1,30
842337997509465579,2025-12-21,f,,,1,30
842337997509465579,2025-12-22,f,,,1,30
842337997509465579,2025-12-23,f,,,1,30
842337997509465579,2025-12-24,f,,,1,30
842337997509465579,2025-12-25,f,,,1,30
842337997509465579,2025-12-26,f,,,1,30
842337997509465579,2025-12-27,f,,,1,30
842337997509465579,2025-12-28,f,,,1,30
842337997509465579,2025-12-29,f,,,1,30
842337997509465579,2025-12-30,f,,,1,30
842337997509465579,2025-12-31,f,,,1,30
842337997509465579,2026-01-01,f,,,1,30
842337997509465579,2026-01-02,f,,,1,30
842337997509465579,2026-01-03,f,,,1,30
842337997509465579,2026-01-04,f,,,1,30
842337997509465579,2026-01-05,f,,,1,30
842337997509465579,2026-01-06,f,,,1,30
842337997509465579,2026-01-07,f,,,1,30
842337997509465579,2026-01-08,f,,,1,30
842337997509465579,2026-01-09,f,,,1,30
842337997509465579,2026-01-10,f,,,1,30
842337997509465579,2026-01-11,f,,,1,30
842337997509465579,2026-01-12,f,,,1,30
842337997509465579,2026-01-13,f,,,1,30
842337997509465579,2026-01-14,f,,,1,30
842337997509465579,2026-01-15,f,,,1,30
842337997509465579,2026-01-16,f,,,1,30
842337997509465579,2026-01-17,f,,,1,30
842337997509465579,2026-01-18,f,,,1,30
842337997509465579,2026-01-19,f,,,1,30
842337997509465579,2026-01-20,f,,,1,30
842337997509465579,2026-01-21,f,,,1,30
842337997509465579,2026-01-22,f,,,1,30
842337997509465579,2026-01-23,f,,,1,30
842337997509465579,2026-01-24,f,,,1,30
842337997509465579,2026-01-25,f,,,1,30
842337997509465579,2026-01-26,f,,,1,30
842337997509465579,2026-01-27,f,,,1,30
842337997509465579,2026-01-28,f,,,1,30
842337997509465579,2026-01-29,f,,,1,30
842337997509465579,2026-01-30,f,,,1,30
842337997509465579,2026-01-31,f,,,1,30
842337997509465579,2026-02-01,f,,,1,30
842337997509465579,2026-02-02,f,,,1,30
842337997509465579,2026-02-03,f,,,1,30
842337997509465579,2026-02-04,f,,,1,30
842337997509465579,2026-02-05,f,,,1,30
842337997509465579,2026-02-06,f,,,1,30
842337997509465579,2026-02-07,f,,,1,30
842337997509465579,2026-02-08,f,,,1,30
842337997509465579,2026-02-09,f,,,1,30
842337997509465579,2026-02-10,f,,,1,30
842337997509465579,2026-02-11,f,,,1,30
842337997509465579,2026-02-12,f,,,1,30
842337997509465579,2026-02-13,f,,,1,30
842337997509465579,2026-02-14,f,,,1,30
842337997509465579,2026-02-15,f,,,1,30
842337997509465579,2026-02-16,f,,,1,30
842337997509465579,2026-02-17,f,,,1,30
842337997509465579,2026-02-18,f,,,1,30
842337997509465579,2026-02-19,f,,,1,30
842337997509465579,2026-02-20,f,,,1,30
842337997509465579,2026-02-21,f,,,1,30
842337997509465579,2026-02-22,f,,,1,30
842337997509465579,2026-02-23,f,,,1,30
842337997509465579,2026-02-24,f,,,1,30
842337997509465579,2026-02-25,f,,,1,30
842337997509465579,2026-02-26,f,,,1,30
842337997509465579,2026-02-27,f,,,1,30
842337997509465579,2026-02-28,f,,,1,30
842337997509465579,2026-03-01,f,,,1,30
842337997509465579,2026-03-02,f,,,1,30
842337997509465579,2026-03-03,f,,,1,30
842337997509465579,2026-03-04,f,,,1,30
842337997509465579,2026-03-05,f,,,1,30
842337997509465579,2026-03-06,f,,,1,30
842337997509465579,2026-03-07,f,,,1,30
842337997509465579,2026-03-08,f,,,1,30
842337997509465579,2026-03-09,f,,,1,30
842337997509465579,2026-03-10,f,,,1,30
842337997509465579,2026-03-11,f,,,1,30
842337997509465579,2026-03-12,f,,,1,30
842337997509465579,2026-03-13,f,,,1,30
842337997509465579,2026-03-14,f,,,1,30
842337997509465579,2026-03-15,f,,,1,30
842337997509465579,2026-03-16,f,,,1,30
842337997509465579,2026-03-17,f,,,1,30
842337997509465579,2026-03-18,f,,,1,30
842337997509465579,2026-03-19,f,,,1,30
842337997509465579,2026-03-20,f,,,1,30
842337997509465579,2026-03-21,f,,,1,30
842337997509465579,2026-03-22,f,,,1,30
842337997509465579,2026-03-23,f,,,1,30
842337997509465579,2026-03-24,f,,,1,30
842337997509465579,2026-03-25,f,,,1,30
842337997509465579,2026-03-26,f,,,1,30
842337997509465579,2026-03-27,f,,,1,30
842337997509465579,2026-03-28,f,,,1,30
842337997509465579,2026-03-29,f,,,1,30
842337997509465579,2026-03-30,f,,,1,30
842337997509465579,2026-03-31,f,,,1,30
842337997509465579,2026-04-01,f,,,1,30
842337997509465579,2026-04-02,f,,,1,30
842337997509465579,2026-04-03,f,,,1,30
842337997509465579,2026-04-04,f,,,1,30
842337997509465579,2026-04-05,f,,,1,30
842337997509465579,2026-04-06,f,,,1,30
842337997509465579,2026-04-07,f,,,1,30
842337997509465579,2026-04-08,f,,,1,30
842337997509465579,2026-04-09,f,,,1,30
842337997509465579,2026-04-10,f,,,1,30
842337997509465579,2026-04-11,f,,,1,30
842337997509465579,2026-04-12,f,,,1,30
842337997509465579,2026-04-13,f,,,1,30
842337997509465579,2026-04-14,f,,,1,30
842337997509465579,2026-04-15,f,,,1,30
842337997509465579,2026-04-16,f,,,1,30
842337997509465579,2026-04-17,f,,,1,30
842337997509465579,2026-04-18,f,,,1,30
842337997509465579,2026-04-19,f,,,1,30
842337997509465579,2026-04-20,f,,,1,30
842337997509465579,2026-04-21,f,,,1,30
842337997509465579,2026-04-22,f,,,1,30
842337997509465579,2026-04-23,f,,,1,30
842337997509465579,2026-04-24,f,,,1,30
842337997509465579,2026-04-25,f,,,1,30
842337997509465579,2026-04-26,f,,,1,30
842337997509465579,2026-04-27,f,,,1,30
842337997509465579,2026-04-28,f,,,1,30
842337997509465579,2026-04-29,f,,,1,30
842337997509465579,2026-04-30,f,,,1,30
842337997509465579,2026-05-01,f,,,1,30
842337997509465579,2026-05-02,f,,,1,30
842337997509465579,2026-05-03,f,,,1,30
842337997509465579,2026-05-04,f,,,1,30
842337997509465579,2026-05-05,f,,,1,30
842337997509465579,2026-05-06,f,,,1,30
842337997509465579,2026-05-07,f,,,1,30
842337997509465579,2026-05-08,f,,,1,30
842337997509465579,2026-05-09,f,,,1,30
842337997509465579,2026-05-10,f,,,1,30
842337997509465579,2026-05-11,f,,,1,30
842337997509465579,2026-05-12,f,,,1,30
842337997509465579,2026-05-13,f,,,1,30
842337997509465579,2026-05-14,f,,,1,30
842337997509465579,2026-05-15,f,,,1,30
842337997509465579,2026-05-16,f,,,1,30
842337997509465579,2026-05-17,f,,,1,30
842337997509465579,2026-05-18,f,,,1,30
842337997509465579,2026-05-19,f,,,1,30
842337997509465579,2026-05-20,f,,,1,30
842337997509465579,2026-05-21,f,,,1,30
842337997509465579,2026-05-22,f,,,1,30
842337997509465579,2026-05-23,f,,,1,30
842337997509465579,2026-05-24,f,,,1,30
842337997509465579,2026-05-25,f,,,1,30
842337997509465579,2026-05-26,f,,,1,30
842337997509465579,2026-05-27,f,,,1,30
842337997509465579,2026-05-28,f,,,1,30
842337997509465579,2026-05-29,f,,,1,30
842337997509465579,2026-05-30,f,,,1,30
842337997509465579,2026-05-31,f,,,1,30
842337997509465579,2026-06-01,f,,,1,30
842337997509465579,2026-06-02,f,,,1,30
842337997509465579,2026-06-03,f,,,1,30
842337997509465579,2026-06-04,f,,,1,30
842337997509465579,2026-06-05,f,,,1,30
842337997509465579,2026-06-06,f,,,1,30
842337997509465579,2026-06-07,f,,,1,30
842337997509465579,2026-06-08,f,,,1,30
842337997509465579,2026-06-09,f,,,1,30
842337997509465579,2026-06-10,f,,,1,30
842337997509465579,2026-06-11,f,,,1,30
842337997509465579,2026-06-12,f,,,1,30
842337997509465579,2026-06-13,f,,,1,30
842337997509465579,2026-06-14,f,,,1,30
842337997509465579,2026-06-15,f,,,1,30
842337997509465579,2026-06-16,f,,,1,30
842337997509465579,2026-06-17,f,,,1,30
842337997509465579,2026-06-18,f,,,1,30
842337997509465579,2026-06-19,f,,,1,30
842337997509465579,2026-06-20,f,,,1,30
842337997509465579,2026-06-21,f,,,1,30
842337997509465579,2026-06-22,f,,,1,30
842337997509465579,2026-06-23,f,,,1,30
863568761940517694,2025-06-24,f,,,3,365
863568761940517694,2025-06-25,f,,,3,365
863568761940517694,2025-06-26,f,,,3,365
863568761940517694,2025-06-27,f,,,3,365
863568761940517694,2025-06-28,f,,,3,365
863568761940517694,2025-06-29,f,,,3,365
863568761940517694,2025-06-30,f,,,3,365
863568761940517694,2025-07-01,f,,,3,365
863568761940517694,2025-07-02,f,,,3,365
863568761940517694,2025-07-03,f,,,3,365
863568761940517694,2025-07-04,f,,,3,365
863568761940517694,2025-07-05,f,,,3,365
863568761940517694,2025-07-06,f,,,3,365
863568761940517694,2025-07-07,f,,,3,365
863568761940517694,2025-07-08,f,,,3,365
863568761940517694,2025-07-09,f,,,3,365
863568761940517694,2025-07-10,t,,,3,365
863568761940517694,2025-07-11,t,,,3,365
863568761940517694,2025-07-12,t,,,3,365
863568761940517694,2025-07-13,t,,,3,365
863568761940517694,2025-07-14,t,,,3,365
863568761940517694,2025-07-15,t,,,3,365
863568761940517694,2025-07-16,t,,,3,365
863568761940517694,2025-07-17,t,,,3,365
863568761940517694,2025-07-18,t,,,3,365
863568761940517694,2025-07-19,t,,,3,365
863568761940517694,2025-07-20,t,,,3,365
863568761940517694,2025-07-21,t,,,3,365
863568761940517694,2025-07-22,t,,,3,365
863568761940517694,2025-07-23,t,,,3,365
863568761940517694,2025-07-24,t,,,3,365
863568761940517694,2025-07-25,t,,,3,365
863568761940517694,2025-07-26,t,,,3,365
863568761940517694,2025-07-27,t,,,3,365
863568761940517694,2025-07-28,t,,,3,365
863568761940517694,2025-07-29,t,,,3,365
863568761940517694,2025-07-30,t,,,3,365
863568761940517694,2025-07-31,t,,,3,365
863568761940517694,2025-08-01,t,,,3,365
863568761940517694,2025-08-02,t,,,3,365
863568761940517694,2025-08-03,t,,,3,365
863568761940517694,2025-08-04,t,,,3,365
863568761940517694,2025-08-05,t,,,3,365
863568761940517694,2025-08-06,t,,,3,365
863568761940517694,2025-08-07,t,,,3,365
863568761940517694,2025-08-08,t,,,3,365
863568761940517694,2025-08-09,t,,,3,365
863568761940517694,2025-08-10,t,,,3,365
863568761940517694,2025-08-11,t,,,3,365
863568761940517694,2025-08-12,t,,,3,365
863568761940517694,2025-08-13,t,,,3,365
863568761940517694,2025-08-14,t,,,3,365
863568761940517694,2025-08-15,t,,,3,365
863568761940517694,2025-08-16,t,,,3,365
863568761940517694,2025-08-17,t,,,3,365
863568761940517694,2025-08-18,t,,,3,365
863568761940517694,2025-08-19,t,,,3,365
863568761940517694,2025-08-20,t,,,3,365
863568761940517694,2025-08-21,t,,,3,365
863568761940517694,2025-08-22,t,,,3,365
863568761940517694,2025-08-23,t,,,3,365
863568761940517694,2025-08-24,t,,,3,365
863568761940517694,2025-08-25,t,,,3,365
863568761940517694,2025-08-26,t,,,3,365
863568761940517694,2025-08-27,t,,,3,365
863568761940517694,2025-08-28,t,,,3,365
863568761940517694,2025-08-29,t,,,3,365
863568761940517694,2025-08-30,t,,,3,365
863568761940517694,2025-08-31,t,,,3,365
863568761940517694,2025-09-01,t,,,3,365
863568761940517694,2025-09-02,t,,,3,365
863568761940517694,2025-09-03,t,,,3,365
863568761940517694,2025-09-04,t,,,3,365
863568761940517694,2025-09-05,t,,,3,365
863568761940517694,2025-09-06,t,,,3,365
863568761940517694,2025-09-07,t,,,3,365
863568761940517694,2025-09-08,t,,,3,365
863568761940517694,2025-09-09,t,,,3,365
863568761940517694,2025-09-10,t,,,3,365
863568761940517694,2025-09-11,t,,,3,365
863568761940517694,2025-09-12,t,,,3,365
863568761940517694,2025-09-13,t,,,3,365
863568761940517694,2025-09-14,t,,,3,365
863568761940517694,2025-09-15,t,,,3,365
863568761940517694,2025-09-16,t,,,3,365
863568761940517694,2025-09-17,t,,,3,365
863568761940517694,2025-09-18,t,,,3,365
863568761940517694,2025-09-19,t,,,3,365
863568761940517694,2025-09-20,t,,,3,365
863568761940517694,2025-09-21,t,,,3,365
863568761940517694,2025-09-22,t,,,3,365
863568761940517694,2025-09-23,t,,,3,365
863568761940517694,2025-09-24,t,,,3,365
863568761940517694,2025-09-25,t,,,3,365
863568761940517694,2025-09-26,t,,,3,365
863568761940517694,2025-09-27,t,,,3,365
863568761940517694,2025-09-28,t,,,3,365
863568761940517694,2025-09-29,t,,,3,365
863568761940517694,2025-09-30,t,,,3,365
863568761940517694,2025-10-01,t,,,3,365
863568761940517694,2025-10-02,t,,,3,365
863568761940517694,2025-10-03,t,,,3,365
863568761940517694,2025-10-04,t,,,3,365
863568761940517694,2025-10-05,t,,,3,365
863568761940517694,2025-10-06,t,,,3,365
863568761940517694,2025-10-07,t,,,3,365
863568761940517694,2025-10-08,t,,,3,365
863568761940517694,2025-10-09,t,,,3,365
863568761940517694,2025-10-10,t,,,3,365
863568761940517694,2025-10-11,t,,,3,365
863568761940517694,2025-10-12,t,,,3,365
863568761940517694,2025-10-13,t,,,3,365
863568761940517694,2025-10-14,t,,,3,365
863568761940517694,2025-10-15,t,,,3,365
863568761940517694,2025-10-16,t,,,3,365
863568761940517694,2025-10-17,t,,,3,365
863568761940517694,2025-10-18,t,,,3,365
863568761940517694,2025-10-19,t,,,3,365
863568761940517694,2025-10-20,t,,,3,365
863568761940517694,2025-10-21,t,,,3,365
863568761940517694,2025-10-22,t,,,3,365
863568761940517694,2025-10-23,t,,,3,365
863568761940517694,2025-10-24,t,,,3,365
863568761940517694,2025-10-25,t,,,3,365
863568761940517694,2025-10-26,t,,,3,365
863568761940517694,2025-10-27,t,,,3,365
863568761940517694,2025-10-28,t,,,3,365
863568761940517694,2025-10-29,t,,,3,365
863568761940517694,2025-10-30,t,,,3,365
863568761940517694,2025-10-31,t,,,3,365
863568761940517694,2025-11-01,t,,,3,365
863568761940517694,2025-11-02,t,,,3,365
863568761940517694,2025-11-03,t,,,3,365
863568761940517694,2025-11-04,t,,,3,365
863568761940517694,2025-11-05,t,,,3,365
863568761940517694,2025-11-06,t,,,3,365
863568761940517694,2025-11-07,t,,,3,365
863568761940517694,2025-11-08,t,,,3,365
863568761940517694,2025-11-09,t,,,3,365
863568761940517694,2025-11-10,t,,,3,365
863568761940517694,2025-11-11,t,,,3,365
863568761940517694,2025-11-12,t,,,3,365
863568761940517694,2025-11-13,t,,,3,365
863568761940517694,2025-11-14,t,,,3,365
863568761940517694,2025-11-15,t,,,3,365
863568761940517694,2025-11-16,t,,,3,365
863568761940517694,2025-11-17,t,,,3,365
863568761940517694,2025-11-18,t,,,3,365
863568761940517694,2025-11-19,t,,,3,365
863568761940517694,2025-11-20,t,,,3,365
863568761940517694,2025-11-21,t,,,3,365
863568761940517694,2025-11-22,t,,,3,365
863568761940517694,2025-11-23,t,,,3,365
863568761940517694,2025-11-24,t,,,3,365
863568761940517694,2025-11-25,t,,,3,365
863568761940517694,2025-11-26,t,,,3,365
863568761940517694,2025-11-27,t,,,3,365
863568761940517694,2025-11-28,t,,,3,365
863568761940517694,2025-11-29,t,,,3,365
863568761940517694,2025-11-30,t,,,3,365
863568761940517694,2025-12-01,t,,,3,365
863568761940517694,2025-12-02,t,,,3,365
863568761940517694,2025-12-03,t,,,3,365
863568761940517694,2025-12-04,t,,,3,365
863568761940517694,2025-12-05,t,,,3,365
863568761940517694,2025-12-06,t,,,3,365
863568761940517694,2025-12-07,t,,,3,365
863568761940517694,2025-12-08,t,,,3,365
863568761940517694,2025-12-09,t,,,3,365
863568761940517694,2025-12-10,t,,,3,365
863568761940517694,2025-12-11,t,,,3,365
863568761940517694,2025-12-12,t,,,3,365
863568761940517694,2025-12-13,t,,,3,365
863568761940517694,2025-12-14,t,,,3,365
863568761940517694,2025-12-15,t,,,3,365
863568761940517694,2025-12-16,t,,,3,365
863568761940517694,2025-12-17,t,,,3,365
863568761940517694,2025-12-18,t,,,3,365
863568761940517694,2025-12-19,t,,,3,365
863568761940517694,2025-12-20,t,,,3,365
863568761940517694,2025-12-21,t,,,3,365
863568761940517694,2025-12-22,t,,,3,365
863568761940517694,2025-12-23,t,,,3,365
863568761940517694,2025-12-24,t,,,3,365
863568761940517694,2025-12-25,t,,,3,365
863568761940517694,2025-12-26,t,,,3,365
863568761940517694,2025-12-27,t,,,3,365
863568761940517694,2025-12-28,t,,,3,365
863568761940517694,2025-12-29,t,,,3,365
863568761940517694,2025-12-30,t,,,3,365
863568761940517694,2025-12-31,t,,,3,365
863568761940517694,2026-01-01,t,,,3,365
863568761940517694,2026-01-02,t,,,3,365
863568761940517694,2026-01-03,t,,,3,365
863568761940517694,2026-01-04,t,,,3,365
863568761940517694,2026-01-05,t,,,3,365
863568761940517694,2026-01-06,t,,,3,365
863568761940517694,2026-01-07,t,,,3,365
863568761940517694,2026-01-08,t,,,3,365
863568761940517694,2026-01-09,t,,,3,365
863568761940517694,2026-01-10,t,,,3,365
863568761940517694,2026-01-11,t,,,3,365
863568761940517694,2026-01-12,t,,,3,365
863568761940517694,2026-01-13,t,,,3,365
863568761940517694,2026-01-14,t,,,3,365
863568761940517694,2026-01-15,t,,,3,365
863568761940517694,2026-01-16,t,,,3,365
863568761940517694,2026-01-17,t,,,3,365
863568761940517694,2026-01-18,t,,,3,365
863568761940517694,2026-01-19,t,,,3,365
863568761940517694,2026-01-20,t,,,3,365
863568761940517694,2026-01-21,t,,,3,365
863568761940517694,2026-01-22,t,,,3,365
863568761940517694,2026-01-23,t,,,3,365
863568761940517694,2026-01-24,t,,,3,365
863568761940517694,2026-01-25,t,,,3,365
863568761940517694,2026-01-26,t,,,3,365
863568761940517694,2026-01-27,t,,,3,365
863568761940517694,2026-01-28,t,,,3,365
863568761940517694,2026-01-29,t,,,3,365
863568761940517694,2026-01-30,t,,,3,365
863568761940517694,2026-01-31,t,,,3,365
863568761940517694,2026-02-01,t,,,3,365
863568761940517694,2026-02-02,t,,,3,365
863568761940517694,2026-02-03,t,,,3,365
863568761940517694,2026-02-04,t,,,3,365
863568761940517694,2026-02-05,t,,,3,365
863568761940517694,2026-02-06,t,,,3,365
863568761940517694,2026-02-07,t,,,3,365
863568761940517694,2026-02-08,t,,,3,365
863568761940517694,2026-02-09,t,,,3,365
863568761940517694,2026-02-10,t,,,3,365
863568761940517694,2026-02-11,t,,,3,365
863568761940517694,2026-02-12,t,,,3,365
863568761940517694,2026-02-13,t,,,3,365
863568761940517694,2026-02-14,t,,,3,365
863568761940517694,2026-02-15,t,,,3,365
863568761940517694,2026-02-16,t,,,3,365
863568761940517694,2026-02-17,t,,,3,365
863568761940517694,2026-02-18,t,,,3,365
863568761940517694,2026-02-19,t,,,3,365
863568761940517694,2026-02-20,t,,,3,365
863568761940517694,2026-02-21,t,,,3,365
863568761940517694,2026-02-22,t,,,3,365
863568761940517694,2026-02-23,t,,,3,365
863568761940517694,2026-02-24,t,,,3,365
863568761940517694,2026-02-25,t,,,3,365
863568761940517694,2026-02-26,t,,,3,365
863568761940517694,2026-02-27,t,,,3,365
863568761940517694,2026-02-28,t,,,3,365
863568761940517694,2026-03-01,t,,,3,365
863568761940517694,2026-03-02,t,,,3,365
863568761940517694,2026-03-03,t,,,3,365
863568761940517694,2026-03-04,t,,,3,365
863568761940517694,2026-03-05,t,,,3,365
863568761940517694,2026-03-06,t,,,3,365
863568761940517694,2026-03-07,t,,,3,365
863568761940517694,2026-03-08,t,,,3,365
863568761940517694,2026-03-09,t,,,3,365
863568761940517694,2026-03-10,t,,,3,365
863568761940517694,2026-03-11,t,,,3,365
863568761940517694,2026-03-12,t,,,3,365
863568761940517694,2026-03-13,t,,,3,365
863568761940517694,2026-03-14,t,,,3,365
863568761940517694,2026-03-15,t,,,3,365
863568761940517694,2026-03-16,t,,,3,365
863568761940517694,2026-03-17,t,,,3,365
863568761940517694,2026-03-18,t,,,3,365
863568761940517694,2026-03-19,t,,,3,365
863568761940517694,2026-03-20,t,,,3,365
863568761940517694,2026-03-21,t,,,3,365
863568761940517694,2026-03-22,t,,,3,365
863568761940517694,2026-03-23,t,,,3,365
863568761940517694,2026-03-24,t,,,3,365
863568761940517694,2026-03-25,t,,,3,365
863568761940517694,2026-03-26,t,,,3,365
863568761940517694,2026-03-27,t,,,3,365
863568761940517694,2026-03-28,t,,,3,365
863568761940517694,2026-03-29,t,,,3,365
863568761940517694,2026-03-30,t,,,3,365
863568761940517694,2026-03-31,t,,,3,365
863568761940517694,2026-04-01,t,,,3,365
863568761940517694,2026-04-02,t,,,3,365
863568761940517694,2026-04-03,t,,,3,365
863568761940517694,2026-04-04,t,,,3,365
863568761940517694,2026-04-05,t,,,3,365
863568761940517694,2026-04-06,t,,,3,365
863568761940517694,2026-04-07,t,,,3,365
863568761940517694,2026-04-08,t,,,3,365
863568761940517694,2026-04-09,t,,,3,365
863568761940517694,2026-04-10,t,,,3,365
863568761940517694,2026-04-11,t,,,3,365
863568761940517694,2026-04-12,t,,,3,365
863568761940517694,2026-04-13,t,,,3,365
863568761940517694,2026-04-14,t,,,3,365
863568761940517694,2026-04-15,t,,,3,365
863568761940517694,2026-04-16,t,,,3,365
863568761940517694,2026-04-17,t,,,3,365
863568761940517694,2026-04-18,t,,,3,365
863568761940517694,2026-04-19,t,,,3,365
863568761940517694,2026-04-20,t,,,3,365
863568761940517694,2026-04-21,t,,,3,365
863568761940517694,2026-04-22,t,,,3,365
863568761940517694,2026-04-23,t,,,3,365
863568761940517694,2026-04-24,t,,,3,365
863568761940517694,2026-04-25,t,,,3,365
863568761940517694,2026-04-26,t,,,3,365
863568761940517694,2026-04-27,t,,,3,365
863568761940517694,2026-04-28,t,,,3,365
863568761940517694,2026-04-29,t,,,3,365
863568761940517694,2026-04-30,t,,,3,365
863568761940517694,2026-05-01,t,,,3,365
863568761940517694,2026-05-02,t,,,3,365
863568761940517694,2026-05-03,t,,,3,365
863568761940517694,2026-05-04,t,,,3,365
863568761940517694,2026-05-05,t,,,3,365
863568761940517694,2026-05-06,t,,,3,365
863568761940517694,2026-05-07,t,,,3,365
863568761940517694,2026-05-08,t,,,3,365
863568761940517694,2026-05-09,t,,,3,365
863568761940517694,2026-05-10,t,,,3,365
863568761940517694,2026-05-11,t,,,3,365
863568761940517694,2026-05-12,t,,,3,365
863568761940517694,2026-05-13,t,,,3,365
863568761940517694,2026-05-14,t,,,3,365
863568761940517694,2026-05-15,t,,,3,365
863568761940517694,2026-05-16,t,,,3,365
863568761940517694,2026-05-17,t,,,3,365
863568761940517694,2026-05-18,t,,,3,365
863568761940517694,2026-05-19,t,,,3,365
863568761940517694,2026-05-20,t,,,3,365
863568761940517694,2026-05-21,t,,,3,365
863568761940517694,2026-05-22,t,,,3,365
863568761940517694,2026-05-23,t,,,3,365
863568761940517694,2026-05-24,t,,,3,365
863568761940517694,2026-05-25,t,,,3,365
863568761940517694,2026-05-26,t,,,3,365
863568761940517694,2026-05-27,t,,,3,365
863568761940517694,2026-05-28,t,,,3,365
863568761940517694,2026-05-29,t,,,3,365
863568761940517694,2026-05-30,t,,,3,365
863568761940517694,2026-05-31,t,,,3,365
863568761940517694,2026-06-01,t,,,3,365
863568761940517694,2026-06-02,t,,,3,365
863568761940517694,2026-06-03,t,,,3,365
863568761940517694,2026-06-04,t,,,3,365
863568761940517694,2026-06-05,t,,,3,365
863568761940517694,2026-06-06,t,,,3,365
863568761940517694,2026-06-07,t,,,3,365
863568761940517694,2026-06-08,t,,,3,365
863568761940517694,2026-06-09,t,,,3,365
863568761940517694,2026-06-10,t,,,3,365
863568761940517694,2026-06-11,t,,,3,365
863568761940517694,2026-06-12,t,,,3,365
863568761940517694,2026-06-13,t,,,3,365
863568761940517694,2026-06-14,t,,,3,365
863568761940517694,2026-06-15,t,,,3,365
863568761940517694,2026-06-16,t,,,3,365
863568761940517694,2026-06-17,t,,,3,365
863568761940517694,2026-06-18,t,,,3,365
863568761940517694,2026-06-19,t,,,3,365
863568761940517694,2026-06-20,t,,,3,365
863568761940517694,2026-06-21,t,,,3,365
863568761940517694,2026-06-22,t,,,3,365
863568761940517694,2026-06-23,t,,,3,365
883756160449789887,2025-06-24,f,,,28,90
883756160449789887,2025-06-25,f,,,28,90
883756160449789887,2025-06-26,f,,,28,90
883756160449789887,2025-06-27,f,,,28,90
883756160449789887,2025-06-28,f,,,28,90
883756160449789887,2025-06-29,f,,,28,90
883756160449789887,2025-06-30,f,,,28,90
883756160449789887,2025-07-01,f,,,28,90
883756160449789887,2025-07-02,f,,,28,90
883756160449789887,2025-07-03,f,,,28,90
883756160449789887,2025-07-04,f,,,28,90
883756160449789887,2025-07-05,f,,,28,90
883756160449789887,2025-07-06,f,,,28,90
883756160449789887,2025-07-07,f,,,28,90
883756160449789887,2025-07-08,f,,,28,90
883756160449789887,2025-07-09,f,,,28,90
883756160449789887,2025-07-10,f,,,28,90
883756160449789887,2025-07-11,f,,,28,90
883756160449789887,2025-07-12,f,,,28,90
883756160449789887,2025-07-13,f,,,28,90
883756160449789887,2025-07-14,f,,,28,90
883756160449789887,2025-07-15,f,,,28,90
883756160449789887,2025-07-16,f,,,28,90
883756160449789887,2025-07-17,f,,,28,90
883756160449789887,2025-07-18,f,,,28,90
883756160449789887,2025-07-19,f,,,28,90
883756160449789887,2025-07-20,f,,,28,90
883756160449789887,2025-07-21,f,,,28,90
883756160449789887,2025-07-22,f,,,28,90
883756160449789887,2025-07-23,f,,,28,90
883756160449789887,2025-07-24,f,,,28,90
883756160449789887,2025-07-25,f,,,28,90
883756160449789887,2025-07-26,f,,,28,90
883756160449789887,2025-07-27,f,,,28,90
883756160449789887,2025-07-28,f,,,28,90
883756160449789887,2025-07-29,f,,,28,90
883756160449789887,2025-07-30,f,,,28,90
883756160449789887,2025-07-31,f,,,28,90
883756160449789887,2025-08-01,f,,,28,90
883756160449789887,2025-08-02,f,,,28,90
883756160449789887,2025-08-03,f,,,28,90
883756160449789887,2025-08-04,f,,,28,90
883756160449789887,2025-08-05,f,,,28,90
883756160449789887,2025-08-06,f,,,28,90
883756160449789887,2025-08-07,f,,,28,90
883756160449789887,2025-08-08,f,,,28,90
883756160449789887,2025-08-09,f,,,28,90
883756160449789887,2025-08-10,f,,,28,90
883756160449789887,2025-08-11,f,,,28,90
883756160449789887,2025-08-12,f,,,28,90
883756160449789887,2025-08-13,f,,,28,90
883756160449789887,2025-08-14,f,,,28,90
883756160449789887,2025-08-15,f,,,28,90
883756160449789887,2025-08-16,f,,,28,90
883756160449789887,2025-08-17,f,,,28,90
883756160449789887,2025-08-18,f,,,28,90
883756160449789887,2025-08-19,f,,,28,90
883756160449789887,2025-08-20,f,,,28,90
883756160449789887,2025-08-21,f,,,28,90
883756160449789887,2025-08-22,f,,,28,90
883756160449789887,2025-08-23,f,,,28,90
883756160449789887,2025-08-24,f,,,28,90
883756160449789887,2025-08-25,f,,,28,90
883756160449789887,2025-08-26,f,,,28,90
883756160449789887,2025-08-27,f,,,28,90
883756160449789887,2025-08-28,f,,,28,90
883756160449789887,2025-08-29,f,,,28,90
883756160449789887,2025-08-30,f,,,28,90
883756160449789887,2025-08-31,f,,,28,90
883756160449789887,2025-09-01,f,,,28,90
883756160449789887,2025-09-02,f,,,28,90
883756160449789887,2025-09-03,f,,,28,90
883756160449789887,2025-09-04,f,,,28,90
883756160449789887,2025-09-05,f,,,28,90
883756160449789887,2025-09-06,f,,,28,90
883756160449789887,2025-09-07,f,,,28,90
883756160449789887,2025-09-08,f,,,28,90
883756160449789887,2025-09-09,f,,,28,90
883756160449789887,2025-09-10,f,,,28,90
883756160449789887,2025-09-11,f,,,28,90
883756160449789887,2025-09-12,f,,,28,90
883756160449789887,2025-09-13,f,,,28,90
883756160449789887,2025-09-14,f,,,28,90
883756160449789887,2025-09-15,f,,,28,90
883756160449789887,2025-09-16,f,,,28,90
883756160449789887,2025-09-17,f,,,28,90
883756160449789887,2025-09-18,f,,,28,90
883756160449789887,2025-09-19,f,,,28,90
883756160449789887,2025-09-20,f,,,28,90
883756160449789887,2025-09-21,f,,,28,90
883756160449789887,2025-09-22,f,,,28,90
883756160449789887,2025-09-23,f,,,28,90
883756160449789887,2025-09-24,f,,,28,90
883756160449789887,2025-09-25,f,,,28,90
883756160449789887,2025-09-26,f,,,28,90
883756160449789887,2025-09-27,f,,,28,90
883756160449789887,2025-09-28,f,,,28,90
883756160449789887,2025-09-29,f,,,28,90
883756160449789887,2025-09-30,f,,,28,90
883756160449789887,2025-10-01,f,,,28,90
883756160449789887,2025-10-02,f,,,28,90
883756160449789887,2025-10-03,f,,,28,90
883756160449789887,2025-10-04,f,,,28,90
883756160449789887,2025-10-05,f,,,28,90
883756160449789887,2025-10-06,f,,,28,90
883756160449789887,2025-10-07,f,,,28,90
883756160449789887,2025-10-08,f,,,28,90
883756160449789887,2025-10-09,f,,,28,90
883756160449789887,2025-10-10,f,,,28,90
883756160449789887,2025-10-11,f,,,28,90
883756160449789887,2025-10-12,f,,,28,90
883756160449789887,2025-10-13,f,,,28,90
883756160449789887,2025-10-14,f,,,28,90
883756160449789887,2025-10-15,f,,,28,90
883756160449789887,2025-10-16,f,,,28,90
883756160449789887,2025-10-17,f,,,28,90
883756160449789887,2025-10-18,f,,,28,90
883756160449789887,2025-10-19,f,,,28,90
883756160449789887,2025-10-20,f,,,28,90
883756160449789887,2025-10-21,f,,,28,90
883756160449789887,2025-10-22,f,,,28,90
883756160449789887,2025-10-23,f,,,28,90
883756160449789887,2025-10-24,f,,,28,90
883756160449789887,2025-10-25,f,,,28,90
883756160449789887,2025-10-26,f,,,28,90
883756160449789887,2025-10-27,f,,,28,90
883756160449789887,2025-10-28,f,,,28,90
883756160449789887,2025-10-29,f,,,28,90
883756160449789887,2025-10-30,f,,,28,90
883756160449789887,2025-10-31,f,,,28,90
883756160449789887,2025-11-01,f,,,28,90
883756160449789887,2025-11-02,f,,,28,90
883756160449789887,2025-11-03,f,,,28,90
883756160449789887,2025-11-04,f,,,28,90
883756160449789887,2025-11-05,f,,,28,90
883756160449789887,2025-11-06,f,,,28,90
883756160449789887,2025-11-07,f,,,28,90
883756160449789887,2025-11-08,f,,,28,90
883756160449789887,2025-11-09,f,,,28,90
883756160449789887,2025-11-10,f,,,28,90
883756160449789887,2025-11-11,f,,,28,90
883756160449789887,2025-11-12,f,,,28,90
883756160449789887,2025-11-13,f,,,28,90
883756160449789887,2025-11-14,f,,,28,90
883756160449789887,2025-11-15,f,,,28,90
883756160449789887,2025-11-16,f,,,28,90
883756160449789887,2025-11-17,f,,,28,90
883756160449789887,2025-11-18,f,,,28,90
883756160449789887,2025-11-19,f,,,28,90
883756160449789887,2025-11-20,f,,,28,90
883756160449789887,2025-11-21,f,,,28,90
883756160449789887,2025-11-22,f,,,28,90
883756160449789887,2025-11-23,f,,,28,90
883756160449789887,2025-11-24,f,,,28,90
883756160449789887,2025-11-25,f,,,28,90
883756160449789887,2025-11-26,f,,,28,90
883756160449789887,2025-11-27,f,,,28,90
883756160449789887,2025-11-28,f,,,28,90
883756160449789887,2025-11-29,f,,,28,90
883756160449789887,2025-11-30,f,,,28,90
883756160449789887,2025-12-01,f,,,28,90
883756160449789887,2025-12-02,f,,,28,90
883756160449789887,2025-12-03,f,,,28,90
883756160449789887,2025-12-04,f,,,28,90
883756160449789887,2025-12-05,f,,,28,90
883756160449789887,2025-12-06,f,,,28,90
883756160449789887,2025-12-07,f,,,28,90
883756160449789887,2025-12-08,f,,,28,90
883756160449789887,2025-12-09,f,,,28,90
883756160449789887,2025-12-10,f,,,28,90
883756160449789887,2025-12-11,f,,,28,90
883756160449789887,2025-12-12,f,,,28,90
883756160449789887,2025-12-13,f,,,28,90
883756160449789887,2025-12-14,f,,,28,90
883756160449789887,2025-12-15,f,,,28,90
883756160449789887,2025-12-16,f,,,28,90
883756160449789887,2025-12-17,f,,,28,90
883756160449789887,2025-12-18,f,,,28,90
883756160449789887,2025-12-19,f,,,28,90
883756160449789887,2025-12-20,f,,,28,90
883756160449789887,2025-12-21,f,,,28,90
883756160449789887,2025-12-22,f,,,28,90
883756160449789887,2025-12-23,f,,,28,90
883756160449789887,2025-12-24,f,,,28,90
883756160449789887,2025-12-25,f,,,28,90
883756160449789887,2025-12-26,f,,,28,90
883756160449789887,2025-12-27,f,,,28,90
883756160449789887,2025-12-28,f,,,28,90
883756160449789887,2025-12-29,f,,,28,90
883756160449789887,2025-12-30,f,,,28,90
883756160449789887,2025-12-31,f,,,28,90
883756160449789887,2026-01-01,f,,,28,90
883756160449789887,2026-01-02,f,,,28,90
883756160449789887,2026-01-03,f,,,28,90
883756160449789887,2026-01-04,f,,,28,90
883756160449789887,2026-01-05,f,,,28,90
883756160449789887,2026-01-06,f,,,28,90
883756160449789887,2026-01-07,f,,,28,90
883756160449789887,2026-01-08,f,,,28,90
883756160449789887,2026-01-09,f,,,28,90
883756160449789887,2026-01-10,f,,,28,90
883756160449789887,2026-01-11,f,,,28,90
883756160449789887,2026-01-12,f,,,28,90
883756160449789887,2026-01-13,f,,,28,90
883756160449789887,2026-01-14,f,,,28,90
883756160449789887,2026-01-15,f,,,28,90
883756160449789887,2026-01-16,f,,,28,90
883756160449789887,2026-01-17,f,,,28,90
883756160449789887,2026-01-18,f,,,28,90
883756160449789887,2026-01-19,f,,,28,90
883756160449789887,2026-01-20,f,,,28,90
883756160449789887,2026-01-21,f,,,28,90
883756160449789887,2026-01-22,f,,,28,90
883756160449789887,2026-01-23,f,,,28,90
883756160449789887,2026-01-24,f,,,28,90
883756160449789887,2026-01-25,f,,,28,90
883756160449789887,2026-01-26,f,,,28,90
883756160449789887,2026-01-27,f,,,28,90
883756160449789887,2026-01-28,f,,,28,90
883756160449789887,2026-01-29,f,,,28,90
883756160449789887,2026-01-30,f,,,28,90
883756160449789887,2026-01-31,f,,,28,90
883756160449789887,2026-02-01,f,,,28,90
883756160449789887,2026-02-02,f,,,28,90
883756160449789887,2026-02-03,f,,,28,90
883756160449789887,2026-02-04,f,,,28,90
883756160449789887,2026-02-05,f,,,28,90
883756160449789887,2026-02-06,f,,,28,90
883756160449789887,2026-02-07,f,,,28,90
883756160449789887,2026-02-08,f,,,28,90
883756160449789887,2026-02-09,f,,,28,90
883756160449789887,2026-02-10,f,,,28,90
883756160449789887,2026-02-11,f,,,28,90
883756160449789887,2026-02-12,f,,,28,90
883756160449789887,2026-02-13,f,,,28,90
883756160449789887,2026-02-14,f,,,28,90
883756160449789887,2026-02-15,f,,,28,90
883756160449789887,2026-02-16,f,,,28,90
883756160449789887,2026-02-17,f,,,28,90
883756160449789887,2026-02-18,f,,,28,90
883756160449789887,2026-02-19,f,,,28,90
883756160449789887,2026-02-20,f,,,28,90
883756160449789887,2026-02-21,f,,,28,90
883756160449789887,2026-02-22,f,,,28,90
883756160449789887,2026-02-23,f,,,28,90
883756160449789887,2026-02-24,f,,,28,90
883756160449789887,2026-02-25,f,,,28,90
883756160449789887,2026-02-26,f,,,28,90
883756160449789887,2026-02-27,f,,,28,90
883756160449789887,2026-02-28,f,,,28,90
883756160449789887,2026-03-01,f,,,28,90
883756160449789887,2026-03-02,f,,,28,90
883756160449789887,2026-03-03,f,,,28,90
883756160449789887,2026-03-04,f,,,28,90
883756160449789887,2026-03-05,f,,,28,90
883756160449789887,2026-03-06,f,,,28,90
883756160449789887,2026-03-07,f,,,28,90
883756160449789887,2026-03-08,f,,,28,90
883756160449789887,2026-03-09,f,,,28,90
883756160449789887,2026-03-10,f,,,28,90
883756160449789887,2026-03-11,f,,,28,90
883756160449789887,2026-03-12,f,,,28,90
883756160449789887,2026-03-13,f,,,28,90
883756160449789887,2026-03-14,f,,,28,90
883756160449789887,2026-03-15,f,,,28,90
883756160449789887,2026-03-16,f,,,28,90
883756160449789887,2026-03-17,f,,,28,90
883756160449789887,2026-03-18,f,,,28,90
883756160449789887,2026-03-19,f,,,28,90
883756160449789887,2026-03-20,f,,,28,90
883756160449789887,2026-03-21,f,,,28,90
883756160449789887,2026-03-22,f,,,28,90
883756160449789887,2026-03-23,f,,,28,90
883756160449789887,2026-03-24,f,,,28,90
883756160449789887,2026-03-25,f,,,28,90
883756160449789887,2026-03-26,f,,,28,90
883756160449789887,2026-03-27,f,,,28,90
883756160449789887,2026-03-28,f,,,28,90
883756160449789887,2026-03-29,f,,,28,90
883756160449789887,2026-03-30,f,,,28,90
883756160449789887,2026-03-31,f,,,28,90
883756160449789887,2026-04-01,f,,,28,90
883756160449789887,2026-04-02,f,,,28,90
883756160449789887,2026-04-03,f,,,28,90
883756160449789887,2026-04-04,f,,,28,90
883756160449789887,2026-04-05,f,,,28,90
883756160449789887,2026-04-06,f,,,28,90
883756160449789887,2026-04-07,f,,,28,90
883756160449789887,2026-04-08,f,,,28,90
883756160449789887,2026-04-09,f,,,28,90
883756160449789887,2026-04-10,f,,,28,90
883756160449789887,2026-04-11,f,,,28,90
883756160449789887,2026-04-12,f,,,28,90
883756160449789887,2026-04-13,f,,,28,90
883756160449789887,2026-04-14,f,,,28,90
883756160449789887,2026-04-15,f,,,28,90
883756160449789887,2026-04-16,f,,,28,90
883756160449789887,2026-04-17,f,,,28,90
883756160449789887,2026-04-18,f,,,28,90
883756160449789887,2026-04-19,f,,,28,90
883756160449789887,2026-04-20,f,,,28,90
883756160449789887,2026-04-21,f,,,28,90
883756160449789887,2026-04-22,f,,,28,90
883756160449789887,2026-04-23,f,,,28,90
883756160449789887,2026-04-24,f,,,28,90
883756160449789887,2026-04-25,f,,,28,90
883756160449789887,2026-04-26,f,,,28,90
883756160449789887,2026-04-27,f,,,28,90
883756160449789887,2026-04-28,f,,,28,90
883756160449789887,2026-04-29,f,,,28,90
883756160449789887,2026-04-30,f,,,28,90
883756160449789887,2026-05-01,f,,,28,90
883756160449789887,2026-05-02,t,,,28,90
883756160449789887,2026-05-03,t,,,28,90
883756160449789887,2026-05-04,t,,,28,90
883756160449789887,2026-05-05,t,,,28,90
883756160449789887,2026-05-06,t,,,28,90
883756160449789887,2026-05-07,t,,,28,90
883756160449789887,2026-05-08,t,,,28,90
883756160449789887,2026-05-09,t,,,28,90
883756160449789887,2026-05-10,t,,,28,90
883756160449789887,2026-05-11,t,,,28,90
883756160449789887,2026-05-12,t,,,28,90
883756160449789887,2026-05-13,t,,,28,90
883756160449789887,2026-05-14,t,,,28,90
883756160449789887,2026-05-15,t,,,28,90
883756160449789887,2026-05-16,t,,,28,90
883756160449789887,2026-05-17,t,,,28,90
883756160449789887,2026-05-18,t,,,28,90
883756160449789887,2026-05-19,t,,,28,90
883756160449789887,2026-05-20,t,,,28,90
883756160449789887,2026-05-21,t,,,28,90
883756160449789887,2026-05-22,t,,,28,90
883756160449789887,2026-05-23,t,,,28,90
883756160449789887,2026-05-24,t,,,28,90
883756160449789887,2026-05-25,t,,,28,90
883756160449789887,2026-05-26,t,,,28,90
883756160449789887,2026-05-27,t,,,28,90
883756160449789887,2026-05-28,t,,,28,90
883756160449789887,2026-05-29,t,,,28,90
883756160449789887,2026-05-30,t,,,28,90
883756160449789887,2026-05-31,t,,,28,90
883756160449789887,2026-06-01,t,,,28,90
883756160449789887,2026-06-02,t,,,28,90
883756160449789887,2026-06-03,t,,,28,90
883756160449789887,2026-06-04,t,,,28,90
883756160449789887,2026-06-05,t,,,28,90
883756160449789887,2026-06-06,t,,,28,90
883756160449789887,2026-06-07,t,,,28,90
883756160449789887,2026-06-08,t,,,28,90
883756160449789887,2026-06-09,t,,,28,90
883756160449789887,2026-06-10,t,,,28,90
883756160449789887,2026-06-11,t,,,28,90
883756160449789887,2026-06-12,t,,,28,90
883756160449789887,2026-06-13,t,,,28,90
883756160449789887,2026-06-14,t,,,28,90
883756160449789887,2026-06-15,t,,,28,90
883756160449789887,2026-06-16,t,,,28,90
883756160449789887,2026-06-17,t,,,28,90
883756160449789887,2026-06-18,t,,,28,90
883756160449789887,2026-06-19,t,,,28,90
883756160449789887,2026-06-20,t,,,28,90
883756160449789887,2026-06-21,t,,,28,90
883756160449789887,2026-06-22,t,,,28,90
883756160449789887,2026-06-23,t,,,28,90
885698564189414867,2025-06-24,f,,,30,180
885698564189414867,2025-06-25,f,,,30,180
885698564189414867,2025-06-26,f,,,30,180
885698564189414867,2025-06-27,f,,,30,180
885698564189414867,2025-06-28,f,,,30,180
885698564189414867,2025-06-29,f,,,30,180
885698564189414867,2025-06-30,f,,,30,180
885698564189414867,2025-07-01,f,,,30,180
885698564189414867,2025-07-02,t,,,30,180
885698564189414867,2025-07-03,t,,,30,180
885698564189414867,2025-07-04,t,,,30,180
885698564189414867,2025-07-05,t,,,30,180
885698564189414867,2025-07-06,t,,,30,180
885698564189414867,2025-07-07,t,,,30,180
885698564189414867,2025-07-08,t,,,30,180
885698564189414867,2025-07-09,t,,,30,180
885698564189414867,2025-07-10,t,,,30,180
885698564189414867,2025-07-11,t,,,30,180
885698564189414867,2025-07-12,t,,,30,180
885698564189414867,2025-07-13,t,,,30,180
885698564189414867,2025-07-14,t,,,30,180
885698564189414867,2025-07-15,t,,,30,180
885698564189414867,2025-07-16,t,,,30,180
885698564189414867,2025-07-17,t,,,30,180
885698564189414867,2025-07-18,t,,,30,180
885698564189414867,2025-07-19,t,,,30,180
885698564189414867,2025-07-20,t,,,30,180
885698564189414867,2025-07-21,t,,,30,180
885698564189414867,2025-07-22,t,,,30,180
885698564189414867,2025-07-23,t,,,30,180
885698564189414867,2025-07-24,t,,,30,180
885698564189414867,2025-07-25,t,,,30,180
885698564189414867,2025-07-26,t,,,30,180
885698564189414867,2025-07-27,t,,,30,180
885698564189414867,2025-07-28,t,,,30,180
885698564189414867,2025-07-29,t,,,30,180
885698564189414867,2025-07-30,f,,,1,180
885698564189414867,2025-07-31,f,,,90,180
885698564189414867,2025-08-01,f,,,90,180
885698564189414867,2025-08-02,f,,,90,180
885698564189414867,2025-08-03,f,,,90,180
885698564189414867,2025-08-04,f,,,90,180
885698564189414867,2025-08-05,f,,,90,180
885698564189414867,2025-08-06,f,,,90,180
885698564189414867,2025-08-07,f,,,90,180
885698564189414867,2025-08-08,f,,,90,180
885698564189414867,2025-08-09,f,,,90,180
885698564189414867,2025-08-10,f,,,90,180
885698564189414867,2025-08-11,f,,,90,180
885698564189414867,2025-08-12,f,,,90,180
885698564189414867,2025-08-13,f,,,90,180
885698564189414867,2025-08-14,f,,,90,180
885698564189414867,2025-08-15,f,,,90,180
885698564189414867,2025-08-16,f,,,90,180
885698564189414867,2025-08-17,f,,,90,180
885698564189414867,2025-08-18,f,,,90,180
885698564189414867,2025-08-19,f,,,90,180
885698564189414867,2025-08-20,f,,,90,180
885698564189414867,2025-08-21,f,,,90,180
885698564189414867,2025-08-22,f,,,90,180
885698564189414867,2025-08-23,f,,,90,180
885698564189414867,2025-08-24,f,,,90,180
885698564189414867,2025-08-25,f,,,90,180
885698564189414867,2025-08-26,f,,,90,180
885698564189414867,2025-08-27,f,,,90,180
885698564189414867,2025-08-28,f,,,90,180
885698564189414867,2025-08-29,f,,,90,180
885698564189414867,2025-08-30,f,,,90,180
885698564189414867,2025-08-31,f,,,90,180
885698564189414867,2025-09-01,f,,,90,180
885698564189414867,2025-09-02,f,,,90,180
885698564189414867,2025-09-03,f,,,90,180
885698564189414867,2025-09-04,f,,,90,180
885698564189414867,2025-09-05,f,,,90,180
885698564189414867,2025-09-06,f,,,90,180
885698564189414867,2025-09-07,f,,,90,180
885698564189414867,2025-09-08,f,,,90,180
885698564189414867,2025-09-09,f,,,90,180
885698564189414867,2025-09-10,f,,,90,180
885698564189414867,2025-09-11,f,,,90,180
885698564189414867,2025-09-12,f,,,90,180
885698564189414867,2025-09-13,f,,,90,180
885698564189414867,2025-09-14,f,,,90,180
885698564189414867,2025-09-15,f,,,90,180
885698564189414867,2025-09-16,f,,,90,180
885698564189414867,2025-09-17,f,,,90,180
885698564189414867,2025-09-18,f,,,90,180
885698564189414867,2025-09-19,f,,,90,180
885698564189414867,2025-09-20,f,,,90,180
885698564189414867,2025-09-21,f,,,90,180
885698564189414867,2025-09-22,f,,,90,180
885698564189414867,2025-09-23,f,,,90,180
885698564189414867,2025-09-24,f,,,90,180
885698564189414867,2025-09-25,f,,,90,180
885698564189414867,2025-09-26,f,,,90,180
885698564189414867,2025-09-27,f,,,90,180
885698564189414867,2025-09-28,f,,,90,180
885698564189414867,2025-09-29,f,,,90,180
885698564189414867,2025-09-30,f,,,90,180
885698564189414867,2025-10-01,f,,,90,180
885698564189414867,2025-10-02,f,,,90,180
885698564189414867,2025-10-03,f,,,90,180
885698564189414867,2025-10-04,f,,,90,180
885698564189414867,2025-10-05,f,,,90,180
885698564189414867,2025-10-06,f,,,90,180
885698564189414867,2025-10-07,f,,,90,180
885698564189414867,2025-10-08,f,,,90,180
885698564189414867,2025-10-09,f,,,90,180
885698564189414867,2025-10-10,f,,,90,180
885698564189414867,2025-10-11,f,,,90,180
885698564189414867,2025-10-12,f,,,90,180
885698564189414867,2025-10-13,f,,,90,180
885698564189414867,2025-10-14,f,,,90,180
885698564189414867,2025-10-15,f,,,90,180
885698564189414867,2025-10-16,f,,,90,180
885698564189414867,2025-10-17,f,,,90,180
885698564189414867,2025-10-18,f,,,90,180
885698564189414867,2025-10-19,f,,,90,180
885698564189414867,2025-10-20,f,,,90,180
885698564189414867,2025-10-21,f,,,90,180
885698564189414867,2025-10-22,f,,,90,180
885698564189414867,2025-10-23,f,,,90,180
885698564189414867,2025-10-24,f,,,90,180
885698564189414867,2025-10-25,f,,,90,180
885698564189414867,2025-10-26,f,,,90,180
885698564189414867,2025-10-27,f,,,90,180
885698564189414867,2025-10-28,f,,,90,180
885698564189414867,2025-10-29,f,,,90,180
885698564189414867,2025-10-30,t,,,5,180
885698564189414867,2025-10-31,t,,,5,180
885698564189414867,2025-11-01,t,,,5,180
885698564189414867,2025-11-02,t,,,5,180
885698564189414867,2025-11-03,t,,,5,180
885698564189414867,2025-11-04,t,,,5,180
885698564189414867,2025-11-05,t,,,5,180
885698564189414867,2025-11-06,t,,,5,180
885698564189414867,2025-11-07,t,,,90,180
885698564189414867,2025-11-08,t,,,90,180
885698564189414867,2025-11-09,t,,,90,180
885698564189414867,2025-11-10,t,,,90,180
885698564189414867,2025-11-11,f,,,90,180
885698564189414867,2025-11-12,f,,,90,180
885698564189414867,2025-11-13,f,,,90,180
885698564189414867,2025-11-14,f,,,90,180
885698564189414867,2025-11-15,f,,,90,180
885698564189414867,2025-11-16,f,,,90,180
885698564189414867,2025-11-17,f,,,90,180
885698564189414867,2025-11-18,f,,,90,180
885698564189414867,2025-11-19,f,,,7,180
885698564189414867,2025-11-20,f,,,7,180
885698564189414867,2025-11-21,f,,,7,180
885698564189414867,2025-11-22,f,,,7,180
885698564189414867,2025-11-23,f,,,7,180
885698564189414867,2025-11-24,f,,,7,180
885698564189414867,2025-11-25,f,,,7,180
885698564189414867,2025-11-26,f,,,7,180
885698564189414867,2025-11-27,f,,,7,180
885698564189414867,2025-11-28,f,,,7,180
885698564189414867,2025-11-29,f,,,7,180
885698564189414867,2025-11-30,f,,,7,180
885698564189414867,2025-12-01,f,,,7,180
885698564189414867,2025-12-02,f,,,7,180
885698564189414867,2025-12-03,f,,,7,180
885698564189414867,2025-12-04,f,,,7,180
885698564189414867,2025-12-05,f,,,7,180
885698564189414867,2025-12-06,f,,,7,180
885698564189414867,2025-12-07,f,,,7,180
885698564189414867,2025-12-08,f,,,7,180
885698564189414867,2025-12-09,f,,,7,180
885698564189414867,2025-12-10,f,,,7,180
885698564189414867,2025-12-11,f,,,7,180
885698564189414867,2025-12-12,f,,,7,180
885698564189414867,2025-12-13,f,,,7,180
885698564189414867,2025-12-14,f,,,7,180
885698564189414867,2025-12-15,f,,,7,180
885698564189414867,2025-12-16,f,,,7,180
885698564189414867,2025-12-17,f,,,7,180
885698564189414867,2025-12-18,f,,,7,180
885698564189414867,2025-12-19,f,,,7,180
885698564189414867,2025-12-20,f,,,7,180
885698564189414867,2025-12-21,f,,,7,180
885698564189414867,2025-12-22,f,,,7,180
885698564189414867,2025-12-23,f,,,7,180
885698564189414867,2025-12-24,f,,,7,180
885698564189414867,2025-12-25,f,,,7,180
885698564189414867,2025-12-26,f,,,7,180
885698564189414867,2025-12-27,f,,,7,180
885698564189414867,2025-12-28,f,,,7,180
885698564189414867,2025-12-29,f,,,7,180
885698564189414867,2025-12-30,f,,,7,180
885698564189414867,2025-12-31,f,,,7,180
885698564189414867,2026-01-01,t,,,7,180
885698564189414867,2026-01-02,t,,,7,180
885698564189414867,2026-01-03,t,,,7,180
885698564189414867,2026-01-04,t,,,7,180
885698564189414867,2026-01-05,t,,,7,180
885698564189414867,2026-01-06,t,,,7,180
885698564189414867,2026-01-07,t,,,7,180
885698564189414867,2026-01-08,t,,,7,180
885698564189414867,2026-01-09,t,,,7,180
885698564189414867,2026-01-10,t,,,7,180
885698564189414867,2026-01-11,t,,,7,180
885698564189414867,2026-01-12,t,,,7,180
885698564189414867,2026-01-13,t,,,7,180
885698564189414867,2026-01-14,t,,,7,180
885698564189414867,2026-01-15,t,,,7,180
885698564189414867,2026-01-16,t,,,7,180
885698564189414867,2026-01-17,t,,,7,180
885698564189414867,2026-01-18,t,,,7,180
885698564189414867,2026-01-19,t,,,7,180
885698564189414867,2026-01-20,t,,,7,180
885698564189414867,2026-01-21,t,,,7,180
885698564189414867,2026-01-22,t,,,7,180
885698564189414867,2026-01-23,t,,,7,180
885698564189414867,2026-01-24,t,,,7,180
885698564189414867,2026-01-25,t,,,7,180
885698564189414867,2026-01-26,t,,,7,180
885698564189414867,2026-01-27,t,,,7,180
885698564189414867,2026-01-28,t,,,7,180
885698564189414867,2026-01-29,t,,,7,180
885698564189414867,2026-01-30,t,,,7,180
885698564189414867,2026-01-31,t,,,7,180
885698564189414867,2026-02-01,t,,,7,180
885698564189414867,2026-02-02,t,,,7,180
885698564189414867,2026-02-03,t,,,7,180
885698564189414867,2026-02-04,t,,,7,180
885698564189414867,2026-02-05,t,,,7,180
885698564189414867,2026-02-06,t,,,7,180
885698564189414867,2026-02-07,t,,,7,180
885698564189414867,2026-02-08,t,,,7,180
885698564189414867,2026-02-09,t,,,7,180
885698564189414867,2026-02-10,t,,,7,180
885698564189414867,2026-02-11,t,,,7,180
885698564189414867,2026-02-12,t,,,7,180
885698564189414867,2026-02-13,t,,,7,180
885698564189414867,2026-02-14,t,,,7,180
885698564189414867,2026-02-15,t,,,7,180
885698564189414867,2026-02-16,t,,,7,180
885698564189414867,2026-02-17,t,,,7,180
885698564189414867,2026-02-18,t,,,7,180
885698564189414867,2026-02-19,t,,,7,180
885698564189414867,2026-02-20,t,,,7,180
885698564189414867,2026-02-21,t,,,7,180
885698564189414867,2026-02-22,t,,,7,180
885698564189414867,2026-02-23,t,,,7,180
885698564189414867,2026-02-24,t,,,7,180
885698564189414867,2026-02-25,t,,,7,180
885698564189414867,2026-02-26,t,,,7,180
885698564189414867,2026-02-27,t,,,7,180
885698564189414867,2026-02-28,t,,,7,180
885698564189414867,2026-03-01,t,,,7,180
885698564189414867,2026-03-02,t,,,7,180
885698564189414867,2026-03-03,t,,,7,180
885698564189414867,2026-03-04,t,,,7,180
885698564189414867,2026-03-05,t,,,7,180
885698564189414867,2026-03-06,t,,,7,180
885698564189414867,2026-03-07,t,,,7,180
885698564189414867,2026-03-08,t,,,7,180
885698564189414867,2026-03-09,t,,,7,180
885698564189414867,2026-03-10,t,,,7,180
885698564189414867,2026-03-11,t,,,7,180
885698564189414867,2026-03-12,t,,,7,180
885698564189414867,2026-03-13,t,,,7,180
885698564189414867,2026-03-14,t,,,7,180
885698564189414867,2026-03-15,t,,,7,180
885698564189414867,2026-03-16,t,,,7,180
885698564189414867,2026-03-17,t,,,7,180
885698564189414867,2026-03-18,t,,,7,180
885698564189414867,2026-03-19,t,,,7,180
885698564189414867,2026-03-20,t,,,7,180
885698564189414867,2026-03-21,t,,,7,180
885698564189414867,2026-03-22,t,,,7,180
885698564189414867,2026-03-23,t,,,7,180
885698564189414867,2026-03-24,t,,,7,180
885698564189414867,2026-03-25,t,,,7,180
885698564189414867,2026-03-26,t,,,7,180
885698564189414867,2026-03-27,t,,,7,180
885698564189414867,2026-03-28,t,,,7,180
885698564189414867,2026-03-29,t,,,7,180
885698564189414867,2026-03-30,t,,,7,180
885698564189414867,2026-03-31,t,,,7,180
885698564189414867,2026-04-01,t,,,7,180
885698564189414867,2026-04-02,t,,,7,180
885698564189414867,2026-04-03,t,,,7,180
885698564189414867,2026-04-04,t,,,7,180
885698564189414867,2026-04-05,t,,,7,180
885698564189414867,2026-04-06,t,,,7,180
885698564189414867,2026-04-07,t,,,7,180
885698564189414867,2026-04-08,t,,,7,180
885698564189414867,2026-04-09,t,,,7,180
885698564189414867,2026-04-10,t,,,7,180
885698564189414867,2026-04-11,t,,,7,180
885698564189414867,2026-04-12,t,,,7,180
885698564189414867,2026-04-13,t,,,7,180
885698564189414867,2026-04-14,t,,,7,180
885698564189414867,2026-04-15,t,,,7,180
885698564189414867,2026-04-16,t,,,7,180
885698564189414867,2026-04-17,t,,,7,180
885698564189414867,2026-04-18,t,,,7,180
885698564189414867,2026-04-19,t,,,7,180
885698564189414867,2026-04-20,t,,,7,180
885698564189414867,2026-04-21,t,,,7,180
885698564189414867,2026-04-22,t,,,7,180
885698564189414867,2026-04-23,t,,,7,180
885698564189414867,2026-04-24,t,,,7,180
885698564189414867,2026-04-25,t,,,7,180
885698564189414867,2026-04-26,t,,,7,180
885698564189414867,2026-04-27,t,,,7,180
885698564189414867,2026-04-28,t,,,7,180
885698564189414867,2026-04-29,t,,,7,180
885698564189414867,2026-04-30,t,,,7,180
885698564189414867,2026-05-01,t,,,7,180
885698564189414867,2026-05-02,t,,,7,180
885698564189414867,2026-05-03,t,,,7,180
885698564189414867,2026-05-04,t,,,7,180
885698564189414867,2026-05-05,t,,,7,180
885698564189414867,2026-05-06,t,,,7,180
885698564189414867,2026-05-07,t,,,7,180
885698564189414867,2026-05-08,t,,,7,180
885698564189414867,2026-05-09,t,,,7,180
885698564189414867,2026-05-10,t,,,7,180
885698564189414867,2026-05-11,t,,,7,180
885698564189414867,2026-05-12,t,,,7,180
885698564189414867,2026-05-13,t,,,7,180
885698564189414867,2026-05-14,t,,,7,180
885698564189414867,2026-05-15,t,,,7,180
885698564189414867,2026-05-16,t,,,7,180
885698564189414867,2026-05-17,t,,,7,180
885698564189414867,2026-05-18,t,,,7,180
885698564189414867,2026-05-19,t,,,7,180
885698564189414867,2026-05-20,t,,,7,180
885698564189414867,2026-05-21,t,,,7,180
885698564189414867,2026-05-22,t,,,7,180
885698564189414867,2026-05-23,t,,,7,180
885698564189414867,2026-05-24,t,,,7,180
885698564189414867,2026-05-25,t,,,7,180
885698564189414867,2026-05-26,t,,,7,180
885698564189414867,2026-05-27,t,,,7,180
885698564189414867,2026-05-28,t,,,7,180
885698564189414867,2026-05-29,t,,,7,180
885698564189414867,2026-05-30,t,,,7,180
885698564189414867,2026-05-31,t,,,7,180
885698564189414867,2026-06-01,t,,,7,180
885698564189414867,2026-06-02,t,,,7,180
885698564189414867,2026-06-03,t,,,7,180
885698564189414867,2026-06-04,t,,,7,180
885698564189414867,2026-06-05,t,,,7,180
885698564189414867,2026-06-06,t,,,7,180
885698564189414867,2026-06-07,t,,,7,180
885698564189414867,2026-06-08,t,,,7,180
885698564189414867,2026-06-09,t,,,7,180
885698564189414867,2026-06-10,t,,,7,180
885698564189414867,2026-06-11,t,,,7,180
885698564189414867,2026-06-12,t,,,7,180
885698564189414867,2026-06-13,t,,,7,180
885698564189414867,2026-06-14,t,,,7,180
885698564189414867,2026-06-15,t,,,7,180
885698564189414867,2026-06-16,t,,,7,180
885698564189414867,2026-06-17,t,,,7,180
885698564189414867,2026-06-18,t,,,7,180
885698564189414867,2026-06-19,t,,,7,180
885698564189414867,2026-06-20,t,,,7,180
885698564189414867,2026-06-21,t,,,7,180
885698564189414867,2026-06-22,t,,,7,180
885698564189414867,2026-06-23,t,,,7,180
917125983551488306,2025-06-24,f,,,25,365
917125983551488306,2025-06-25,t,,,25,365
917125983551488306,2025-06-26,t,,,25,365
917125983551488306,2025-06-27,t,,,25,365
917125983551488306,2025-06-28,t,,,25,365
917125983551488306,2025-06-29,t,,,25,365
917125983551488306,2025-06-30,t,,,25,365
917125983551488306,2025-07-01,t,,,28,365
917125983551488306,2025-07-02,t,,,28,365
917125983551488306,2025-07-03,t,,,28,365
917125983551488306,2025-07-04,t,,,28,365
917125983551488306,2025-07-05,t,,,28,365
917125983551488306,2025-07-06,t,,,28,365
917125983551488306,2025-07-07,t,,,28,365
917125983551488306,2025-07-08,t,,,28,365
917125983551488306,2025-07-09,t,,,28,365
917125983551488306,2025-07-10,t,,,28,365
917125983551488306,2025-07-11,t,,,28,365
917125983551488306,2025-07-12,t,,,28,365
917125983551488306,2025-07-13,t,,,28,365
917125983551488306,2025-07-14,t,,,28,365
917125983551488306,2025-07-15,t,,,28,365
917125983551488306,2025-07-16,t,,,28,365
917125983551488306,2025-07-17,t,,,28,365
917125983551488306,2025-07-18,t,,,28,365
917125983551488306,2025-07-19,t,,,28,365
917125983551488306,2025-07-20,t,,,28,365
917125983551488306,2025-07-21,t,,,28,365
917125983551488306,2025-07-22,t,,,28,365
917125983551488306,2025-07-23,t,,,28,365
917125983551488306,2025-07-24,t,,,28,365
917125983551488306,2025-07-25,t,,,28,365
917125983551488306,2025-07-26,t,,,28,365
917125983551488306,2025-07-27,t,,,28,365
917125983551488306,2025-07-28,t,,,28,365
917125983551488306,2025-07-29,t,,,28,365
917125983551488306,2025-07-30,t,,,28,365
917125983551488306,2025-07-31,t,,,28,365
917125983551488306,2025-08-01,t,,,28,365
917125983551488306,2025-08-02,t,,,28,365
917125983551488306,2025-08-03,t,,,28,365
917125983551488306,2025-08-04,t,,,28,365
917125983551488306,2025-08-05,t,,,28,365
917125983551488306,2025-08-06,t,,,28,365
917125983551488306,2025-08-07,t,,,28,365
917125983551488306,2025-08-08,t,,,28,365
917125983551488306,2025-08-09,t,,,28,365
917125983551488306,2025-08-10,t,,,28,365
917125983551488306,2025-08-11,t,,,28,365
917125983551488306,2025-08-12,t,,,28,365
917125983551488306,2025-08-13,t,,,28,365
917125983551488306,2025-08-14,t,,,28,365
917125983551488306,2025-08-15,t,,,28,365
917125983551488306,2025-08-16,t,,,28,365
917125983551488306,2025-08-17,t,,,28,365
917125983551488306,2025-08-18,t,,,28,365
917125983551488306,2025-08-19,t,,,28,365
917125983551488306,2025-08-20,t,,,28,365
917125983551488306,2025-08-21,t,,,28,365
917125983551488306,2025-08-22,t,,,28,365
917125983551488306,2025-08-23,t,,,28,365
917125983551488306,2025-08-24,t,,,28,365
917125983551488306,2025-08-25,t,,,28,365
917125983551488306,2025-08-26,t,,,28,365
917125983551488306,2025-08-27,t,,,28,365
917125983551488306,2025-08-28,t,,,28,365
917125983551488306,2025-08-29,t,,,28,365
917125983551488306,2025-08-30,t,,,28,365
917125983551488306,2025-08-31,t,,,28,365
917125983551488306,2025-09-01,t,,,28,365
917125983551488306,2025-09-02,t,,,28,365
917125983551488306,2025-09-03,t,,,28,365
917125983551488306,2025-09-04,t,,,28,365
917125983551488306,2025-09-05,t,,,28,365
917125983551488306,2025-09-06,t,,,28,365
917125983551488306,2025-09-07,t,,,28,365
917125983551488306,2025-09-08,t,,,28,365
917125983551488306,2025-09-09,t,,,28,365
917125983551488306,2025-09-10,t,,,28,365
917125983551488306,2025-09-11,t,,,28,365
917125983551488306,2025-09-12,t,,,28,365
917125983551488306,2025-09-13,t,,,28,365
917125983551488306,2025-09-14,t,,,28,365
917125983551488306,2025-09-15,t,,,28,365
917125983551488306,2025-09-16,t,,,28,365
917125983551488306,2025-09-17,t,,,28,365
917125983551488306,2025-09-18,t,,,28,365
917125983551488306,2025-09-19,t,,,28,365
917125983551488306,2025-09-20,t,,,28,365
917125983551488306,2025-09-21,t,,,28,365
917125983551488306,2025-09-22,t,,,28,365
917125983551488306,2025-09-23,t,,,28,365
917125983551488306,2025-09-24,t,,,28,365
917125983551488306,2025-09-25,t,,,28,365
917125983551488306,2025-09-26,t,,,28,365
917125983551488306,2025-09-27,t,,,28,365
917125983551488306,2025-09-28,t,,,28,365
917125983551488306,2025-09-29,t,,,28,365
917125983551488306,2025-09-30,t,,,28,365
917125983551488306,2025-10-01,t,,,28,365
917125983551488306,2025-10-02,t,,,28,365
917125983551488306,2025-10-03,t,,,28,365
917125983551488306,2025-10-04,t,,,28,365
917125983551488306,2025-10-05,t,,,28,365
917125983551488306,2025-10-06,t,,,28,365
917125983551488306,2025-10-07,t,,,28,365
917125983551488306,2025-10-08,t,,,28,365
917125983551488306,2025-10-09,t,,,28,365
917125983551488306,2025-10-10,t,,,28,365
917125983551488306,2025-10-11,t,,,28,365
917125983551488306,2025-10-12,t,,,28,365
917125983551488306,2025-10-13,t,,,28,365
917125983551488306,2025-10-14,t,,,28,365
917125983551488306,2025-10-15,t,,,28,365
917125983551488306,2025-10-16,t,,,28,365
917125983551488306,2025-10-17,t,,,28,365
917125983551488306,2025-10-18,t,,,28,365
917125983551488306,2025-10-19,t,,,28,365
917125983551488306,2025-10-20,t,,,28,365
917125983551488306,2025-10-21,t,,,28,365
917125983551488306,2025-10-22,t,,,28,365
917125983551488306,2025-10-23,t,,,28,365
917125983551488306,2025-10-24,t,,,28,365
917125983551488306,2025-10-25,t,,,28,365
917125983551488306,2025-10-26,t,,,28,365
917125983551488306,2025-10-27,t,,,28,365
917125983551488306,2025-10-28,t,,,28,365
917125983551488306,2025-10-29,t,,,28,365
917125983551488306,2025-10-30,t,,,28,365
917125983551488306,2025-10-31,t,,,28,365
917125983551488306,2025-11-01,t,,,28,365
917125983551488306,2025-11-02,t,,,28,365
917125983551488306,2025-11-03,t,,,28,365
917125983551488306,2025-11-04,t,,,28,365
917125983551488306,2025-11-05,t,,,28,365
917125983551488306,2025-11-06,t,,,28,365
917125983551488306,2025-11-07,t,,,28,365
917125983551488306,2025-11-08,t,,,28,365
917125983551488306,2025-11-09,t,,,28,365
917125983551488306,2025-11-10,t,,,28,365
917125983551488306,2025-11-11,t,,,28,365
917125983551488306,2025-11-12,t,,,28,365
917125983551488306,2025-11-13,t,,,28,365
917125983551488306,2025-11-14,t,,,28,365
917125983551488306,2025-11-15,t,,,28,365
917125983551488306,2025-11-16,t,,,28,365
917125983551488306,2025-11-17,t,,,28,365
917125983551488306,2025-11-18,t,,,28,365
917125983551488306,2025-11-19,t,,,28,365
917125983551488306,2025-11-20,t,,,28,365
917125983551488306,2025-11-21,t,,,28,365
917125983551488306,2025-11-22,t,,,28,365
917125983551488306,2025-11-23,t,,,28,365
917125983551488306,2025-11-24,t,,,28,365
917125983551488306,2025-11-25,t,,,28,365
917125983551488306,2025-11-26,t,,,28,365
917125983551488306,2025-11-27,t,,,28,365
917125983551488306,2025-11-28,t,,,28,365
917125983551488306,2025-11-29,t,,,28,365
917125983551488306,2025-11-30,t,,,28,365
917125983551488306,2025-12-01,t,,,28,365
917125983551488306,2025-12-02,t,,,28,365
917125983551488306,2025-12-03,t,,,28,365
917125983551488306,2025-12-04,t,,,28,365
917125983551488306,2025-12-05,t,,,28,365
917125983551488306,2025-12-06,t,,,28,365
917125983551488306,2025-12-07,t,,,28,365
917125983551488306,2025-12-08,t,,,28,365
917125983551488306,2025-12-09,t,,,28,365
917125983551488306,2025-12-10,t,,,28,365
917125983551488306,2025-12-11,t,,,28,365
917125983551488306,2025-12-12,t,,,28,365
917125983551488306,2025-12-13,t,,,28,365
917125983551488306,2025-12-14,t,,,28,365
917125983551488306,2025-12-15,t,,,28,365
917125983551488306,2025-12-16,t,,,28,365
917125983551488306,2025-12-17,t,,,28,365
917125983551488306,2025-12-18,t,,,28,365
917125983551488306,2025-12-19,t,,,28,365
917125983551488306,2025-12-20,t,,,28,365
917125983551488306,2025-12-21,t,,,28,365
917125983551488306,2025-12-22,t,,,28,365
917125983551488306,2025-12-23,t,,,28,365
917125983551488306,2025-12-24,t,,,28,365
917125983551488306,2025-12-25,t,,,28,365
917125983551488306,2025-12-26,t,,,28,365
917125983551488306,2025-12-27,t,,,28,365
917125983551488306,2025-12-28,t,,,28,365
917125983551488306,2025-12-29,t,,,28,365
917125983551488306,2025-12-30,t,,,28,365
917125983551488306,2025-12-31,t,,,28,365
917125983551488306,2026-01-01,t,,,28,365
917125983551488306,2026-01-02,t,,,28,365
917125983551488306,2026-01-03,t,,,28,365
917125983551488306,2026-01-04,t,,,28,365
917125983551488306,2026-01-05,t,,,28,365
917125983551488306,2026-01-06,t,,,28,365
917125983551488306,2026-01-07,t,,,28,365
917125983551488306,2026-01-08,t,,,28,365
917125983551488306,2026-01-09,t,,,28,365
917125983551488306,2026-01-10,t,,,28,365
917125983551488306,2026-01-11,t,,,28,365
917125983551488306,2026-01-12,t,,,28,365
917125983551488306,2026-01-13,t,,,28,365
917125983551488306,2026-01-14,t,,,28,365
917125983551488306,2026-01-15,t,,,28,365
917125983551488306,2026-01-16,t,,,28,365
917125983551488306,2026-01-17,t,,,28,365
917125983551488306,2026-01-18,t,,,28,365
917125983551488306,2026-01-19,t,,,28,365
917125983551488306,2026-01-20,t,,,28,365
917125983551488306,2026-01-21,t,,,28,365
917125983551488306,2026-01-22,t,,,28,365
917125983551488306,2026-01-23,t,,,28,365
917125983551488306,2026-01-24,t,,,28,365
917125983551488306,2026-01-25,t,,,28,365
917125983551488306,2026-01-26,t,,,28,365
917125983551488306,2026-01-27,t,,,28,365
917125983551488306,2026-01-28,t,,,28,365
917125983551488306,2026-01-29,t,,,28,365
917125983551488306,2026-01-30,t,,,28,365
917125983551488306,2026-01-31,t,,,28,365
917125983551488306,2026-02-01,t,,,28,365
917125983551488306,2026-02-02,t,,,28,365
917125983551488306,2026-02-03,t,,,28,365
917125983551488306,2026-02-04,t,,,28,365
917125983551488306,2026-02-05,t,,,28,365
917125983551488306,2026-02-06,t,,,28,365
917125983551488306,2026-02-07,t,,,28,365
917125983551488306,2026-02-08,t,,,28,365
917125983551488306,2026-02-09,t,,,28,365
917125983551488306,2026-02-10,t,,,28,365
917125983551488306,2026-02-11,t,,,28,365
917125983551488306,2026-02-12,t,,,28,365
917125983551488306,2026-02-13,t,,,28,365
917125983551488306,2026-02-14,t,,,28,365
917125983551488306,2026-02-15,t,,,28,365
917125983551488306,2026-02-16,t,,,28,365
917125983551488306,2026-02-17,t,,,28,365
917125983551488306,2026-02-18,t,,,28,365
917125983551488306,2026-02-19,t,,,28,365
917125983551488306,2026-02-20,t,,,28,365
917125983551488306,2026-02-21,t,,,28,365
917125983551488306,2026-02-22,t,,,28,365
917125983551488306,2026-02-23,t,,,28,365
917125983551488306,2026-02-24,t,,,28,365
917125983551488306,2026-02-25,t,,,28,365
917125983551488306,2026-02-26,t,,,28,365
917125983551488306,2026-02-27,t,,,28,365
917125983551488306,2026-02-28,t,,,28,365
917125983551488306,2026-03-01,t,,,28,365
917125983551488306,2026-03-02,t,,,28,365
917125983551488306,2026-03-03,t,,,28,365
917125983551488306,2026-03-04,t,,,28,365
917125983551488306,2026-03-05,t,,,28,365
917125983551488306,2026-03-06,t,,,28,365
917125983551488306,2026-03-07,t,,,28,365
917125983551488306,2026-03-08,t,,,28,365
917125983551488306,2026-03-09,t,,,28,365
917125983551488306,2026-03-10,t,,,28,365
917125983551488306,2026-03-11,t,,,28,365
917125983551488306,2026-03-12,t,,,28,365
917125983551488306,2026-03-13,t,,,28,365
917125983551488306,2026-03-14,t,,,28,365
917125983551488306,2026-03-15,t,,,28,365
917125983551488306,2026-03-16,t,,,28,365
917125983551488306,2026-03-17,t,,,28,365
917125983551488306,2026-03-18,t,,,28,365
917125983551488306,2026-03-19,t,,,28,365
917125983551488306,2026-03-20,t,,,28,365
917125983551488306,2026-03-21,t,,,28,365
917125983551488306,2026-03-22,t,,,28,365
917125983551488306,2026-03-23,t,,,28,365
917125983551488306,2026-03-24,t,,,28,365
917125983551488306,2026-03-25,t,,,28,365
917125983551488306,2026-03-26,t,,,28,365
917125983551488306,2026-03-27,t,,,28,365
917125983551488306,2026-03-28,t,,,28,365
917125983551488306,2026-03-29,t,,,28,365
917125983551488306,2026-03-30,t,,,28,365
917125983551488306,2026-03-31,t,,,28,365
917125983551488306,2026-04-01,t,,,28,365
917125983551488306,2026-04-02,t,,,28,365
917125983551488306,2026-04-03,t,,,28,365
917125983551488306,2026-04-04,t,,,28,365
917125983551488306,2026-04-05,t,,,28,365
917125983551488306,2026-04-06,t,,,28,365
917125983551488306,2026-04-07,t,,,28,365
917125983551488306,2026-04-08,t,,,28,365
917125983551488306,2026-04-09,t,,,28,365
917125983551488306,2026-04-10,t,,,28,365
917125983551488306,2026-04-11,t,,,28,365
917125983551488306,2026-04-12,t,,,28,365
917125983551488306,2026-04-13,t,,,28,365
917125983551488306,2026-04-14,t,,,28,365
917125983551488306,2026-04-15,t,,,28,365
917125983551488306,2026-04-16,t,,,28,365
917125983551488306,2026-04-17,t,,,28,365
917125983551488306,2026-04-18,t,,,28,365
917125983551488306,2026-04-19,t,,,28,365
917125983551488306,2026-04-20,t,,,28,365
917125983551488306,2026-04-21,t,,,28,365
917125983551488306,2026-04-22,t,,,28,365
917125983551488306,2026-04-23,t,,,28,365
917125983551488306,2026-04-24,t,,,28,365
917125983551488306,2026-04-25,t,,,28,365
917125983551488306,2026-04-26,t,,,28,365
917125983551488306,2026-04-27,t,,,28,365
917125983551488306,2026-04-28,t,,,28,365
917125983551488306,2026-04-29,t,,,28,365
917125983551488306,2026-04-30,t,,,28,365
917125983551488306,2026-05-01,t,,,90,365
917125983551488306,2026-05-02,t,,,90,365
917125983551488306,2026-05-03,t,,,90,365
917125983551488306,2026-05-04,t,,,90,365
917125983551488306,2026-05-05,t,,,90,365
917125983551488306,2026-05-06,t,,,90,365
917125983551488306,2026-05-07,t,,,90,365
917125983551488306,2026-05-08,t,,,90,365
917125983551488306,2026-05-09,t,,,90,365
917125983551488306,2026-05-10,t,,,90,365
917125983551488306,2026-05-11,t,,,90,365
917125983551488306,2026-05-12,t,,,90,365
917125983551488306,2026-05-13,t,,,90,365
917125983551488306,2026-05-14,t,,,90,365
917125983551488306,2026-05-15,t,,,90,365
917125983551488306,2026-05-16,t,,,90,365
917125983551488306,2026-05-17,t,,,90,365
917125983551488306,2026-05-18,t,,,90,365
917125983551488306,2026-05-19,t,,,90,365
917125983551488306,2026-05-20,t,,,90,365
917125983551488306,2026-05-21,t,,,90,365
917125983551488306,2026-05-22,t,,,90,365
917125983551488306,2026-05-23,t,,,90,365
917125983551488306,2026-05-24,t,,,90,365
917125983551488306,2026-05-25,t,,,90,365
917125983551488306,2026-05-26,t,,,90,365
917125983551488306,2026-05-27,t,,,90,365
917125983551488306,2026-05-28,t,,,90,365
917125983551488306,2026-05-29,t,,,90,365
917125983551488306,2026-05-30,t,,,90,365
917125983551488306,2026-05-31,t,,,90,365
917125983551488306,2026-06-01,t,,,90,365
917125983551488306,2026-06-02,t,,,90,365
917125983551488306,2026-06-03,t,,,90,365
917125983551488306,2026-06-04,t,,,90,365
917125983551488306,2026-06-05,t,,,90,365
917125983551488306,2026-06-06,t,,,90,365
917125983551488306,2026-06-07,t,,,90,365
917125983551488306,2026-06-08,t,,,90,365
917125983551488306,2026-06-09,t,,,90,365
917125983551488306,2026-06-10,t,,,90,365
917125983551488306,2026-06-11,t,,,90,365
917125983551488306,2026-06-12,t,,,90,365
917125983551488306,2026-06-13,t,,,90,365
917125983551488306,2026-06-14,t,,,90,365
917125983551488306,2026-06-15,t,,,90,365
917125983551488306,2026-06-16,t,,,90,365
917125983551488306,2026-06-17,t,,,90,365
917125983551488306,2026-06-18,t,,,90,365
917125983551488306,2026-06-19,t,,,90,365
917125983551488306,2026-06-20,t,,,90,365
917125983551488306,2026-06-21,t,,,90,365
917125983551488306,2026-06-22,t,,,90,365
917125983551488306,2026-06-23,t,,,90,365
1019469184451756403,2025-06-24,f,,,2,365
1019469184451756403,2025-06-25,t,,,2,365
1019469184451756403,2025-06-26,t,,,2,365
1019469184451756403,2025-06-27,t,,,2,365
1019469184451756403,2025-06-28,t,,,2,365
1019469184451756403,2025-06-29,t,,,2,365
1019469184451756403,2025-06-30,t,,,2,365
1019469184451756403,2025-07-01,t,,,2,365
1019469184451756403,2025-07-02,t,,,2,365
1019469184451756403,2025-07-03,t,,,2,365
1019469184451756403,2025-07-04,t,,,2,365
1019469184451756403,2025-07-05,t,,,2,365
1019469184451756403,2025-07-06,t,,,2,365
1019469184451756403,2025-07-07,t,,,2,365
1019469184451756403,2025-07-08,t,,,2,365
1019469184451756403,2025-07-09,t,,,2,365
1019469184451756403,2025-07-10,t,,,2,365
1019469184451756403,2025-07-11,t,,,2,365
1019469184451756403,2025-07-12,t,,,2,365
1019469184451756403,2025-07-13,t,,,2,365
1019469184451756403,2025-07-14,t,,,2,365
1019469184451756403,2025-07-15,t,,,2,365
1019469184451756403,2025-07-16,t,,,2,365
1019469184451756403,2025-07-17,t,,,2,365
1019469184451756403,2025-07-18,t,,,2,365
1019469184451756403,2025-07-19,t,,,2,365
1019469184451756403,2025-07-20,t,,,2,365
1019469184451756403,2025-07-21,t,,,2,365
1019469184451756403,2025-07-22,t,,,2,365
1019469184451756403,2025-07-23,t,,,2,365
1019469184451756403,2025-07-24,t,,,2,365
1019469184451756403,2025-07-25,t,,,2,365
1019469184451756403,2025-07-26,t,,,2,365
1019469184451756403,2025-07-27,t,,,2,365
1019469184451756403,2025-07-28,t,,,2,365
1019469184451756403,2025-07-29,t,,,2,365
1019469184451756403,2025-07-30,t,,,2,365
1019469184451756403,2025-07-31,t,,,2,365
1019469184451756403,2025-08-01,t,,,2,365
1019469184451756403,2025-08-02,t,,,2,365
1019469184451756403,2025-08-03,t,,,2,365
1019469184451756403,2025-08-04,t,,,2,365
1019469184451756403,2025-08-05,t,,,2,365
1019469184451756403,2025-08-06,t,,,2,365
1019469184451756403,2025-08-07,t,,,2,365
1019469184451756403,2025-08-08,t,,,2,365
1019469184451756403,2025-08-09,t,,,2,365
1019469184451756403,2025-08-10,t,,,2,365
1019469184451756403,2025-08-11,t,,,2,365
1019469184451756403,2025-08-12,t,,,2,365
1019469184451756403,2025-08-13,t,,,2,365
1019469184451756403,2025-08-14,t,,,2,365
1019469184451756403,2025-08-15,t,,,2,365
1019469184451756403,2025-08-16,t,,,2,365
1019469184451756403,2025-08-17,t,,,2,365
1019469184451756403,2025-08-18,t,,,2,365
1019469184451756403,2025-08-19,t,,,2,365
1019469184451756403,2025-08-20,t,,,2,365
1019469184451756403,2025-08-21,t,,,2,365
1019469184451756403,2025-08-22,t,,,2,365
1019469184451756403,2025-08-23,t,,,2,365
1019469184451756403,2025-08-24,t,,,2,365
1019469184451756403,2025-08-25,t,,,2,365
1019469184451756403,2025-08-26,t,,,2,365
1019469184451756403,2025-08-27,t,,,2,365
1019469184451756403,2025-08-28,t,,,2,365
1019469184451756403,2025-08-29,t,,,2,365
1019469184451756403,2025-08-30,t,,,2,365
1019469184451756403,2025-08-31,t,,,2,365
1019469184451756403,2025-09-01,t,,,2,365
1019469184451756403,2025-09-02,t,,,2,365
1019469184451756403,2025-09-03,t,,,2,365
1019469184451756403,2025-09-04,t,,,2,365
1019469184451756403,2025-09-05,t,,,2,365
1019469184451756403,2025-09-06,t,,,2,365
1019469184451756403,2025-09-07,t,,,2,365
1019469184451756403,2025-09-08,t,,,2,365
1019469184451756403,2025-09-09,t,,,2,365
1019469184451756403,2025-09-10,t,,,2,365
1019469184451756403,2025-09-11,t,,,2,365
1019469184451756403,2025-09-12,t,,,2,365
1019469184451756403,2025-09-13,t,,,2,365
1019469184451756403,2025-09-14,t,,,2,365
1019469184451756403,2025-09-15,t,,,2,365
1019469184451756403,2025-09-16,t,,,2,365
1019469184451756403,2025-09-17,t,,,2,365
1019469184451756403,2025-09-18,t,,,2,365
1019469184451756403,2025-09-19,t,,,2,365
1019469184451756403,2025-09-20,t,,,2,365
1019469184451756403,2025-09-21,t,,,2,365
1019469184451756403,2025-09-22,t,,,2,365
1019469184451756403,2025-09-23,t,,,2,365
1019469184451756403,2025-09-24,t,,,2,365
1019469184451756403,2025-09-25,t,,,2,365
1019469184451756403,2025-09-26,t,,,2,365
1019469184451756403,2025-09-27,t,,,2,365
1019469184451756403,2025-09-28,t,,,2,365
1019469184451756403,2025-09-29,t,,,2,365
1019469184451756403,2025-09-30,t,,,2,365
1019469184451756403,2025-10-01,t,,,2,365
1019469184451756403,2025-10-02,t,,,2,365
1019469184451756403,2025-10-03,t,,,2,365
1019469184451756403,2025-10-04,t,,,2,365
1019469184451756403,2025-10-05,t,,,2,365
1019469184451756403,2025-10-06,t,,,2,365
1019469184451756403,2025-10-07,t,,,2,365
1019469184451756403,2025-10-08,t,,,2,365
1019469184451756403,2025-10-09,t,,,2,365
1019469184451756403,2025-10-10,t,,,2,365
1019469184451756403,2025-10-11,t,,,2,365
1019469184451756403,2025-10-12,t,,,2,365
1019469184451756403,2025-10-13,t,,,2,365
1019469184451756403,2025-10-14,t,,,2,365
1019469184451756403,2025-10-15,t,,,2,365
1019469184451756403,2025-10-16,t,,,2,365
1019469184451756403,2025-10-17,t,,,2,365
1019469184451756403,2025-10-18,t,,,2,365
1019469184451756403,2025-10-19,t,,,2,365
1019469184451756403,2025-10-20,t,,,2,365
1019469184451756403,2025-10-21,t,,,2,365
1019469184451756403,2025-10-22,t,,,2,365
1019469184451756403,2025-10-23,t,,,2,365
1019469184451756403,2025-10-24,t,,,2,365
1019469184451756403,2025-10-25,t,,,2,365
1019469184451756403,2025-10-26,t,,,2,365
1019469184451756403,2025-10-27,t,,,2,365
1019469184451756403,2025-10-28,t,,,2,365
1019469184451756403,2025-10-29,t,,,2,365
1019469184451756403,2025-10-30,t,,,2,365
1019469184451756403,2025-10-31,t,,,2,365
1019469184451756403,2025-11-01,t,,,2,365
1019469184451756403,2025-11-02,t,,,2,365
1019469184451756403,2025-11-03,t,,,2,365
1019469184451756403,2025-11-04,t,,,2,365
1019469184451756403,2025-11-05,t,,,2,365
1019469184451756403,2025-11-06,t,,,2,365
1019469184451756403,2025-11-07,t,,,2,365
1019469184451756403,2025-11-08,t,,,2,365
1019469184451756403,2025-11-09,t,,,2,365
1019469184451756403,2025-11-10,t,,,2,365
1019469184451756403,2025-11-11,t,,,2,365
1019469184451756403,2025-11-12,t,,,2,365
1019469184451756403,2025-11-13,t,,,2,365
1019469184451756403,2025-11-14,t,,,2,365
1019469184451756403,2025-11-15,t,,,2,365
1019469184451756403,2025-11-16,t,,,2,365
1019469184451756403,2025-11-17,t,,,2,365
1019469184451756403,2025-11-18,t,,,2,365
1019469184451756403,2025-11-19,t,,,2,365
1019469184451756403,2025-11-20,t,,,2,365
1019469184451756403,2025-11-21,t,,,2,365
1019469184451756403,2025-11-22,t,,,2,365
1019469184451756403,2025-11-23,t,,,2,365
1019469184451756403,2025-11-24,t,,,2,365
1019469184451756403,2025-11-25,t,,,2,365
1019469184451756403,2025-11-26,t,,,2,365
1019469184451756403,2025-11-27,t,,,2,365
1019469184451756403,2025-11-28,t,,,2,365
1019469184451756403,2025-11-29,t,,,2,365
1019469184451756403,2025-11-30,t,,,2,365
1019469184451756403,2025-12-01,t,,,2,365
1019469184451756403,2025-12-02,t,,,2,365
1019469184451756403,2025-12-03,t,,,2,365
1019469184451756403,2025-12-04,t,,,2,365
1019469184451756403,2025-12-05,t,,,2,365
1019469184451756403,2025-12-06,t,,,2,365
1019469184451756403,2025-12-07,t,,,2,365
1019469184451756403,2025-12-08,t,,,2,365
1019469184451756403,2025-12-09,t,,,2,365
1019469184451756403,2025-12-10,t,,,2,365
1019469184451756403,2025-12-11,t,,,2,365
1019469184451756403,2025-12-12,t,,,2,365
1019469184451756403,2025-12-13,t,,,2,365
1019469184451756403,2025-12-14,t,,,2,365
1019469184451756403,2025-12-15,t,,,2,365
1019469184451756403,2025-12-16,t,,,2,365
1019469184451756403,2025-12-17,t,,,2,365
1019469184451756403,2025-12-18,t,,,2,365
1019469184451756403,2025-12-19,t,,,2,365
1019469184451756403,2025-12-20,t,,,2,365
1019469184451756403,2025-12-21,t,,,2,365
1019469184451756403,2025-12-22,t,,,2,365
1019469184451756403,2025-12-23,t,,,2,365
1019469184451756403,2025-12-24,t,,,2,365
1019469184451756403,2025-12-25,t,,,2,365
1019469184451756403,2025-12-26,t,,,2,365
1019469184451756403,2025-12-27,t,,,2,365
1019469184451756403,2025-12-28,t,,,2,365
1019469184451756403,2025-12-29,t,,,2,365
1019469184451756403,2025-12-30,t,,,2,365
1019469184451756403,2025-12-31,t,,,2,365
1019469184451756403,2026-01-01,t,,,2,365
1019469184451756403,2026-01-02,t,,,2,365
1019469184451756403,2026-01-03,t,,,2,365
1019469184451756403,2026-01-04,t,,,2,365
1019469184451756403,2026-01-05,t,,,2,365
1019469184451756403,2026-01-06,t,,,2,365
1019469184451756403,2026-01-07,t,,,2,365
1019469184451756403,2026-01-08,t,,,2,365
1019469184451756403,2026-01-09,t,,,2,365
1019469184451756403,2026-01-10,t,,,2,365
1019469184451756403,2026-01-11,t,,,2,365
1019469184451756403,2026-01-12,t,,,2,365
1019469184451756403,2026-01-13,t,,,2,365
1019469184451756403,2026-01-14,t,,,2,365
1019469184451756403,2026-01-15,t,,,2,365
1019469184451756403,2026-01-16,t,,,2,365
1019469184451756403,2026-01-17,t,,,2,365
1019469184451756403,2026-01-18,t,,,2,365
1019469184451756403,2026-01-19,t,,,2,365
1019469184451756403,2026-01-20,t,,,2,365
1019469184451756403,2026-01-21,t,,,2,365
1019469184451756403,2026-01-22,t,,,2,365
1019469184451756403,2026-01-23,t,,,2,365
1019469184451756403,2026-01-24,t,,,2,365
1019469184451756403,2026-01-25,t,,,2,365
1019469184451756403,2026-01-26,t,,,2,365
1019469184451756403,2026-01-27,t,,,2,365
1019469184451756403,2026-01-28,t,,,2,365
1019469184451756403,2026-01-29,t,,,2,365
1019469184451756403,2026-01-30,t,,,2,365
1019469184451756403,2026-01-31,t,,,2,365
1019469184451756403,2026-02-01,t,,,2,365
1019469184451756403,2026-02-02,t,,,2,365
1019469184451756403,2026-02-03,t,,,2,365
1019469184451756403,2026-02-04,t,,,2,365
1019469184451756403,2026-02-05,t,,,2,365
1019469184451756403,2026-02-06,t,,,2,365
1019469184451756403,2026-02-07,t,,,2,365
1019469184451756403,2026-02-08,t,,,2,365
1019469184451756403,2026-02-09,t,,,2,365
1019469184451756403,2026-02-10,t,,,2,365
1019469184451756403,2026-02-11,t,,,2,365
1019469184451756403,2026-02-12,t,,,2,365
1019469184451756403,2026-02-13,t,,,2,365
1019469184451756403,2026-02-14,t,,,2,365
1019469184451756403,2026-02-15,t,,,2,365
1019469184451756403,2026-02-16,t,,,2,365
1019469184451756403,2026-02-17,t,,,2,365
1019469184451756403,2026-02-18,t,,,2,365
1019469184451756403,2026-02-19,t,,,2,365
1019469184451756403,2026-02-20,t,,,2,365
1019469184451756403,2026-02-21,t,,,2,365
1019469184451756403,2026-02-22,t,,,2,365
1019469184451756403,2026-02-23,t,,,2,365
1019469184451756403,2026-02-24,t,,,2,365
1019469184451756403,2026-02-25,t,,,2,365
1019469184451756403,2026-02-26,t,,,2,365
1019469184451756403,2026-02-27,t,,,2,365
1019469184451756403,2026-02-28,t,,,2,365
1019469184451756403,2026-03-01,t,,,2,365
1019469184451756403,2026-03-02,t,,,2,365
1019469184451756403,2026-03-03,t,,,2,365
1019469184451756403,2026-03-04,t,,,2,365
1019469184451756403,2026-03-05,t,,,2,365
1019469184451756403,2026-03-06,t,,,2,365
1019469184451756403,2026-03-07,t,,,2,365
1019469184451756403,2026-03-08,t,,,2,365
1019469184451756403,2026-03-09,t,,,2,365
1019469184451756403,2026-03-10,t,,,2,365
1019469184451756403,2026-03-11,t,,,2,365
1019469184451756403,2026-03-12,t,,,2,365
1019469184451756403,2026-03-13,t,,,2,365
1019469184451756403,2026-03-14,t,,,2,365
1019469184451756403,2026-03-15,t,,,2,365
1019469184451756403,2026-03-16,t,,,2,365
1019469184451756403,2026-03-17,t,,,2,365
1019469184451756403,2026-03-18,t,,,2,365
1019469184451756403,2026-03-19,t,,,2,365
1019469184451756403,2026-03-20,t,,,2,365
1019469184451756403,2026-03-21,t,,,2,365
1019469184451756403,2026-03-22,t,,,2,365
1019469184451756403,2026-03-23,t,,,2,365
1019469184451756403,2026-03-24,t,,,2,365
1019469184451756403,2026-03-25,t,,,2,365
1019469184451756403,2026-03-26,t,,,2,365
1019469184451756403,2026-03-27,t,,,2,365
1019469184451756403,2026-03-28,t,,,2,365
1019469184451756403,2026-03-29,t,,,2,365
1019469184451756403,2026-03-30,t,,,2,365
1019469184451756403,2026-03-31,t,,,2,365
1019469184451756403,2026-04-01,t,,,2,365
1019469184451756403,2026-04-02,t,,,2,365
1019469184451756403,2026-04-03,t,,,2,365
1019469184451756403,2026-04-04,t,,,2,365
1019469184451756403,2026-04-05,t,,,2,365
1019469184451756403,2026-04-06,t,,,2,365
1019469184451756403,2026-04-07,t,,,2,365
1019469184451756403,2026-04-08,t,,,2,365
1019469184451756403,2026-04-09,t,,,2,365
1019469184451756403,2026-04-10,t,,,2,365
1019469184451756403,2026-04-11,t,,,2,365
1019469184451756403,2026-04-12,t,,,2,365
1019469184451756403,2026-04-13,t,,,2,365
1019469184451756403,2026-04-14,t,,,2,365
1019469184451756403,2026-04-15,t,,,2,365
1019469184451756403,2026-04-16,t,,,2,365
1019469184451756403,2026-04-17,t,,,2,365
1019469184451756403,2026-04-18,t,,,2,365
1019469184451756403,2026-04-19,t,,,2,365
1019469184451756403,2026-04-20,t,,,2,365
1019469184451756403,2026-04-21,t,,,2,365
1019469184451756403,2026-04-22,t,,,2,365
1019469184451756403,2026-04-23,t,,,2,365
1019469184451756403,2026-04-24,t,,,2,365
1019469184451756403,2026-04-25,t,,,2,365
1019469184451756403,2026-04-26,t,,,2,365
1019469184451756403,2026-04-27,t,,,2,365
1019469184451756403,2026-04-28,t,,,2,365
1019469184451756403,2026-04-29,t,,,2,365
1019469184451756403,2026-04-30,t,,,2,365
1019469184451756403,2026-05-01,t,,,2,365
1019469184451756403,2026-05-02,t,,,2,365
1019469184451756403,2026-05-03,t,,,2,365
1019469184451756403,2026-05-04,t,,,2,365
1019469184451756403,2026-05-05,t,,,2,365
1019469184451756403,2026-05-06,t,,,2,365
1019469184451756403,2026-05-07,t,,,2,365
1019469184451756403,2026-05-08,t,,,2,365
1019469184451756403,2026-05-09,t,,,2,365
1019469184451756403,2026-05-10,t,,,2,365
1019469184451756403,2026-05-11,t,,,2,365
1019469184451756403,2026-05-12,t,,,2,365
1019469184451756403,2026-05-13,t,,,2,365
1019469184451756403,2026-05-14,t,,,2,365
1019469184451756403,2026-05-15,t,,,2,365
1019469184451756403,2026-05-16,t,,,2,365
1019469184451756403,2026-05-17,t,,,2,365
1019469184451756403,2026-05-18,t,,,2,365
1019469184451756403,2026-05-19,t,,,2,365
1019469184451756403,2026-05-20,t,,,2,365
1019469184451756403,2026-05-21,t,,,2,365
1019469184451756403,2026-05-22,t,,,2,365
1019469184451756403,2026-05-23,t,,,2,365
1019469184451756403,2026-05-24,t,,,2,365
1019469184451756403,2026-05-25,t,,,2,365
1019469184451756403,2026-05-26,t,,,2,365
1019469184451756403,2026-05-27,t,,,2,365
1019469184451756403,2026-05-28,t,,,2,365
1019469184451756403,2026-05-29,t,,,2,365
1019469184451756403,2026-05-30,t,,,2,365
1019469184451756403,2026-05-31,t,,,2,365
1019469184451756403,2026-06-01,t,,,2,365
1019469184451756403,2026-06-02,t,,,2,365
1019469184451756403,2026-06-03,t,,,2,365
1019469184451756403,2026-06-04,t,,,2,365
1019469184451756403,2026-06-05,t,,,2,365
1019469184451756403,2026-06-06,t,,,2,365
1019469184451756403,2026-06-07,t,,,2,365
1019469184451756403,2026-06-08,t,,,2,365
1019469184451756403,2026-06-09,t,,,2,365
1019469184451756403,2026-06-10,t,,,2,365
1019469184451756403,2026-06-11,t,,,2,365
1019469184451756403,2026-06-12,t,,,2,365
1019469184451756403,2026-06-13,t,,,2,365
1019469184451756403,2026-06-14,t,,,2,365
1019469184451756403,2026-06-15,t,,,2,365
1019469184451756403,2026-06-16,t,,,2,365
1019469184451756403,2026-06-17,t,,,2,365
1019469184451756403,2026-06-18,t,,,2,365
1019469184451756403,2026-06-19,t,,,2,365
1019469184451756403,2026-06-20,t,,,2,365
1019469184451756403,2026-06-21,t,,,2,365
1019469184451756403,2026-06-22,t,,,2,365
1019469184451756403,2026-06-23,t,,,2,365
1069967191373545519,2025-06-24,f,,,3,365
1069967191373545519,2025-06-25,t,,,3,365
1069967191373545519,2025-06-26,t,,,3,365
1069967191373545519,2025-06-27,t,,,3,365
1069967191373545519,2025-06-28,t,,,3,365
1069967191373545519,2025-06-29,t,,,3,365
1069967191373545519,2025-06-30,t,,,3,365
1069967191373545519,2025-07-01,t,,,3,365
1069967191373545519,2025-07-02,t,,,3,365
1069967191373545519,2025-07-03,t,,,3,365
1069967191373545519,2025-07-04,t,,,3,365
1069967191373545519,2025-07-05,t,,,3,365
1069967191373545519,2025-07-06,t,,,3,365
1069967191373545519,2025-07-07,t,,,3,365
1069967191373545519,2025-07-08,t,,,3,365
1069967191373545519,2025-07-09,t,,,3,365
1069967191373545519,2025-07-10,t,,,3,365
1069967191373545519,2025-07-11,t,,,3,365
1069967191373545519,2025-07-12,t,,,3,365
1069967191373545519,2025-07-13,t,,,3,365
1069967191373545519,2025-07-14,t,,,3,365
1069967191373545519,2025-07-15,t,,,3,365
1069967191373545519,2025-07-16,t,,,3,365
1069967191373545519,2025-07-17,t,,,3,365
1069967191373545519,2025-07-18,t,,,3,365
1069967191373545519,2025-07-19,t,,,3,365
1069967191373545519,2025-07-20,t,,,3,365
1069967191373545519,2025-07-21,t,,,3,365
1069967191373545519,2025-07-22,t,,,3,365
1069967191373545519,2025-07-23,t,,,3,365
1069967191373545519,2025-07-24,t,,,3,365
1069967191373545519,2025-07-25,t,,,3,365
1069967191373545519,2025-07-26,t,,,3,365
1069967191373545519,2025-07-27,t,,,3,365
1069967191373545519,2025-07-28,t,,,3,365
1069967191373545519,2025-07-29,t,,,3,365
1069967191373545519,2025-07-30,t,,,3,365
1069967191373545519,2025-07-31,t,,,3,365
1069967191373545519,2025-08-01,t,,,3,365
1069967191373545519,2025-08-02,t,,,3,365
1069967191373545519,2025-08-03,t,,,3,365
1069967191373545519,2025-08-04,t,,,3,365
1069967191373545519,2025-08-05,t,,,3,365
1069967191373545519,2025-08-06,t,,,3,365
1069967191373545519,2025-08-07,t,,,3,365
1069967191373545519,2025-08-08,t,,,3,365
1069967191373545519,2025-08-09,t,,,3,365
1069967191373545519,2025-08-10,t,,,3,365
1069967191373545519,2025-08-11,t,,,3,365
1069967191373545519,2025-08-12,t,,,3,365
1069967191373545519,2025-08-13,t,,,3,365
1069967191373545519,2025-08-14,t,,,3,365
1069967191373545519,2025-08-15,t,,,3,365
1069967191373545519,2025-08-16,t,,,3,365
1069967191373545519,2025-08-17,t,,,3,365
1069967191373545519,2025-08-18,t,,,3,365
1069967191373545519,2025-08-19,t,,,3,365
1069967191373545519,2025-08-20,t,,,3,365
1069967191373545519,2025-08-21,t,,,3,365
1069967191373545519,2025-08-22,t,,,3,365
1069967191373545519,2025-08-23,t,,,3,365
1069967191373545519,2025-08-24,t,,,3,365
1069967191373545519,2025-08-25,t,,,3,365
1069967191373545519,2025-08-26,t,,,3,365
1069967191373545519,2025-08-27,t,,,3,365
1069967191373545519,2025-08-28,t,,,3,365
1069967191373545519,2025-08-29,t,,,3,365
1069967191373545519,2025-08-30,t,,,3,365
1069967191373545519,2025-08-31,t,,,3,365
1069967191373545519,2025-09-01,t,,,3,365
1069967191373545519,2025-09-02,t,,,3,365
1069967191373545519,2025-09-03,t,,,3,365
1069967191373545519,2025-09-04,t,,,3,365
1069967191373545519,2025-09-05,t,,,3,365
1069967191373545519,2025-09-06,t,,,3,365
1069967191373545519,2025-09-07,t,,,3,365
1069967191373545519,2025-09-08,t,,,3,365
1069967191373545519,2025-09-09,t,,,3,365
1069967191373545519,2025-09-10,t,,,3,365
1069967191373545519,2025-09-11,t,,,3,365
1069967191373545519,2025-09-12,t,,,3,365
1069967191373545519,2025-09-13,t,,,3,365
1069967191373545519,2025-09-14,t,,,3,365
1069967191373545519,2025-09-15,t,,,3,365
1069967191373545519,2025-09-16,t,,,3,365
1069967191373545519,2025-09-17,t,,,3,365
1069967191373545519,2025-09-18,t,,,3,365
1069967191373545519,2025-09-19,t,,,3,365
1069967191373545519,2025-09-20,t,,,3,365
1069967191373545519,2025-09-21,t,,,3,365
1069967191373545519,2025-09-22,t,,,3,365
1069967191373545519,2025-09-23,f,,,3,365
1069967191373545519,2025-09-24,f,,,3,365
1069967191373545519,2025-09-25,f,,,3,365
1069967191373545519,2025-09-26,f,,,3,365
1069967191373545519,2025-09-27,f,,,3,365
1069967191373545519,2025-09-28,f,,,3,365
1069967191373545519,2025-09-29,f,,,3,365
1069967191373545519,2025-09-30,f,,,3,365
1069967191373545519,2025-10-01,f,,,3,365
1069967191373545519,2025-10-02,f,,,3,365
1069967191373545519,2025-10-03,f,,,3,365
1069967191373545519,2025-10-04,f,,,3,365
1069967191373545519,2025-10-05,f,,,3,365
1069967191373545519,2025-10-06,f,,,3,365
1069967191373545519,2025-10-07,f,,,3,365
1069967191373545519,2025-10-08,f,,,3,365
1069967191373545519,2025-10-09,f,,,3,365
1069967191373545519,2025-10-10,f,,,3,365
1069967191373545519,2025-10-11,f,,,3,365
1069967191373545519,2025-10-12,f,,,3,365
1069967191373545519,2025-10-13,f,,,3,365
1069967191373545519,2025-10-14,f,,,3,365
1069967191373545519,2025-10-15,f,,,3,365
1069967191373545519,2025-10-16,f,,,3,365
1069967191373545519,2025-10-17,f,,,3,365
1069967191373545519,2025-10-18,f,,,3,365
1069967191373545519,2025-10-19,f,,,3,365
1069967191373545519,2025-10-20,f,,,3,365
1069967191373545519,2025-10-21,f,,,3,365
1069967191373545519,2025-10-22,f,,,3,365
1069967191373545519,2025-10-23,f,,,3,365
1069967191373545519,2025-10-24,f,,,3,365
1069967191373545519,2025-10-25,f,,,3,365
1069967191373545519,2025-10-26,f,,,3,365
1069967191373545519,2025-10-27,f,,,3,365
1069967191373545519,2025-10-28,f,,,3,365
1069967191373545519,2025-10-29,f,,,3,365
1069967191373545519,2025-10-30,f,,,3,365
1069967191373545519,2025-10-31,f,,,3,365
1069967191373545519,2025-11-01,f,,,3,365
1069967191373545519,2025-11-02,f,,,3,365
1069967191373545519,2025-11-03,f,,,3,365
1069967191373545519,2025-11-04,f,,,3,365
1069967191373545519,2025-11-05,f,,,3,365
1069967191373545519,2025-11-06,f,,,3,365
1069967191373545519,2025-11-07,f,,,3,365
1069967191373545519,2025-11-08,f,,,3,365
1069967191373545519,2025-11-09,f,,,3,365
1069967191373545519,2025-11-10,f,,,3,365
1069967191373545519,2025-11-11,f,,,3,365
1069967191373545519,2025-11-12,f,,,3,365
1069967191373545519,2025-11-13,f,,,3,365
1069967191373545519,2025-11-14,f,,,3,365
1069967191373545519,2025-11-15,f,,,3,365
1069967191373545519,2025-11-16,f,,,3,365
1069967191373545519,2025-11-17,f,,,3,365
1069967191373545519,2025-11-18,f,,,3,365
1069967191373545519,2025-11-19,f,,,3,365
1069967191373545519,2025-11-20,f,,,3,365
1069967191373545519,2025-11-21,f,,,3,365
1069967191373545519,2025-11-22,f,,,3,365
1069967191373545519,2025-11-23,f,,,3,365
1069967191373545519,2025-11-24,f,,,3,365
1069967191373545519,2025-11-25,f,,,3,365
1069967191373545519,2025-11-26,f,,,3,365
1069967191373545519,2025-11-27,f,,,3,365
1069967191373545519,2025-11-28,f,,,3,365
1069967191373545519,2025-11-29,f,,,3,365
1069967191373545519,2025-11-30,f,,,3,365
1069967191373545519,2025-12-01,f,,,3,365
1069967191373545519,2025-12-02,f,,,3,365
1069967191373545519,2025-12-03,f,,,3,365
1069967191373545519,2025-12-04,f,,,3,365
1069967191373545519,2025-12-05,f,,,3,365
1069967191373545519,2025-12-06,f,,,3,365
1069967191373545519,2025-12-07,f,,,3,365
1069967191373545519,2025-12-08,f,,,3,365
1069967191373545519,2025-12-09,f,,,3,365
1069967191373545519,2025-12-10,f,,,3,365
1069967191373545519,2025-12-11,f,,,3,365
1069967191373545519,2025-12-12,f,,,3,365
1069967191373545519,2025-12-13,f,,,3,365
1069967191373545519,2025-12-14,f,,,3,365
1069967191373545519,2025-12-15,f,,,3,365
1069967191373545519,2025-12-16,f,,,3,365
1069967191373545519,2025-12-17,f,,,3,365
1069967191373545519,2025-12-18,f,,,3,365
1069967191373545519,2025-12-19,f,,,3,365
1069967191373545519,2025-12-20,f,,,3,365
1069967191373545519,2025-12-21,f,,,3,365
1069967191373545519,2025-12-22,f,,,3,365
1069967191373545519,2025-12-23,f,,,3,365
1069967191373545519,2025-12-24,f,,,3,365
1069967191373545519,2025-12-25,f,,,3,365
1069967191373545519,2025-12-26,f,,,3,365
1069967191373545519,2025-12-27,f,,,3,365
1069967191373545519,2025-12-28,f,,,3,365
1069967191373545519,2025-12-29,f,,,3,365
1069967191373545519,2025-12-30,f,,,3,365
1069967191373545519,2025-12-31,f,,,3,365
1069967191373545519,2026-01-01,f,,,3,365
1069967191373545519,2026-01-02,f,,,3,365
1069967191373545519,2026-01-03,f,,,3,365
1069967191373545519,2026-01-04,f,,,3,365
1069967191373545519,2026-01-05,f,,,3,365
1069967191373545519,2026-01-06,f,,,3,365
1069967191373545519,2026-01-07,f,,,3,365
1069967191373545519,2026-01-08,f,,,3,365
1069967191373545519,2026-01-09,f,,,3,365
1069967191373545519,2026-01-10,f,,,3,365
1069967191373545519,2026-01-11,f,,,3,365
1069967191373545519,2026-01-12,f,,,3,365
1069967191373545519,2026-01-13,f,,,3,365
1069967191373545519,2026-01-14,f,,,3,365
1069967191373545519,2026-01-15,f,,,3,365
1069967191373545519,2026-01-16,f,,,3,365
1069967191373545519,2026-01-17,f,,,3,365
1069967191373545519,2026-01-18,f,,,3,365
1069967191373545519,2026-01-19,f,,,3,365
1069967191373545519,2026-01-20,f,,,3,365
1069967191373545519,2026-01-21,f,,,3,365
1069967191373545519,2026-01-22,f,,,3,365
1069967191373545519,2026-01-23,f,,,3,365
1069967191373545519,2026-01-24,f,,,3,365
1069967191373545519,2026-01-25,f,,,3,365
1069967191373545519,2026-01-26,f,,,3,365
1069967191373545519,2026-01-27,f,,,3,365
1069967191373545519,2026-01-28,f,,,3,365
1069967191373545519,2026-01-29,f,,,3,365
1069967191373545519,2026-01-30,f,,,3,365
1069967191373545519,2026-01-31,f,,,3,365
1069967191373545519,2026-02-01,f,,,3,365
1069967191373545519,2026-02-02,f,,,3,365
1069967191373545519,2026-02-03,f,,,3,365
1069967191373545519,2026-02-04,f,,,3,365
1069967191373545519,2026-02-05,f,,,3,365
1069967191373545519,2026-02-06,f,,,3,365
1069967191373545519,2026-02-07,f,,,3,365
1069967191373545519,2026-02-08,f,,,3,365
1069967191373545519,2026-02-09,f,,,3,365
1069967191373545519,2026-02-10,f,,,3,365
1069967191373545519,2026-02-11,f,,,3,365
1069967191373545519,2026-02-12,f,,,3,365
1069967191373545519,2026-02-13,f,,,3,365
1069967191373545519,2026-02-14,f,,,3,365
1069967191373545519,2026-02-15,f,,,3,365
1069967191373545519,2026-02-16,f,,,3,365
1069967191373545519,2026-02-17,f,,,3,365
1069967191373545519,2026-02-18,f,,,3,365
1069967191373545519,2026-02-19,f,,,3,365
1069967191373545519,2026-02-20,f,,,3,365
1069967191373545519,2026-02-21,f,,,3,365
1069967191373545519,2026-02-22,f,,,3,365
1069967191373545519,2026-02-23,f,,,3,365
1069967191373545519,2026-02-24,f,,,3,365
1069967191373545519,2026-02-25,f,,,3,365
1069967191373545519,2026-02-26,f,,,3,365
1069967191373545519,2026-02-27,f,,,3,365
1069967191373545519,2026-02-28,f,,,3,365
1069967191373545519,2026-03-01,f,,,3,365
1069967191373545519,2026-03-02,f,,,3,365
1069967191373545519,2026-03-03,f,,,3,365
1069967191373545519,2026-03-04,f,,,3,365
1069967191373545519,2026-03-05,f,,,3,365
1069967191373545519,2026-03-06,f,,,3,365
1069967191373545519,2026-03-07,f,,,3,365
1069967191373545519,2026-03-08,f,,,3,365
1069967191373545519,2026-03-09,f,,,3,365
1069967191373545519,2026-03-10,f,,,3,365
1069967191373545519,2026-03-11,f,,,3,365
1069967191373545519,2026-03-12,f,,,3,365
1069967191373545519,2026-03-13,f,,,3,365
1069967191373545519,2026-03-14,f,,,3,365
1069967191373545519,2026-03-15,f,,,3,365
1069967191373545519,2026-03-16,f,,,3,365
1069967191373545519,2026-03-17,f,,,3,365
1069967191373545519,2026-03-18,f,,,3,365
1069967191373545519,2026-03-19,f,,,3,365
1069967191373545519,2026-03-20,f,,,3,365
1069967191373545519,2026-03-21,f,,,3,365
1069967191373545519,2026-03-22,f,,,3,365
1069967191373545519,2026-03-23,f,,,3,365
1069967191373545519,2026-03-24,f,,,3,365
1069967191373545519,2026-03-25,f,,,3,365
1069967191373545519,2026-03-26,f,,,3,365
1069967191373545519,2026-03-27,f,,,3,365
1069967191373545519,2026-03-28,f,,,3,365
1069967191373545519,2026-03-29,f,,,3,365
1069967191373545519,2026-03-30,f,,,3,365
1069967191373545519,2026-03-31,f,,,3,365
1069967191373545519,2026-04-01,f,,,3,365
1069967191373545519,2026-04-02,f,,,3,365
1069967191373545519,2026-04-03,f,,,3,365
1069967191373545519,2026-04-04,f,,,3,365
1069967191373545519,2026-04-05,f,,,3,365
1069967191373545519,2026-04-06,f,,,3,365
1069967191373545519,2026-04-07,f,,,3,365
1069967191373545519,2026-04-08,f,,,3,365
1069967191373545519,2026-04-09,f,,,3,365
1069967191373545519,2026-04-10,f,,,3,365
1069967191373545519,2026-04-11,f,,,3,365
1069967191373545519,2026-04-12,f,,,3,365
1069967191373545519,2026-04-13,f,,,3,365
1069967191373545519,2026-04-14,f,,,3,365
1069967191373545519,2026-04-15,f,,,3,365
1069967191373545519,2026-04-16,f,,,3,365
1069967191373545519,2026-04-17,f,,,3,365
1069967191373545519,2026-04-18,f,,,3,365
1069967191373545519,2026-04-19,f,,,3,365
1069967191373545519,2026-04-20,f,,,3,365
1069967191373545519,2026-04-21,f,,,3,365
1069967191373545519,2026-04-22,f,,,3,365
1069967191373545519,2026-04-23,f,,,3,365
1069967191373545519,2026-04-24,f,,,3,365
1069967191373545519,2026-04-25,f,,,3,365
1069967191373545519,2026-04-26,f,,,3,365
1069967191373545519,2026-04-27,f,,,3,365
1069967191373545519,2026-04-28,f,,,3,365
1069967191373545519,2026-04-29,f,,,3,365
1069967191373545519,2026-04-30,f,,,3,365
1069967191373545519,2026-05-01,f,,,3,365
1069967191373545519,2026-05-02,f,,,3,365
1069967191373545519,2026-05-03,f,,,3,365
1069967191373545519,2026-05-04,f,,,3,365
1069967191373545519,2026-05-05,f,,,3,365
1069967191373545519,2026-05-06,f,,,3,365
1069967191373545519,2026-05-07,f,,,3,365
1069967191373545519,2026-05-08,f,,,3,365
1069967191373545519,2026-05-09,f,,,3,365
1069967191373545519,2026-05-10,f,,,3,365
1069967191373545519,2026-05-11,f,,,3,365
1069967191373545519,2026-05-12,f,,,3,365
1069967191373545519,2026-05-13,f,,,3,365
1069967191373545519,2026-05-14,f,,,3,365
1069967191373545519,2026-05-15,f,,,3,365
1069967191373545519,2026-05-16,f,,,3,365
1069967191373545519,2026-05-17,f,,,3,365
1069967191373545519,2026-05-18,f,,,3,365
1069967191373545519,2026-05-19,f,,,3,365
1069967191373545519,2026-05-20,f,,,3,365
1069967191373545519,2026-05-21,f,,,3,365
1069967191373545519,2026-05-22,f,,,3,365
1069967191373545519,2026-05-23,f,,,3,365
1069967191373545519,2026-05-24,f,,,3,365
1069967191373545519,2026-05-25,f,,,3,365
1069967191373545519,2026-05-26,f,,,3,365
1069967191373545519,2026-05-27,f,,,3,365
1069967191373545519,2026-05-28,f,,,3,365
1069967191373545519,2026-05-29,f,,,3,365
1069967191373545519,2026-05-30,f,,,3,365
1069967191373545519,2026-05-31,f,,,3,365
1069967191373545519,2026-06-01,f,,,3,365
1069967191373545519,2026-06-02,f,,,3,365
1069967191373545519,2026-06-03,f,,,3,365
1069967191373545519,2026-06-04,f,,,3,365
1069967191373545519,2026-06-05,f,,,3,365
1069967191373545519,2026-06-06,f,,,3,365
1069967191373545519,2026-06-07,f,,,3,365
1069967191373545519,2026-06-08,f,,,3,365
1069967191373545519,2026-06-09,f,,,3,365
1069967191373545519,2026-06-10,f,,,3,365
1069967191373545519,2026-06-11,f,,,3,365
1069967191373545519,2026-06-12,f,,,3,365
1069967191373545519,2026-06-13,f,,,3,365
1069967191373545519,2026-06-14,f,,,3,365
1069967191373545519,2026-06-15,f,,,3,365
1069967191373545519,2026-06-16,f,,,3,365
1069967191373545519,2026-06-17,f,,,3,365
1069967191373545519,2026-06-18,f,,,3,365
1069967191373545519,2026-06-19,f,,,3,365
1069967191373545519,2026-06-20,f,,,3,365
1069967191373545519,2026-06-21,f,,,3,365
1069967191373545519,2026-06-22,f,,,3,365
1069967191373545519,2026-06-23,f,,,3,365
1089095245921853492,2025-06-24,f,,,1,365
1089095245921853492,2025-06-25,t,,,1,365
1089095245921853492,2025-06-26,t,,,1,365
1089095245921853492,2025-06-27,t,,,1,365
1089095245921853492,2025-06-28,t,,,1,365
1089095245921853492,2025-06-29,t,,,1,365
1089095245921853492,2025-06-30,t,,,1,365
1089095245921853492,2025-07-01,t,,,1,365
1089095245921853492,2025-07-02,t,,,1,365
1089095245921853492,2025-07-03,t,,,1,365
1089095245921853492,2025-07-04,t,,,1,365
1089095245921853492,2025-07-05,t,,,1,365
1089095245921853492,2025-07-06,t,,,1,365
1089095245921853492,2025-07-07,t,,,1,365
1089095245921853492,2025-07-08,t,,,1,365
1089095245921853492,2025-07-09,t,,,1,365
1089095245921853492,2025-07-10,t,,,1,365
1089095245921853492,2025-07-11,t,,,1,365
1089095245921853492,2025-07-12,t,,,1,365
1089095245921853492,2025-07-13,t,,,1,365
1089095245921853492,2025-07-14,t,,,1,365
1089095245921853492,2025-07-15,t,,,1,365
1089095245921853492,2025-07-16,t,,,1,365
1089095245921853492,2025-07-17,t,,,1,365
1089095245921853492,2025-07-18,t,,,1,365
1089095245921853492,2025-07-19,t,,,1,365
1089095245921853492,2025-07-20,t,,,1,365
1089095245921853492,2025-07-21,t,,,1,365
1089095245921853492,2025-07-22,t,,,1,365
1089095245921853492,2025-07-23,t,,,1,365
1089095245921853492,2025-07-24,t,,,1,365
1089095245921853492,2025-07-25,t,,,1,365
1089095245921853492,2025-07-26,t,,,1,365
1089095245921853492,2025-07-27,t,,,1,365
1089095245921853492,2025-07-28,t,,,1,365
1089095245921853492,2025-07-29,t,,,1,365
1089095245921853492,2025-07-30,t,,,1,365
1089095245921853492,2025-07-31,t,,,1,365
1089095245921853492,2025-08-01,t,,,1,365
1089095245921853492,2025-08-02,t,,,1,365
1089095245921853492,2025-08-03,t,,,1,365
1089095245921853492,2025-08-04,t,,,1,365
1089095245921853492,2025-08-05,t,,,1,365
1089095245921853492,2025-08-06,t,,,1,365
1089095245921853492,2025-08-07,t,,,1,365
1089095245921853492,2025-08-08,t,,,1,365
1089095245921853492,2025-08-09,t,,,1,365
1089095245921853492,2025-08-10,t,,,1,365
1089095245921853492,2025-08-11,t,,,1,365
1089095245921853492,2025-08-12,t,,,1,365
1089095245921853492,2025-08-13,t,,,1,365
1089095245921853492,2025-08-14,t,,,1,365
1089095245921853492,2025-08-15,t,,,1,365
1089095245921853492,2025-08-16,t,,,1,365
1089095245921853492,2025-08-17,t,,,1,365
1089095245921853492,2025-08-18,t,,,1,365
1089095245921853492,2025-08-19,t,,,1,365
1089095245921853492,2025-08-20,t,,,1,365
1089095245921853492,2025-08-21,t,,,1,365
1089095245921853492,2025-08-22,t,,,1,365
1089095245921853492,2025-08-23,t,,,1,365
1089095245921853492,2025-08-24,t,,,1,365
1089095245921853492,2025-08-25,t,,,1,365
1089095245921853492,2025-08-26,t,,,1,365
1089095245921853492,2025-08-27,t,,,1,365
1089095245921853492,2025-08-28,t,,,1,365
1089095245921853492,2025-08-29,t,,,1,365
1089095245921853492,2025-08-30,t,,,1,365
1089095245921853492,2025-08-31,t,,,1,365
1089095245921853492,2025-09-01,t,,,1,365
1089095245921853492,2025-09-02,t,,,1,365
1089095245921853492,2025-09-03,t,,,1,365
1089095245921853492,2025-09-04,t,,,1,365
1089095245921853492,2025-09-05,t,,,1,365
1089095245921853492,2025-09-06,t,,,1,365
1089095245921853492,2025-09-07,t,,,1,365
1089095245921853492,2025-09-08,t,,,1,365
1089095245921853492,2025-09-09,t,,,1,365
1089095245921853492,2025-09-10,t,,,1,365
1089095245921853492,2025-09-11,t,,,1,365
1089095245921853492,2025-09-12,t,,,1,365
1089095245921853492,2025-09-13,t,,,1,365
1089095245921853492,2025-09-14,t,,,1,365
1089095245921853492,2025-09-15,t,,,1,365
1089095245921853492,2025-09-16,t,,,1,365
1089095245921853492,2025-09-17,t,,,1,365
1089095245921853492,2025-09-18,t,,,1,365
1089095245921853492,2025-09-19,t,,,1,365
1089095245921853492,2025-09-20,t,,,1,365
1089095245921853492,2025-09-21,t,,,1,365
1089095245921853492,2025-09-22,t,,,1,365
1089095245921853492,2025-09-23,t,,,1,365
1089095245921853492,2025-09-24,t,,,1,365
1089095245921853492,2025-09-25,t,,,1,365
1089095245921853492,2025-09-26,t,,,1,365
1089095245921853492,2025-09-27,t,,,1,365
1089095245921853492,2025-09-28,t,,,1,365
1089095245921853492,2025-09-29,t,,,1,365
1089095245921853492,2025-09-30,t,,,1,365
1089095245921853492,2025-10-01,t,,,1,365
1089095245921853492,2025-10-02,t,,,1,365
1089095245921853492,2025-10-03,t,,,1,365
1089095245921853492,2025-10-04,t,,,1,365
1089095245921853492,2025-10-05,t,,,1,365
1089095245921853492,2025-10-06,t,,,1,365
1089095245921853492,2025-10-07,t,,,1,365
1089095245921853492,2025-10-08,t,,,1,365
1089095245921853492,2025-10-09,t,,,1,365
1089095245921853492,2025-10-10,t,,,1,365
1089095245921853492,2025-10-11,t,,,1,365
1089095245921853492,2025-10-12,t,,,1,365
1089095245921853492,2025-10-13,t,,,1,365
1089095245921853492,2025-10-14,t,,,1,365
1089095245921853492,2025-10-15,t,,,1,365
1089095245921853492,2025-10-16,t,,,1,365
1089095245921853492,2025-10-17,t,,,1,365
1089095245921853492,2025-10-18,t,,,1,365
1089095245921853492,2025-10-19,t,,,1,365
1089095245921853492,2025-10-20,t,,,1,365
1089095245921853492,2025-10-21,t,,,1,365
1089095245921853492,2025-10-22,t,,,1,365
1089095245921853492,2025-10-23,t,,,1,365
1089095245921853492,2025-10-24,t,,,1,365
1089095245921853492,2025-10-25,t,,,1,365
1089095245921853492,2025-10-26,t,,,1,365
1089095245921853492,2025-10-27,t,,,1,365
1089095245921853492,2025-10-28,t,,,1,365
1089095245921853492,2025-10-29,t,,,1,365
1089095245921853492,2025-10-30,t,,,1,365
1089095245921853492,2025-10-31,t,,,1,365
1089095245921853492,2025-11-01,f,,,1,365
1089095245921853492,2025-11-02,f,,,1,365
1089095245921853492,2025-11-03,f,,,1,365
1089095245921853492,2025-11-04,f,,,1,365
1089095245921853492,2025-11-05,f,,,1,365
1089095245921853492,2025-11-06,f,,,1,365
1089095245921853492,2025-11-07,f,,,1,365
1089095245921853492,2025-11-08,f,,,1,365
1089095245921853492,2025-11-09,f,,,1,365
1089095245921853492,2025-11-10,f,,,1,365
1089095245921853492,2025-11-11,f,,,1,365
1089095245921853492,2025-11-12,f,,,1,365
1089095245921853492,2025-11-13,f,,,1,365
1089095245921853492,2025-11-14,f,,,1,365
1089095245921853492,2025-11-15,f,,,1,365
1089095245921853492,2025-11-16,f,,,1,365
1089095245921853492,2025-11-17,f,,,1,365
1089095245921853492,2025-11-18,f,,,1,365
1089095245921853492,2025-11-19,f,,,1,365
1089095245921853492,2025-11-20,f,,,1,365
1089095245921853492,2025-11-21,f,,,1,365
1089095245921853492,2025-11-22,f,,,1,365
1089095245921853492,2025-11-23,f,,,1,365
1089095245921853492,2025-11-24,f,,,1,365
1089095245921853492,2025-11-25,f,,,1,365
1089095245921853492,2025-11-26,f,,,1,365
1089095245921853492,2025-11-27,f,,,1,365
1089095245921853492,2025-11-28,f,,,1,365
1089095245921853492,2025-11-29,f,,,1,365
1089095245921853492,2025-11-30,f,,,1,365
1089095245921853492,2025-12-01,f,,,1,365
1089095245921853492,2025-12-02,f,,,1,365
1089095245921853492,2025-12-03,f,,,1,365
1089095245921853492,2025-12-04,f,,,1,365
1089095245921853492,2025-12-05,f,,,1,365
1089095245921853492,2025-12-06,f,,,1,365
1089095245921853492,2025-12-07,f,,,1,365
1089095245921853492,2025-12-08,f,,,1,365
1089095245921853492,2025-12-09,f,,,1,365
1089095245921853492,2025-12-10,f,,,1,365
1089095245921853492,2025-12-11,f,,,1,365
1089095245921853492,2025-12-12,f,,,1,365
1089095245921853492,2025-12-13,f,,,1,365
1089095245921853492,2025-12-14,f,,,1,365
1089095245921853492,2025-12-15,f,,,1,365
1089095245921853492,2025-12-16,f,,,1,365
1089095245921853492,2025-12-17,f,,,1,365
1089095245921853492,2025-12-18,f,,,1,365
1089095245921853492,2025-12-19,f,,,1,365
1089095245921853492,2025-12-20,f,,,1,365
1089095245921853492,2025-12-21,f,,,1,365
1089095245921853492,2025-12-22,f,,,1,365
1089095245921853492,2025-12-23,f,,,1,365
1089095245921853492,2025-12-24,f,,,1,365
1089095245921853492,2025-12-25,f,,,1,365
1089095245921853492,2025-12-26,f,,,1,365
1089095245921853492,2025-12-27,f,,,1,365
1089095245921853492,2025-12-28,f,,,1,365
1089095245921853492,2025-12-29,f,,,1,365
1089095245921853492,2025-12-30,f,,,1,365
1089095245921853492,2025-12-31,f,,,1,365
1089095245921853492,2026-01-01,f,,,1,365
1089095245921853492,2026-01-02,f,,,1,365
1089095245921853492,2026-01-03,f,,,1,365
1089095245921853492,2026-01-04,f,,,1,365
1089095245921853492,2026-01-05,f,,,1,365
1089095245921853492,2026-01-06,f,,,1,365
1089095245921853492,2026-01-07,f,,,1,365
1089095245921853492,2026-01-08,f,,,1,365
1089095245921853492,2026-01-09,f,,,1,365
1089095245921853492,2026-01-10,f,,,1,365
1089095245921853492,2026-01-11,f,,,1,365
1089095245921853492,2026-01-12,f,,,1,365
1089095245921853492,2026-01-13,f,,,1,365
1089095245921853492,2026-01-14,f,,,1,365
1089095245921853492,2026-01-15,f,,,1,365
1089095245921853492,2026-01-16,f,,,1,365
1089095245921853492,2026-01-17,f,,,1,365
1089095245921853492,2026-01-18,f,,,1,365
1089095245921853492,2026-01-19,f,,,1,365
1089095245921853492,2026-01-20,f,,,1,365
1089095245921853492,2026-01-21,f,,,1,365
1089095245921853492,2026-01-22,f,,,1,365
1089095245921853492,2026-01-23,f,,,1,365
1089095245921853492,2026-01-24,f,,,1,365
1089095245921853492,2026-01-25,f,,,1,365
1089095245921853492,2026-01-26,f,,,1,365
1089095245921853492,2026-01-27,f,,,1,365
1089095245921853492,2026-01-28,f,,,1,365
1089095245921853492,2026-01-29,f,,,1,365
1089095245921853492,2026-01-30,f,,,1,365
1089095245921853492,2026-01-31,f,,,1,365
1089095245921853492,2026-02-01,f,,,1,365
1089095245921853492,2026-02-02,f,,,1,365
1089095245921853492,2026-02-03,f,,,1,365
1089095245921853492,2026-02-04,f,,,1,365
1089095245921853492,2026-02-05,f,,,1,365
1089095245921853492,2026-02-06,f,,,1,365
1089095245921853492,2026-02-07,f,,,1,365
1089095245921853492,2026-02-08,f,,,1,365
1089095245921853492,2026-02-09,f,,,1,365
1089095245921853492,2026-02-10,f,,,1,365
1089095245921853492,2026-02-11,f,,,1,365
1089095245921853492,2026-02-12,f,,,1,365
1089095245921853492,2026-02-13,f,,,1,365
1089095245921853492,2026-02-14,f,,,1,365
1089095245921853492,2026-02-15,f,,,1,365
1089095245921853492,2026-02-16,f,,,1,365
1089095245921853492,2026-02-17,f,,,1,365
1089095245921853492,2026-02-18,f,,,1,365
1089095245921853492,2026-02-19,f,,,1,365
1089095245921853492,2026-02-20,f,,,1,365
1089095245921853492,2026-02-21,f,,,1,365
1089095245921853492,2026-02-22,f,,,1,365
1089095245921853492,2026-02-23,f,,,1,365
1089095245921853492,2026-02-24,f,,,1,365
1089095245921853492,2026-02-25,f,,,1,365
1089095245921853492,2026-02-26,f,,,1,365
1089095245921853492,2026-02-27,f,,,1,365
1089095245921853492,2026-02-28,f,,,1,365
1089095245921853492,2026-03-01,f,,,1,365
1089095245921853492,2026-03-02,f,,,1,365
1089095245921853492,2026-03-03,f,,,1,365
1089095245921853492,2026-03-04,f,,,1,365
1089095245921853492,2026-03-05,f,,,1,365
1089095245921853492,2026-03-06,f,,,1,365
1089095245921853492,2026-03-07,f,,,1,365
1089095245921853492,2026-03-08,f,,,1,365
1089095245921853492,2026-03-09,f,,,1,365
1089095245921853492,2026-03-10,f,,,1,365
1089095245921853492,2026-03-11,f,,,1,365
1089095245921853492,2026-03-12,f,,,1,365
1089095245921853492,2026-03-13,f,,,1,365
1089095245921853492,2026-03-14,f,,,1,365
1089095245921853492,2026-03-15,f,,,1,365
1089095245921853492,2026-03-16,f,,,1,365
1089095245921853492,2026-03-17,f,,,1,365
1089095245921853492,2026-03-18,f,,,1,365
1089095245921853492,2026-03-19,f,,,1,365
1089095245921853492,2026-03-20,f,,,1,365
1089095245921853492,2026-03-21,f,,,1,365
1089095245921853492,2026-03-22,f,,,1,365
1089095245921853492,2026-03-23,f,,,1,365
1089095245921853492,2026-03-24,f,,,1,365
1089095245921853492,2026-03-25,f,,,1,365
1089095245921853492,2026-03-26,f,,,1,365
1089095245921853492,2026-03-27,f,,,1,365
1089095245921853492,2026-03-28,f,,,1,365
1089095245921853492,2026-03-29,f,,,1,365
1089095245921853492,2026-03-30,f,,,1,365
1089095245921853492,2026-03-31,f,,,1,365
1089095245921853492,2026-04-01,f,,,1,365
1089095245921853492,2026-04-02,f,,,1,365
1089095245921853492,2026-04-03,f,,,1,365
1089095245921853492,2026-04-04,f,,,1,365
1089095245921853492,2026-04-05,f,,,1,365
1089095245921853492,2026-04-06,f,,,1,365
1089095245921853492,2026-04-07,f,,,1,365
1089095245921853492,2026-04-08,f,,,1,365
1089095245921853492,2026-04-09,f,,,1,365
1089095245921853492,2026-04-10,f,,,1,365
1089095245921853492,2026-04-11,f,,,1,365
1089095245921853492,2026-04-12,f,,,1,365
1089095245921853492,2026-04-13,f,,,1,365
1089095245921853492,2026-04-14,f,,,1,365
1089095245921853492,2026-04-15,f,,,1,365
1089095245921853492,2026-04-16,f,,,1,365
1089095245921853492,2026-04-17,f,,,1,365
1089095245921853492,2026-04-18,f,,,1,365
1089095245921853492,2026-04-19,f,,,1,365
1089095245921853492,2026-04-20,f,,,1,365
1089095245921853492,2026-04-21,f,,,1,365
1089095245921853492,2026-04-22,f,,,1,365
1089095245921853492,2026-04-23,f,,,1,365
1089095245921853492,2026-04-24,f,,,1,365
1089095245921853492,2026-04-25,f,,,1,365
1089095245921853492,2026-04-26,f,,,1,365
1089095245921853492,2026-04-27,f,,,1,365
1089095245921853492,2026-04-28,f,,,1,365
1089095245921853492,2026-04-29,f,,,1,365
1089095245921853492,2026-04-30,f,,,1,365
1089095245921853492,2026-05-01,f,,,1,365
1089095245921853492,2026-05-02,f,,,1,365
1089095245921853492,2026-05-03,f,,,1,365
1089095245921853492,2026-05-04,f,,,1,365
1089095245921853492,2026-05-05,f,,,1,365
1089095245921853492,2026-05-06,f,,,1,365
1089095245921853492,2026-05-07,f,,,1,365
1089095245921853492,2026-05-08,f,,,1,365
1089095245921853492,2026-05-09,f,,,1,365
1089095245921853492,2026-05-10,f,,,1,365
1089095245921853492,2026-05-11,f,,,1,365
1089095245921853492,2026-05-12,f,,,1,365
1089095245921853492,2026-05-13,f,,,1,365
1089095245921853492,2026-05-14,f,,,1,365
1089095245921853492,2026-05-15,f,,,1,365
1089095245921853492,2026-05-16,f,,,1,365
1089095245921853492,2026-05-17,f,,,1,365
1089095245921853492,2026-05-18,f,,,1,365
1089095245921853492,2026-05-19,f,,,1,365
1089095245921853492,2026-05-20,f,,,1,365
1089095245921853492,2026-05-21,f,,,1,365
1089095245921853492,2026-05-22,f,,,1,365
1089095245921853492,2026-05-23,f,,,1,365
1089095245921853492,2026-05-24,f,,,1,365
1089095245921853492,2026-05-25,f,,,1,365
1089095245921853492,2026-05-26,f,,,1,365
1089095245921853492,2026-05-27,f,,,1,365
1089095245921853492,2026-05-28,f,,,1,365
1089095245921853492,2026-05-29,f,,,1,365
1089095245921853492,2026-05-30,f,,,1,365
1089095245921853492,2026-05-31,f,,,1,365
1089095245921853492,2026-06-01,f,,,1,365
1089095245921853492,2026-06-02,f,,,1,365
1089095245921853492,2026-06-03,f,,,1,365
1089095245921853492,2026-06-04,f,,,1,365
1089095245921853492,2026-06-05,f,,,1,365
1089095245921853492,2026-06-06,f,,,1,365
1089095245921853492,2026-06-07,f,,,1,365
1089095245921853492,2026-06-08,f,,,1,365
1089095245921853492,2026-06-09,f,,,1,365
1089095245921853492,2026-06-10,f,,,1,365
1089095245921853492,2026-06-11,f,,,1,365
1089095245921853492,2026-06-12,f,,,1,365
1089095245921853492,2026-06-13,f,,,1,365
1089095245921853492,2026-06-14,f,,,1,365
1089095245921853492,2026-06-15,f,,,1,365
1089095245921853492,2026-06-16,f,,,1,365
1089095245921853492,2026-06-17,f,,,1,365
1089095245921853492,2026-06-18,f,,,1,365
1089095245921853492,2026-06-19,f,,,1,365
1089095245921853492,2026-06-20,f,,,1,365
1089095245921853492,2026-06-21,f,,,1,365
1089095245921853492,2026-06-22,f,,,1,365
1089095245921853492,2026-06-23,f,,,1,365
1111366728842920120,2025-06-24,f,,,1,365
1111366728842920120,2025-06-25,f,,,1,365
1111366728842920120,2025-06-26,t,,,1,365
1111366728842920120,2025-06-27,t,,,1,365
1111366728842920120,2025-06-28,t,,,1,365
1111366728842920120,2025-06-29,t,,,1,365
1111366728842920120,2025-06-30,t,,,1,365
1111366728842920120,2025-07-01,t,,,1,365
1111366728842920120,2025-07-02,t,,,1,365
1111366728842920120,2025-07-03,t,,,1,365
1111366728842920120,2025-07-04,t,,,1,365
1111366728842920120,2025-07-05,t,,,1,365
1111366728842920120,2025-07-06,t,,,1,365
1111366728842920120,2025-07-07,t,,,1,365
1111366728842920120,2025-07-08,t,,,1,365
1111366728842920120,2025-07-09,t,,,1,365
1111366728842920120,2025-07-10,t,,,1,365
1111366728842920120,2025-07-11,t,,,1,365
1111366728842920120,2025-07-12,t,,,1,365
1111366728842920120,2025-07-13,t,,,1,365
1111366728842920120,2025-07-14,t,,,1,365
1111366728842920120,2025-07-15,t,,,1,365
1111366728842920120,2025-07-16,t,,,1,365
1111366728842920120,2025-07-17,t,,,1,365
1111366728842920120,2025-07-18,t,,,1,365
1111366728842920120,2025-07-19,t,,,1,365
1111366728842920120,2025-07-20,t,,,1,365
1111366728842920120,2025-07-21,t,,,1,365
1111366728842920120,2025-07-22,t,,,1,365
1111366728842920120,2025-07-23,t,,,1,365
1111366728842920120,2025-07-24,t,,,1,365
1111366728842920120,2025-07-25,t,,,1,365
1111366728842920120,2025-07-26,t,,,1,365
1111366728842920120,2025-07-27,t,,,1,365
1111366728842920120,2025-07-28,t,,,1,365
1111366728842920120,2025-07-29,t,,,1,365
1111366728842920120,2025-07-30,t,,,1,365
1111366728842920120,2025-07-31,t,,,1,365
1111366728842920120,2025-08-01,t,,,1,365
1111366728842920120,2025-08-02,t,,,1,365
1111366728842920120,2025-08-03,t,,,1,365
1111366728842920120,2025-08-04,t,,,1,365
1111366728842920120,2025-08-05,t,,,1,365
1111366728842920120,2025-08-06,t,,,1,365
1111366728842920120,2025-08-07,t,,,1,365
1111366728842920120,2025-08-08,t,,,1,365
1111366728842920120,2025-08-09,t,,,1,365
1111366728842920120,2025-08-10,t,,,1,365
1111366728842920120,2025-08-11,t,,,1,365
1111366728842920120,2025-08-12,t,,,1,365
1111366728842920120,2025-08-13,t,,,1,365
1111366728842920120,2025-08-14,t,,,1,365
1111366728842920120,2025-08-15,t,,,1,365
1111366728842920120,2025-08-16,t,,,1,365
1111366728842920120,2025-08-17,t,,,1,365
1111366728842920120,2025-08-18,t,,,1,365
1111366728842920120,2025-08-19,t,,,1,365
1111366728842920120,2025-08-20,t,,,1,365
1111366728842920120,2025-08-21,t,,,1,365
1111366728842920120,2025-08-22,t,,,1,365
1111366728842920120,2025-08-23,t,,,1,365
1111366728842920120,2025-08-24,t,,,1,365
1111366728842920120,2025-08-25,t,,,1,365
1111366728842920120,2025-08-26,t,,,1,365
1111366728842920120,2025-08-27,t,,,1,365
1111366728842920120,2025-08-28,t,,,1,365
1111366728842920120,2025-08-29,t,,,1,365
1111366728842920120,2025-08-30,t,,,1,365
1111366728842920120,2025-08-31,t,,,1,365
1111366728842920120,2025-09-01,t,,,1,365
1111366728842920120,2025-09-02,t,,,1,365
1111366728842920120,2025-09-03,t,,,1,365
1111366728842920120,2025-09-04,t,,,1,365
1111366728842920120,2025-09-05,t,,,1,365
1111366728842920120,2025-09-06,t,,,1,365
1111366728842920120,2025-09-07,t,,,1,365
1111366728842920120,2025-09-08,t,,,1,365
1111366728842920120,2025-09-09,t,,,1,365
1111366728842920120,2025-09-10,t,,,1,365
1111366728842920120,2025-09-11,t,,,1,365
1111366728842920120,2025-09-12,t,,,1,365
1111366728842920120,2025-09-13,t,,,1,365
1111366728842920120,2025-09-14,t,,,1,365
1111366728842920120,2025-09-15,t,,,1,365
1111366728842920120,2025-09-16,t,,,1,365
1111366728842920120,2025-09-17,t,,,1,365
1111366728842920120,2025-09-18,t,,,1,365
1111366728842920120,2025-09-19,t,,,1,365
1111366728842920120,2025-09-20,t,,,1,365
1111366728842920120,2025-09-21,t,,,1,365
1111366728842920120,2025-09-22,t,,,1,365
1111366728842920120,2025-09-23,t,,,1,365
1111366728842920120,2025-09-24,t,,,1,365
1111366728842920120,2025-09-25,t,,,1,365
1111366728842920120,2025-09-26,t,,,1,365
1111366728842920120,2025-09-27,t,,,1,365
1111366728842920120,2025-09-28,t,,,1,365
1111366728842920120,2025-09-29,t,,,1,365
1111366728842920120,2025-09-30,t,,,1,365
1111366728842920120,2025-10-01,t,,,1,365
1111366728842920120,2025-10-02,t,,,1,365
1111366728842920120,2025-10-03,t,,,1,365
1111366728842920120,2025-10-04,t,,,1,365
1111366728842920120,2025-10-05,t,,,1,365
1111366728842920120,2025-10-06,t,,,1,365
1111366728842920120,2025-10-07,t,,,1,365
1111366728842920120,2025-10-08,t,,,1,365
1111366728842920120,2025-10-09,t,,,1,365
1111366728842920120,2025-10-10,t,,,1,365
1111366728842920120,2025-10-11,t,,,1,365
1111366728842920120,2025-10-12,t,,,1,365
1111366728842920120,2025-10-13,t,,,1,365
1111366728842920120,2025-10-14,t,,,1,365
1111366728842920120,2025-10-15,t,,,1,365
1111366728842920120,2025-10-16,t,,,1,365
1111366728842920120,2025-10-17,t,,,1,365
1111366728842920120,2025-10-18,t,,,1,365
1111366728842920120,2025-10-19,t,,,1,365
1111366728842920120,2025-10-20,t,,,1,365
1111366728842920120,2025-10-21,t,,,1,365
1111366728842920120,2025-10-22,t,,,1,365
1111366728842920120,2025-10-23,t,,,1,365
1111366728842920120,2025-10-24,t,,,1,365
1111366728842920120,2025-10-25,t,,,1,365
1111366728842920120,2025-10-26,t,,,1,365
1111366728842920120,2025-10-27,t,,,1,365
1111366728842920120,2025-10-28,t,,,1,365
1111366728842920120,2025-10-29,t,,,1,365
1111366728842920120,2025-10-30,t,,,1,365
1111366728842920120,2025-10-31,t,,,1,365
1111366728842920120,2025-11-01,t,,,1,365
1111366728842920120,2025-11-02,t,,,1,365
1111366728842920120,2025-11-03,t,,,1,365
1111366728842920120,2025-11-04,t,,,1,365
1111366728842920120,2025-11-05,t,,,1,365
1111366728842920120,2025-11-06,t,,,1,365
1111366728842920120,2025-11-07,t,,,1,365
1111366728842920120,2025-11-08,t,,,1,365
1111366728842920120,2025-11-09,t,,,1,365
1111366728842920120,2025-11-10,t,,,1,365
1111366728842920120,2025-11-11,t,,,1,365
1111366728842920120,2025-11-12,t,,,1,365
1111366728842920120,2025-11-13,t,,,1,365
1111366728842920120,2025-11-14,t,,,1,365
1111366728842920120,2025-11-15,t,,,1,365
1111366728842920120,2025-11-16,t,,,1,365
1111366728842920120,2025-11-17,t,,,1,365
1111366728842920120,2025-11-18,t,,,1,365
1111366728842920120,2025-11-19,t,,,1,365
1111366728842920120,2025-11-20,t,,,1,365
1111366728842920120,2025-11-21,t,,,1,365
1111366728842920120,2025-11-22,t,,,1,365
1111366728842920120,2025-11-23,t,,,1,365
1111366728842920120,2025-11-24,t,,,1,365
1111366728842920120,2025-11-25,t,,,1,365
1111366728842920120,2025-11-26,t,,,1,365
1111366728842920120,2025-11-27,t,,,1,365
1111366728842920120,2025-11-28,t,,,1,365
1111366728842920120,2025-11-29,t,,,1,365
1111366728842920120,2025-11-30,t,,,1,365
1111366728842920120,2025-12-01,t,,,1,365
1111366728842920120,2025-12-02,t,,,1,365
1111366728842920120,2025-12-03,t,,,1,365
1111366728842920120,2025-12-04,t,,,1,365
1111366728842920120,2025-12-05,t,,,1,365
1111366728842920120,2025-12-06,t,,,1,365
1111366728842920120,2025-12-07,t,,,1,365
1111366728842920120,2025-12-08,t,,,1,365
1111366728842920120,2025-12-09,t,,,1,365
1111366728842920120,2025-12-10,t,,,1,365
1111366728842920120,2025-12-11,t,,,1,365
1111366728842920120,2025-12-12,t,,,1,365
1111366728842920120,2025-12-13,t,,,1,365
1111366728842920120,2025-12-14,t,,,1,365
1111366728842920120,2025-12-15,t,,,1,365
1111366728842920120,2025-12-16,t,,,1,365
1111366728842920120,2025-12-17,t,,,1,365
1111366728842920120,2025-12-18,t,,,1,365
1111366728842920120,2025-12-19,t,,,1,365
1111366728842920120,2025-12-20,t,,,1,365
1111366728842920120,2025-12-21,t,,,1,365
1111366728842920120,2025-12-22,t,,,1,365
1111366728842920120,2025-12-23,t,,,1,365
1111366728842920120,2025-12-24,t,,,1,365
1111366728842920120,2025-12-25,t,,,1,365
1111366728842920120,2025-12-26,t,,,1,365
1111366728842920120,2025-12-27,t,,,1,365
1111366728842920120,2025-12-28,t,,,1,365
1111366728842920120,2025-12-29,t,,,1,365
1111366728842920120,2025-12-30,t,,,1,365
1111366728842920120,2025-12-31,t,,,1,365
1111366728842920120,2026-01-01,t,,,1,365
1111366728842920120,2026-01-02,t,,,1,365
1111366728842920120,2026-01-03,t,,,1,365
1111366728842920120,2026-01-04,t,,,1,365
1111366728842920120,2026-01-05,t,,,1,365
1111366728842920120,2026-01-06,t,,,1,365
1111366728842920120,2026-01-07,t,,,1,365
1111366728842920120,2026-01-08,t,,,1,365
1111366728842920120,2026-01-09,t,,,1,365
1111366728842920120,2026-01-10,t,,,1,365
1111366728842920120,2026-01-11,t,,,1,365
1111366728842920120,2026-01-12,t,,,1,365
1111366728842920120,2026-01-13,t,,,1,365
1111366728842920120,2026-01-14,t,,,1,365
1111366728842920120,2026-01-15,t,,,1,365
1111366728842920120,2026-01-16,t,,,1,365
1111366728842920120,2026-01-17,t,,,1,365
1111366728842920120,2026-01-18,t,,,1,365
1111366728842920120,2026-01-19,t,,,1,365
1111366728842920120,2026-01-20,t,,,1,365
1111366728842920120,2026-01-21,t,,,1,365
1111366728842920120,2026-01-22,t,,,1,365
1111366728842920120,2026-01-23,t,,,1,365
1111366728842920120,2026-01-24,t,,,1,365
1111366728842920120,2026-01-25,t,,,1,365
1111366728842920120,2026-01-26,t,,,1,365
1111366728842920120,2026-01-27,t,,,1,365
1111366728842920120,2026-01-28,t,,,1,365
1111366728842920120,2026-01-29,t,,,1,365
1111366728842920120,2026-01-30,t,,,1,365
1111366728842920120,2026-01-31,t,,,1,365
1111366728842920120,2026-02-01,t,,,1,365
1111366728842920120,2026-02-02,t,,,1,365
1111366728842920120,2026-02-03,t,,,1,365
1111366728842920120,2026-02-04,t,,,1,365
1111366728842920120,2026-02-05,t,,,1,365
1111366728842920120,2026-02-06,t,,,1,365
1111366728842920120,2026-02-07,t,,,1,365
1111366728842920120,2026-02-08,t,,,1,365
1111366728842920120,2026-02-09,t,,,1,365
1111366728842920120,2026-02-10,t,,,1,365
1111366728842920120,2026-02-11,t,,,1,365
1111366728842920120,2026-02-12,t,,,1,365
1111366728842920120,2026-02-13,t,,,1,365
1111366728842920120,2026-02-14,t,,,1,365
1111366728842920120,2026-02-15,t,,,1,365
1111366728842920120,2026-02-16,t,,,1,365
1111366728842920120,2026-02-17,t,,,1,365
1111366728842920120,2026-02-18,t,,,1,365
1111366728842920120,2026-02-19,t,,,1,365
1111366728842920120,2026-02-20,t,,,1,365
1111366728842920120,2026-02-21,t,,,1,365
1111366728842920120,2026-02-22,t,,,1,365
1111366728842920120,2026-02-23,t,,,1,365
1111366728842920120,2026-02-24,t,,,1,365
1111366728842920120,2026-02-25,t,,,1,365
1111366728842920120,2026-02-26,t,,,1,365
1111366728842920120,2026-02-27,t,,,1,365
1111366728842920120,2026-02-28,t,,,1,365
1111366728842920120,2026-03-01,t,,,1,365
1111366728842920120,2026-03-02,t,,,1,365
1111366728842920120,2026-03-03,t,,,1,365
1111366728842920120,2026-03-04,t,,,1,365
1111366728842920120,2026-03-05,t,,,1,365
1111366728842920120,2026-03-06,t,,,1,365
1111366728842920120,2026-03-07,t,,,1,365
1111366728842920120,2026-03-08,t,,,1,365
1111366728842920120,2026-03-09,t,,,1,365
1111366728842920120,2026-03-10,t,,,1,365
1111366728842920120,2026-03-11,t,,,1,365
1111366728842920120,2026-03-12,t,,,1,365
1111366728842920120,2026-03-13,t,,,1,365
1111366728842920120,2026-03-14,t,,,1,365
1111366728842920120,2026-03-15,t,,,1,365
1111366728842920120,2026-03-16,t,,,1,365
1111366728842920120,2026-03-17,t,,,1,365
1111366728842920120,2026-03-18,t,,,1,365
1111366728842920120,2026-03-19,t,,,1,365
1111366728842920120,2026-03-20,t,,,1,365
1111366728842920120,2026-03-21,t,,,1,365
1111366728842920120,2026-03-22,f,,,1,365
1111366728842920120,2026-03-23,f,,,1,365
1111366728842920120,2026-03-24,f,,,1,365
1111366728842920120,2026-03-25,f,,,1,365
1111366728842920120,2026-03-26,f,,,1,365
1111366728842920120,2026-03-27,f,,,1,365
1111366728842920120,2026-03-28,f,,,1,365
1111366728842920120,2026-03-29,f,,,1,365
1111366728842920120,2026-03-30,f,,,1,365
1111366728842920120,2026-03-31,f,,,1,365
1111366728842920120,2026-04-01,f,,,1,365
1111366728842920120,2026-04-02,f,,,1,365
1111366728842920120,2026-04-03,f,,,1,365
1111366728842920120,2026-04-04,f,,,1,365
1111366728842920120,2026-04-05,f,,,1,365
1111366728842920120,2026-04-06,f,,,1,365
1111366728842920120,2026-04-07,f,,,1,365
1111366728842920120,2026-04-08,f,,,1,365
1111366728842920120,2026-04-09,f,,,1,365
1111366728842920120,2026-04-10,f,,,1,365
1111366728842920120,2026-04-11,f,,,1,365
1111366728842920120,2026-04-12,f,,,1,365
1111366728842920120,2026-04-13,f,,,1,365
1111366728842920120,2026-04-14,f,,,1,365
1111366728842920120,2026-04-15,f,,,1,365
1111366728842920120,2026-04-16,f,,,1,365
1111366728842920120,2026-04-17,f,,,1,365
1111366728842920120,2026-04-18,f,,,1,365
1111366728842920120,2026-04-19,f,,,1,365
1111366728842920120,2026-04-20,f,,,1,365
1111366728842920120,2026-04-21,f,,,1,365
1111366728842920120,2026-04-22,f,,,1,365
1111366728842920120,2026-04-23,f,,,1,365
1111366728842920120,2026-04-24,f,,,1,365
1111366728842920120,2026-04-25,f,,,1,365
1111366728842920120,2026-04-26,f,,,1,365
1111366728842920120,2026-04-27,f,,,1,365
1111366728842920120,2026-04-28,f,,,1,365
1111366728842920120,2026-04-29,f,,,1,365
1111366728842920120,2026-04-30,f,,,1,365
1111366728842920120,2026-05-01,f,,,1,365
1111366728842920120,2026-05-02,f,,,1,365
1111366728842920120,2026-05-03,f,,,1,365
1111366728842920120,2026-05-04,f,,,1,365
1111366728842920120,2026-05-05,f,,,1,365
1111366728842920120,2026-05-06,f,,,1,365
1111366728842920120,2026-05-07,f,,,1,365
1111366728842920120,2026-05-08,f,,,1,365
1111366728842920120,2026-05-09,f,,,1,365
1111366728842920120,2026-05-10,f,,,1,365
1111366728842920120,2026-05-11,f,,,1,365
1111366728842920120,2026-05-12,f,,,1,365
1111366728842920120,2026-05-13,f,,,1,365
1111366728842920120,2026-05-14,f,,,1,365
1111366728842920120,2026-05-15,f,,,1,365
1111366728842920120,2026-05-16,f,,,1,365
1111366728842920120,2026-05-17,f,,,1,365
1111366728842920120,2026-05-18,f,,,1,365
1111366728842920120,2026-05-19,f,,,1,365
1111366728842920120,2026-05-20,f,,,1,365
1111366728842920120,2026-05-21,f,,,1,365
1111366728842920120,2026-05-22,f,,,1,365
1111366728842920120,2026-05-23,f,,,1,365
1111366728842920120,2026-05-24,f,,,1,365
1111366728842920120,2026-05-25,f,,,1,365
1111366728842920120,2026-05-26,f,,,1,365
1111366728842920120,2026-05-27,f,,,1,365
1111366728842920120,2026-05-28,f,,,1,365
1111366728842920120,2026-05-29,f,,,1,365
1111366728842920120,2026-05-30,f,,,1,365
1111366728842920120,2026-05-31,f,,,1,365
1111366728842920120,2026-06-01,f,,,1,365
1111366728842920120,2026-06-02,f,,,1,365
1111366728842920120,2026-06-03,f,,,1,365
1111366728842920120,2026-06-04,f,,,1,365
1111366728842920120,2026-06-05,f,,,1,365
1111366728842920120,2026-06-06,f,,,1,365
1111366728842920120,2026-06-07,f,,,1,365
1111366728842920120,2026-06-08,f,,,1,365
1111366728842920120,2026-06-09,f,,,1,365
1111366728842920120,2026-06-10,f,,,1,365
1111366728842920120,2026-06-11,f,,,1,365
1111366728842920120,2026-06-12,f,,,1,365
1111366728842920120,2026-06-13,f,,,1,365
1111366728842920120,2026-06-14,f,,,1,365
1111366728842920120,2026-06-15,f,,,1,365
1111366728842920120,2026-06-16,f,,,1,365
1111366728842920120,2026-06-17,f,,,1,365
1111366728842920120,2026-06-18,f,,,1,365
1111366728842920120,2026-06-19,f,,,1,365
1111366728842920120,2026-06-20,f,,,1,365
1111366728842920120,2026-06-21,f,,,1,365
1111366728842920120,2026-06-22,f,,,1,365
1111366728842920120,2026-06-23,f,,,1,365
1130922130728737895,2025-06-24,f,,,1,1125
1130922130728737895,2025-06-25,f,,,1,1125
1130922130728737895,2025-06-26,f,,,1,1125
1130922130728737895,2025-06-27,f,,,1,1125
1130922130728737895,2025-06-28,f,,,1,1125
1130922130728737895,2025-06-29,f,,,1,1125
1130922130728737895,2025-06-30,f,,,1,1125
1130922130728737895,2025-07-01,f,,,1,1125
1130922130728737895,2025-07-02,f,,,1,1125
1130922130728737895,2025-07-03,f,,,1,1125
1130922130728737895,2025-07-04,f,,,1,1125
1130922130728737895,2025-07-05,f,,,1,1125
1130922130728737895,2025-07-06,f,,,1,1125
1130922130728737895,2025-07-07,f,,,1,1125
1130922130728737895,2025-07-08,f,,,1,1125
1130922130728737895,2025-07-09,f,,,1,1125
1130922130728737895,2025-07-10,f,,,1,1125
1130922130728737895,2025-07-11,f,,,1,1125
1130922130728737895,2025-07-12,f,,,1,1125
1130922130728737895,2025-07-13,f,,,1,1125
1130922130728737895,2025-07-14,f,,,1,1125
1130922130728737895,2025-07-15,f,,,1,1125
1130922130728737895,2025-07-16,f,,,1,1125
1130922130728737895,2025-07-17,f,,,1,1125
1130922130728737895,2025-07-18,f,,,1,1125
1130922130728737895,2025-07-19,f,,,1,1125
1130922130728737895,2025-07-20,f,,,1,1125
1130922130728737895,2025-07-21,f,,,1,1125
1130922130728737895,2025-07-22,f,,,1,1125
1130922130728737895,2025-07-23,f,,,1,1125
1130922130728737895,2025-07-24,f,,,1,1125
1130922130728737895,2025-07-25,f,,,1,1125
1130922130728737895,2025-07-26,f,,,1,1125
1130922130728737895,2025-07-27,f,,,1,1125
1130922130728737895,2025-07-28,f,,,1,1125
1130922130728737895,2025-07-29,f,,,1,1125
1130922130728737895,2025-07-30,f,,,1,1125
1130922130728737895,2025-07-31,f,,,1,1125
1130922130728737895,2025-08-01,f,,,1,1125
1130922130728737895,2025-08-02,f,,,1,1125
1130922130728737895,2025-08-03,f,,,1,1125
1130922130728737895,2025-08-04,f,,,1,1125
1130922130728737895,2025-08-05,f,,,1,1125
1130922130728737895,2025-08-06,f,,,1,1125
1130922130728737895,2025-08-07,f,,,1,1125
1130922130728737895,2025-08-08,f,,,1,1125
1130922130728737895,2025-08-09,f,,,1,1125
1130922130728737895,2025-08-10,f,,,1,1125
1130922130728737895,2025-08-11,f,,,1,1125
1130922130728737895,2025-08-12,f,,,1,1125
1130922130728737895,2025-08-13,f,,,1,1125
1130922130728737895,2025-08-14,f,,,1,1125
1130922130728737895,2025-08-15,f,,,1,1125
1130922130728737895,2025-08-16,f,,,1,1125
1130922130728737895,2025-08-17,f,,,1,1125
1130922130728737895,2025-08-18,f,,,1,1125
1130922130728737895,2025-08-19,f,,,1,1125
1130922130728737895,2025-08-20,f,,,1,1125
1130922130728737895,2025-08-21,f,,,1,1125
1130922130728737895,2025-08-22,f,,,1,1125
1130922130728737895,2025-08-23,f,,,1,1125
1130922130728737895,2025-08-24,f,,,1,1125
1130922130728737895,2025-08-25,f,,,1,1125
1130922130728737895,2025-08-26,f,,,1,1125
1130922130728737895,2025-08-27,f,,,1,1125
1130922130728737895,2025-08-28,f,,,1,1125
1130922130728737895,2025-08-29,f,,,1,1125
1130922130728737895,2025-08-30,f,,,1,1125
1130922130728737895,2025-08-31,f,,,1,1125
1130922130728737895,2025-09-01,f,,,1,1125
1130922130728737895,2025-09-02,f,,,1,1125
1130922130728737895,2025-09-03,f,,,1,1125
1130922130728737895,2025-09-04,f,,,1,1125
1130922130728737895,2025-09-05,f,,,1,1125
1130922130728737895,2025-09-06,f,,,1,1125
1130922130728737895,2025-09-07,f,,,1,1125
1130922130728737895,2025-09-08,f,,,1,1125
1130922130728737895,2025-09-09,f,,,1,1125
1130922130728737895,2025-09-10,f,,,1,1125
1130922130728737895,2025-09-11,f,,,1,1125
1130922130728737895,2025-09-12,f,,,1,1125
1130922130728737895,2025-09-13,f,,,1,1125
1130922130728737895,2025-09-14,f,,,1,1125
1130922130728737895,2025-09-15,f,,,1,1125
1130922130728737895,2025-09-16,f,,,1,1125
1130922130728737895,2025-09-17,f,,,1,1125
1130922130728737895,2025-09-18,f,,,1,1125
1130922130728737895,2025-09-19,f,,,1,1125
1130922130728737895,2025-09-20,f,,,1,1125
1130922130728737895,2025-09-21,f,,,1,1125
1130922130728737895,2025-09-22,f,,,1,1125
1130922130728737895,2025-09-23,f,,,1,1125
1130922130728737895,2025-09-24,f,,,1,1125
1130922130728737895,2025-09-25,f,,,1,1125
1130922130728737895,2025-09-26,f,,,1,1125
1130922130728737895,2025-09-27,f,,,1,1125
1130922130728737895,2025-09-28,f,,,1,1125
1130922130728737895,2025-09-29,f,,,1,1125
1130922130728737895,2025-09-30,f,,,1,1125
1130922130728737895,2025-10-01,f,,,1,1125
1130922130728737895,2025-10-02,f,,,1,1125
1130922130728737895,2025-10-03,f,,,1,1125
1130922130728737895,2025-10-04,f,,,1,1125
1130922130728737895,2025-10-05,f,,,1,1125
1130922130728737895,2025-10-06,f,,,1,1125
1130922130728737895,2025-10-07,f,,,1,1125
1130922130728737895,2025-10-08,f,,,1,1125
1130922130728737895,2025-10-09,f,,,1,1125
1130922130728737895,2025-10-10,f,,,1,1125
1130922130728737895,2025-10-11,f,,,1,1125
1130922130728737895,2025-10-12,f,,,1,1125
1130922130728737895,2025-10-13,f,,,1,1125
1130922130728737895,2025-10-14,f,,,1,1125
1130922130728737895,2025-10-15,f,,,1,1125
1130922130728737895,2025-10-16,f,,,1,1125
1130922130728737895,2025-10-17,f,,,1,1125
1130922130728737895,2025-10-18,f,,,1,1125
1130922130728737895,2025-10-19,f,,,1,1125
1130922130728737895,2025-10-20,f,,,1,1125
1130922130728737895,2025-10-21,f,,,1,1125
1130922130728737895,2025-10-22,f,,,1,1125
1130922130728737895,2025-10-23,f,,,1,1125
1130922130728737895,2025-10-24,f,,,1,1125
1130922130728737895,2025-10-25,f,,,1,1125
1130922130728737895,2025-10-26,f,,,1,1125
1130922130728737895,2025-10-27,f,,,1,1125
1130922130728737895,2025-10-28,f,,,1,1125
1130922130728737895,2025-10-29,f,,,1,1125
1130922130728737895,2025-10-30,f,,,1,1125
1130922130728737895,2025-10-31,f,,,1,1125
1130922130728737895,2025-11-01,f,,,1,1125
1130922130728737895,2025-11-02,f,,,1,1125
1130922130728737895,2025-11-03,f,,,1,1125
1130922130728737895,2025-11-04,f,,,1,1125
1130922130728737895,2025-11-05,f,,,1,1125
1130922130728737895,2025-11-06,f,,,1,1125
1130922130728737895,2025-11-07,f,,,1,1125
1130922130728737895,2025-11-08,f,,,1,1125
1130922130728737895,2025-11-09,f,,,1,1125
1130922130728737895,2025-11-10,f,,,1,1125
1130922130728737895,2025-11-11,f,,,1,1125
1130922130728737895,2025-11-12,f,,,1,1125
1130922130728737895,2025-11-13,f,,,1,1125
1130922130728737895,2025-11-14,f,,,1,1125
1130922130728737895,2025-11-15,f,,,1,1125
1130922130728737895,2025-11-16,f,,,1,1125
1130922130728737895,2025-11-17,f,,,1,1125
1130922130728737895,2025-11-18,f,,,1,1125
1130922130728737895,2025-11-19,f,,,1,1125
1130922130728737895,2025-11-20,f,,,1,1125
1130922130728737895,2025-11-21,f,,,1,1125
1130922130728737895,2025-11-22,f,,,1,1125
1130922130728737895,2025-11-23,f,,,1,1125
1130922130728737895,2025-11-24,f,,,1,1125
1130922130728737895,2025-11-25,f,,,1,1125
1130922130728737895,2025-11-26,f,,,1,1125
1130922130728737895,2025-11-27,f,,,1,1125
1130922130728737895,2025-11-28,f,,,1,1125
1130922130728737895,2025-11-29,f,,,1,1125
1130922130728737895,2025-11-30,f,,,1,1125
1130922130728737895,2025-12-01,f,,,1,1125
1130922130728737895,2025-12-02,f,,,1,1125
1130922130728737895,2025-12-03,f,,,1,1125
1130922130728737895,2025-12-04,f,,,1,1125
1130922130728737895,2025-12-05,f,,,1,1125
1130922130728737895,2025-12-06,f,,,1,1125
1130922130728737895,2025-12-07,f,,,1,1125
1130922130728737895,2025-12-08,f,,,1,1125
1130922130728737895,2025-12-09,f,,,1,1125
1130922130728737895,2025-12-10,f,,,1,1125
1130922130728737895,2025-12-11,f,,,1,1125
1130922130728737895,2025-12-12,f,,,1,1125
1130922130728737895,2025-12-13,f,,,1,1125
1130922130728737895,2025-12-14,f,,,1,1125
1130922130728737895,2025-12-15,f,,,1,1125
1130922130728737895,2025-12-16,f,,,1,1125
1130922130728737895,2025-12-17,f,,,1,1125
1130922130728737895,2025-12-18,f,,,1,1125
1130922130728737895,2025-12-19,f,,,1,1125
1130922130728737895,2025-12-20,f,,,1,1125
1130922130728737895,2025-12-21,f,,,1,1125
1130922130728737895,2025-12-22,f,,,1,1125
1130922130728737895,2025-12-23,f,,,1,1125
1130922130728737895,2025-12-24,f,,,1,1125
1130922130728737895,2025-12-25,f,,,1,1125
1130922130728737895,2025-12-26,f,,,1,1125
1130922130728737895,2025-12-27,f,,,1,1125
1130922130728737895,2025-12-28,f,,,1,1125
1130922130728737895,2025-12-29,f,,,1,1125
1130922130728737895,2025-12-30,f,,,1,1125
1130922130728737895,2025-12-31,f,,,1,1125
1130922130728737895,2026-01-01,f,,,1,1125
1130922130728737895,2026-01-02,f,,,1,1125
1130922130728737895,2026-01-03,f,,,1,1125
1130922130728737895,2026-01-04,f,,,1,1125
1130922130728737895,2026-01-05,f,,,1,1125
1130922130728737895,2026-01-06,f,,,1,1125
1130922130728737895,2026-01-07,f,,,1,1125
1130922130728737895,2026-01-08,f,,,1,1125
1130922130728737895,2026-01-09,f,,,1,1125
1130922130728737895,2026-01-10,f,,,1,1125
1130922130728737895,2026-01-11,f,,,1,1125
1130922130728737895,2026-01-12,f,,,1,1125
1130922130728737895,2026-01-13,f,,,1,1125
1130922130728737895,2026-01-14,f,,,1,1125
1130922130728737895,2026-01-15,f,,,1,1125
1130922130728737895,2026-01-16,f,,,1,1125
1130922130728737895,2026-01-17,f,,,1,1125
1130922130728737895,2026-01-18,f,,,1,1125
1130922130728737895,2026-01-19,f,,,1,1125
1130922130728737895,2026-01-20,f,,,1,1125
1130922130728737895,2026-01-21,f,,,1,1125
1130922130728737895,2026-01-22,f,,,1,1125
1130922130728737895,2026-01-23,f,,,1,1125
1130922130728737895,2026-01-24,f,,,1,1125
1130922130728737895,2026-01-25,f,,,1,1125
1130922130728737895,2026-01-26,f,,,1,1125
1130922130728737895,2026-01-27,f,,,1,1125
1130922130728737895,2026-01-28,f,,,1,1125
1130922130728737895,2026-01-29,f,,,1,1125
1130922130728737895,2026-01-30,f,,,1,1125
1130922130728737895,2026-01-31,f,,,1,1125
1130922130728737895,2026-02-01,f,,,1,1125
1130922130728737895,2026-02-02,f,,,1,1125
1130922130728737895,2026-02-03,f,,,1,1125
1130922130728737895,2026-02-04,f,,,1,1125
1130922130728737895,2026-02-05,f,,,1,1125
1130922130728737895,2026-02-06,f,,,1,1125
1130922130728737895,2026-02-07,f,,,1,1125
1130922130728737895,2026-02-08,t,,,1,1125
1130922130728737895,2026-02-09,t,,,1,1125
1130922130728737895,2026-02-10,t,,,1,1125
1130922130728737895,2026-02-11,t,,,1,1125
1130922130728737895,2026-02-12,t,,,1,1125
1130922130728737895,2026-02-13,t,,,1,1125
1130922130728737895,2026-02-14,t,,,1,1125
1130922130728737895,2026-02-15,t,,,1,1125
1130922130728737895,2026-02-16,t,,,1,1125
1130922130728737895,2026-02-17,t,,,1,1125
1130922130728737895,2026-02-18,t,,,1,1125
1130922130728737895,2026-02-19,t,,,1,1125
1130922130728737895,2026-02-20,t,,,1,1125
1130922130728737895,2026-02-21,t,,,1,1125
1130922130728737895,2026-02-22,t,,,1,1125
1130922130728737895,2026-02-23,t,,,1,1125
1130922130728737895,2026-02-24,t,,,1,1125
1130922130728737895,2026-02-25,t,,,1,1125
1130922130728737895,2026-02-26,t,,,1,1125
1130922130728737895,2026-02-27,t,,,1,1125
1130922130728737895,2026-02-28,t,,,1,1125
1130922130728737895,2026-03-01,t,,,1,1125
1130922130728737895,2026-03-02,t,,,1,1125
1130922130728737895,2026-03-03,t,,,1,1125
1130922130728737895,2026-03-04,t,,,1,1125
1130922130728737895,2026-03-05,t,,,1,1125
1130922130728737895,2026-03-06,t,,,1,1125
1130922130728737895,2026-03-07,t,,,1,1125
1130922130728737895,2026-03-08,t,,,1,1125
1130922130728737895,2026-03-09,t,,,1,1125
1130922130728737895,2026-03-10,t,,,1,1125
1130922130728737895,2026-03-11,t,,,1,1125
1130922130728737895,2026-03-12,t,,,1,1125
1130922130728737895,2026-03-13,t,,,1,1125
1130922130728737895,2026-03-14,t,,,1,1125
1130922130728737895,2026-03-15,t,,,1,1125
1130922130728737895,2026-03-16,t,,,1,1125
1130922130728737895,2026-03-17,t,,,1,1125
1130922130728737895,2026-03-18,t,,,1,1125
1130922130728737895,2026-03-19,t,,,1,1125
1130922130728737895,2026-03-20,t,,,1,1125
1130922130728737895,2026-03-21,t,,,1,1125
1130922130728737895,2026-03-22,t,,,1,1125
1130922130728737895,2026-03-23,t,,,1,1125
1130922130728737895,2026-03-24,t,,,1,1125
1130922130728737895,2026-03-25,t,,,1,1125
1130922130728737895,2026-03-26,t,,,1,1125
1130922130728737895,2026-03-27,t,,,1,1125
1130922130728737895,2026-03-28,t,,,1,1125
1130922130728737895,2026-03-29,t,,,1,1125
1130922130728737895,2026-03-30,t,,,1,1125
1130922130728737895,2026-03-31,t,,,1,1125
1130922130728737895,2026-04-01,t,,,1,1125
1130922130728737895,2026-04-02,t,,,1,1125
1130922130728737895,2026-04-03,t,,,1,1125
1130922130728737895,2026-04-04,t,,,1,1125
1130922130728737895,2026-04-05,t,,,1,1125
1130922130728737895,2026-04-06,t,,,1,1125
1130922130728737895,2026-04-07,t,,,1,1125
1130922130728737895,2026-04-08,t,,,1,1125
1130922130728737895,2026-04-09,t,,,1,1125
1130922130728737895,2026-04-10,t,,,1,1125
1130922130728737895,2026-04-11,t,,,1,1125
1130922130728737895,2026-04-12,t,,,1,1125
1130922130728737895,2026-04-13,t,,,1,1125
1130922130728737895,2026-04-14,t,,,1,1125
1130922130728737895,2026-04-15,t,,,1,1125
1130922130728737895,2026-04-16,t,,,1,1125
1130922130728737895,2026-04-17,t,,,1,1125
1130922130728737895,2026-04-18,t,,,1,1125
1130922130728737895,2026-04-19,t,,,1,1125
1130922130728737895,2026-04-20,t,,,1,1125
1130922130728737895,2026-04-21,t,,,1,1125
1130922130728737895,2026-04-22,t,,,1,1125
1130922130728737895,2026-04-23,t,,,1,1125
1130922130728737895,2026-04-24,t,,,1,1125
1130922130728737895,2026-04-25,t,,,1,1125
1130922130728737895,2026-04-26,t,,,1,1125
1130922130728737895,2026-04-27,t,,,1,1125
1130922130728737895,2026-04-28,t,,,1,1125
1130922130728737895,2026-04-29,t,,,1,1125
1130922130728737895,2026-04-30,t,,,1,1125
1130922130728737895,2026-05-01,t,,,1,1125
1130922130728737895,2026-05-02,t,,,1,1125
1130922130728737895,2026-05-03,t,,,1,1125
1130922130728737895,2026-05-04,t,,,1,1125
1130922130728737895,2026-05-05,t,,,1,1125
1130922130728737895,2026-05-06,t,,,1,1125
1130922130728737895,2026-05-07,t,,,1,1125
1130922130728737895,2026-05-08,t,,,1,1125
1130922130728737895,2026-05-09,t,,,1,1125
1130922130728737895,2026-05-10,t,,,1,1125
1130922130728737895,2026-05-11,t,,,1,1125
1130922130728737895,2026-05-12,t,,,1,1125
1130922130728737895,2026-05-13,t,,,1,1125
1130922130728737895,2026-05-14,t,,,1,1125
1130922130728737895,2026-05-15,t,,,1,1125
1130922130728737895,2026-05-16,t,,,1,1125
1130922130728737895,2026-05-17,t,,,1,1125
1130922130728737895,2026-05-18,t,,,1,1125
1130922130728737895,2026-05-19,t,,,1,1125
1130922130728737895,2026-05-20,t,,,1,1125
1130922130728737895,2026-05-21,t,,,1,1125
1130922130728737895,2026-05-22,t,,,1,1125
1130922130728737895,2026-05-23,t,,,1,1125
1130922130728737895,2026-05-24,t,,,1,1125
1130922130728737895,2026-05-25,t,,,1,1125
1130922130728737895,2026-05-26,t,,,1,1125
1130922130728737895,2026-05-27,t,,,1,1125
1130922130728737895,2026-05-28,t,,,1,1125
1130922130728737895,2026-05-29,t,,,1,1125
1130922130728737895,2026-05-30,t,,,1,1125
1130922130728737895,2026-05-31,t,,,1,1125
1130922130728737895,2026-06-01,t,,,1,1125
1130922130728737895,2026-06-02,t,,,1,1125
1130922130728737895,2026-06-03,t,,,1,1125
1130922130728737895,2026-06-04,t,,,1,1125
1130922130728737895,2026-06-05,t,,,1,1125
1130922130728737895,2026-06-06,t,,,1,1125
1130922130728737895,2026-06-07,t,,,1,1125
1130922130728737895,2026-06-08,t,,,1,1125
1130922130728737895,2026-06-09,t,,,1,1125
1130922130728737895,2026-06-10,t,,,1,1125
1130922130728737895,2026-06-11,t,,,1,1125
1130922130728737895,2026-06-12,t,,,1,1125
1130922130728737895,2026-06-13,t,,,1,1125
1130922130728737895,2026-06-14,t,,,1,1125
1130922130728737895,2026-06-15,t,,,1,1125
1130922130728737895,2026-06-16,t,,,1,1125
1130922130728737895,2026-06-17,t,,,1,1125
1130922130728737895,2026-06-18,t,,,1,1125
1130922130728737895,2026-06-19,t,,,1,1125
1130922130728737895,2026-06-20,t,,,1,1125
1130922130728737895,2026-06-21,t,,,1,1125
1130922130728737895,2026-06-22,t,,,1,1125
1130922130728737895,2026-06-23,t,,,1,1125
1133067148386115838,2025-06-24,f,,,1,1125
1133067148386115838,2025-06-25,f,,,1,1125
1133067148386115838,2025-06-26,f,,,1,1125
1133067148386115838,2025-06-27,f,,,1,1125
1133067148386115838,2025-06-28,f,,,1,1125
1133067148386115838,2025-06-29,f,,,1,1125
1133067148386115838,2025-06-30,f,,,1,1125
1133067148386115838,2025-07-01,f,,,1,1125
1133067148386115838,2025-07-02,f,,,1,1125
1133067148386115838,2025-07-03,f,,,1,1125
1133067148386115838,2025-07-04,f,,,1,1125
1133067148386115838,2025-07-05,f,,,1,1125
1133067148386115838,2025-07-06,f,,,1,1125
1133067148386115838,2025-07-07,f,,,1,1125
1133067148386115838,2025-07-08,f,,,1,1125
1133067148386115838,2025-07-09,f,,,1,1125
1133067148386115838,2025-07-10,f,,,1,1125
1133067148386115838,2025-07-11,f,,,1,1125
1133067148386115838,2025-07-12,f,,,1,1125
1133067148386115838,2025-07-13,f,,,1,1125
1133067148386115838,2025-07-14,f,,,1,1125
1133067148386115838,2025-07-15,f,,,1,1125
1133067148386115838,2025-07-16,f,,,1,1125
1133067148386115838,2025-07-17,f,,,1,1125
1133067148386115838,2025-07-18,f,,,1,1125
1133067148386115838,2025-07-19,f,,,1,1125
1133067148386115838,2025-07-20,f,,,1,1125
1133067148386115838,2025-07-21,f,,,1,1125
1133067148386115838,2025-07-22,f,,,1,1125
1133067148386115838,2025-07-23,f,,,1,1125
1133067148386115838,2025-07-24,f,,,1,1125
1133067148386115838,2025-07-25,f,,,1,1125
1133067148386115838,2025-07-26,f,,,1,1125
1133067148386115838,2025-07-27,f,,,1,1125
1133067148386115838,2025-07-28,f,,,1,1125
1133067148386115838,2025-07-29,f,,,1,1125
1133067148386115838,2025-07-30,f,,,1,1125
1133067148386115838,2025-07-31,f,,,1,1125
1133067148386115838,2025-08-01,f,,,1,1125
1133067148386115838,2025-08-02,f,,,1,1125
1133067148386115838,2025-08-03,f,,,1,1125
1133067148386115838,2025-08-04,f,,,1,1125
1133067148386115838,2025-08-05,f,,,1,1125
1133067148386115838,2025-08-06,f,,,1,1125
1133067148386115838,2025-08-07,f,,,1,1125
1133067148386115838,2025-08-08,f,,,1,1125
1133067148386115838,2025-08-09,f,,,1,1125
1133067148386115838,2025-08-10,f,,,1,1125
1133067148386115838,2025-08-11,f,,,1,1125
1133067148386115838,2025-08-12,f,,,1,1125
1133067148386115838,2025-08-13,f,,,1,1125
1133067148386115838,2025-08-14,f,,,1,1125
1133067148386115838,2025-08-15,f,,,1,1125
1133067148386115838,2025-08-16,f,,,1,1125
1133067148386115838,2025-08-17,f,,,1,1125
1133067148386115838,2025-08-18,f,,,1,1125
1133067148386115838,2025-08-19,f,,,1,1125
1133067148386115838,2025-08-20,f,,,1,1125
1133067148386115838,2025-08-21,f,,,1,1125
1133067148386115838,2025-08-22,f,,,1,1125
1133067148386115838,2025-08-23,f,,,1,1125
1133067148386115838,2025-08-24,f,,,1,1125
1133067148386115838,2025-08-25,f,,,1,1125
1133067148386115838,2025-08-26,f,,,1,1125
1133067148386115838,2025-08-27,f,,,1,1125
1133067148386115838,2025-08-28,f,,,1,1125
1133067148386115838,2025-08-29,f,,,1,1125
1133067148386115838,2025-08-30,f,,,1,1125
1133067148386115838,2025-08-31,f,,,1,1125
1133067148386115838,2025-09-01,f,,,1,1125
1133067148386115838,2025-09-02,f,,,1,1125
1133067148386115838,2025-09-03,f,,,1,1125
1133067148386115838,2025-09-04,f,,,1,1125
1133067148386115838,2025-09-05,f,,,1,1125
1133067148386115838,2025-09-06,f,,,1,1125
1133067148386115838,2025-09-07,f,,,1,1125
1133067148386115838,2025-09-08,f,,,1,1125
1133067148386115838,2025-09-09,f,,,1,1125
1133067148386115838,2025-09-10,f,,,1,1125
1133067148386115838,2025-09-11,f,,,1,1125
1133067148386115838,2025-09-12,f,,,1,1125
1133067148386115838,2025-09-13,f,,,1,1125
1133067148386115838,2025-09-14,f,,,1,1125
1133067148386115838,2025-09-15,f,,,1,1125
1133067148386115838,2025-09-16,f,,,1,1125
1133067148386115838,2025-09-17,f,,,1,1125
1133067148386115838,2025-09-18,f,,,1,1125
1133067148386115838,2025-09-19,f,,,1,1125
1133067148386115838,2025-09-20,f,,,1,1125
1133067148386115838,2025-09-21,f,,,1,1125
1133067148386115838,2025-09-22,f,,,1,1125
1133067148386115838,2025-09-23,f,,,1,1125
1133067148386115838,2025-09-24,f,,,1,1125
1133067148386115838,2025-09-25,f,,,1,1125
1133067148386115838,2025-09-26,f,,,1,1125
1133067148386115838,2025-09-27,f,,,1,1125
1133067148386115838,2025-09-28,f,,,1,1125
1133067148386115838,2025-09-29,f,,,1,1125
1133067148386115838,2025-09-30,f,,,1,1125
1133067148386115838,2025-10-01,f,,,1,1125
1133067148386115838,2025-10-02,f,,,1,1125
1133067148386115838,2025-10-03,f,,,1,1125
1133067148386115838,2025-10-04,f,,,1,1125
1133067148386115838,2025-10-05,f,,,1,1125
1133067148386115838,2025-10-06,f,,,1,1125
1133067148386115838,2025-10-07,f,,,1,1125
1133067148386115838,2025-10-08,f,,,1,1125
1133067148386115838,2025-10-09,f,,,1,1125
1133067148386115838,2025-10-10,f,,,1,1125
1133067148386115838,2025-10-11,f,,,1,1125
1133067148386115838,2025-10-12,f,,,1,1125
1133067148386115838,2025-10-13,f,,,1,1125
1133067148386115838,2025-10-14,f,,,1,1125
1133067148386115838,2025-10-15,f,,,1,1125
1133067148386115838,2025-10-16,f,,,1,1125
1133067148386115838,2025-10-17,f,,,1,1125
1133067148386115838,2025-10-18,f,,,1,1125
1133067148386115838,2025-10-19,f,,,1,1125
1133067148386115838,2025-10-20,f,,,1,1125
1133067148386115838,2025-10-21,f,,,1,1125
1133067148386115838,2025-10-22,f,,,1,1125
1133067148386115838,2025-10-23,f,,,1,1125
1133067148386115838,2025-10-24,f,,,1,1125
1133067148386115838,2025-10-25,f,,,1,1125
1133067148386115838,2025-10-26,f,,,1,1125
1133067148386115838,2025-10-27,f,,,1,1125
1133067148386115838,2025-10-28,f,,,1,1125
1133067148386115838,2025-10-29,f,,,1,1125
1133067148386115838,2025-10-30,f,,,1,1125
1133067148386115838,2025-10-31,f,,,1,1125
1133067148386115838,2025-11-01,f,,,1,1125
1133067148386115838,2025-11-02,f,,,1,1125
1133067148386115838,2025-11-03,f,,,1,1125
1133067148386115838,2025-11-04,f,,,1,1125
1133067148386115838,2025-11-05,f,,,1,1125
1133067148386115838,2025-11-06,f,,,1,1125
1133067148386115838,2025-11-07,f,,,1,1125
1133067148386115838,2025-11-08,f,,,1,1125
1133067148386115838,2025-11-09,f,,,1,1125
1133067148386115838,2025-11-10,f,,,1,1125
1133067148386115838,2025-11-11,f,,,1,1125
1133067148386115838,2025-11-12,f,,,1,1125
1133067148386115838,2025-11-13,f,,,1,1125
1133067148386115838,2025-11-14,f,,,1,1125
1133067148386115838,2025-11-15,f,,,1,1125
1133067148386115838,2025-11-16,f,,,1,1125
1133067148386115838,2025-11-17,f,,,1,1125
1133067148386115838,2025-11-18,f,,,1,1125
1133067148386115838,2025-11-19,f,,,1,1125
1133067148386115838,2025-11-20,f,,,1,1125
1133067148386115838,2025-11-21,f,,,1,1125
1133067148386115838,2025-11-22,f,,,1,1125
1133067148386115838,2025-11-23,f,,,1,1125
1133067148386115838,2025-11-24,f,,,1,1125
1133067148386115838,2025-11-25,f,,,1,1125
1133067148386115838,2025-11-26,f,,,1,1125
1133067148386115838,2025-11-27,f,,,1,1125
1133067148386115838,2025-11-28,f,,,1,1125
1133067148386115838,2025-11-29,f,,,1,1125
1133067148386115838,2025-11-30,f,,,1,1125
1133067148386115838,2025-12-01,f,,,1,1125
1133067148386115838,2025-12-02,f,,,1,1125
1133067148386115838,2025-12-03,f,,,1,1125
1133067148386115838,2025-12-04,f,,,1,1125
1133067148386115838,2025-12-05,f,,,1,1125
1133067148386115838,2025-12-06,f,,,1,1125
1133067148386115838,2025-12-07,f,,,1,1125
1133067148386115838,2025-12-08,f,,,1,1125
1133067148386115838,2025-12-09,f,,,1,1125
1133067148386115838,2025-12-10,f,,,1,1125
1133067148386115838,2025-12-11,f,,,1,1125
1133067148386115838,2025-12-12,f,,,1,1125
1133067148386115838,2025-12-13,f,,,1,1125
1133067148386115838,2025-12-14,f,,,1,1125
1133067148386115838,2025-12-15,f,,,1,1125
1133067148386115838,2025-12-16,f,,,1,1125
1133067148386115838,2025-12-17,f,,,1,1125
1133067148386115838,2025-12-18,f,,,1,1125
1133067148386115838,2025-12-19,f,,,1,1125
1133067148386115838,2025-12-20,f,,,1,1125
1133067148386115838,2025-12-21,f,,,1,1125
1133067148386115838,2025-12-22,f,,,1,1125
1133067148386115838,2025-12-23,f,,,1,1125
1133067148386115838,2025-12-24,f,,,1,1125
1133067148386115838,2025-12-25,f,,,1,1125
1133067148386115838,2025-12-26,f,,,1,1125
1133067148386115838,2025-12-27,f,,,1,1125
1133067148386115838,2025-12-28,f,,,1,1125
1133067148386115838,2025-12-29,f,,,1,1125
1133067148386115838,2025-12-30,f,,,1,1125
1133067148386115838,2025-12-31,f,,,1,1125
1133067148386115838,2026-01-01,f,,,1,1125
1133067148386115838,2026-01-02,f,,,1,1125
1133067148386115838,2026-01-03,f,,,1,1125
1133067148386115838,2026-01-04,f,,,1,1125
1133067148386115838,2026-01-05,f,,,1,1125
1133067148386115838,2026-01-06,f,,,1,1125
1133067148386115838,2026-01-07,f,,,1,1125
1133067148386115838,2026-01-08,f,,,1,1125
1133067148386115838,2026-01-09,f,,,1,1125
1133067148386115838,2026-01-10,f,,,1,1125
1133067148386115838,2026-01-11,f,,,1,1125
1133067148386115838,2026-01-12,f,,,1,1125
1133067148386115838,2026-01-13,f,,,1,1125
1133067148386115838,2026-01-14,f,,,1,1125
1133067148386115838,2026-01-15,f,,,1,1125
1133067148386115838,2026-01-16,f,,,1,1125
1133067148386115838,2026-01-17,f,,,1,1125
1133067148386115838,2026-01-18,f,,,1,1125
1133067148386115838,2026-01-19,f,,,1,1125
1133067148386115838,2026-01-20,f,,,1,1125
1133067148386115838,2026-01-21,f,,,1,1125
1133067148386115838,2026-01-22,f,,,1,1125
1133067148386115838,2026-01-23,f,,,1,1125
1133067148386115838,2026-01-24,f,,,1,1125
1133067148386115838,2026-01-25,f,,,1,1125
1133067148386115838,2026-01-26,f,,,1,1125
1133067148386115838,2026-01-27,f,,,1,1125
1133067148386115838,2026-01-28,f,,,1,1125
1133067148386115838,2026-01-29,f,,,1,1125
1133067148386115838,2026-01-30,f,,,1,1125
1133067148386115838,2026-01-31,f,,,1,1125
1133067148386115838,2026-02-01,f,,,1,1125
1133067148386115838,2026-02-02,f,,,1,1125
1133067148386115838,2026-02-03,f,,,1,1125
1133067148386115838,2026-02-04,f,,,1,1125
1133067148386115838,2026-02-05,f,,,1,1125
1133067148386115838,2026-02-06,f,,,1,1125
1133067148386115838,2026-02-07,f,,,1,1125
1133067148386115838,2026-02-08,t,,,1,1125
1133067148386115838,2026-02-09,t,,,1,1125
1133067148386115838,2026-02-10,t,,,1,1125
1133067148386115838,2026-02-11,t,,,1,1125
1133067148386115838,2026-02-12,t,,,1,1125
1133067148386115838,2026-02-13,t,,,1,1125
1133067148386115838,2026-02-14,t,,,1,1125
1133067148386115838,2026-02-15,t,,,1,1125
1133067148386115838,2026-02-16,t,,,1,1125
1133067148386115838,2026-02-17,t,,,1,1125
1133067148386115838,2026-02-18,t,,,1,1125
1133067148386115838,2026-02-19,t,,,1,1125
1133067148386115838,2026-02-20,t,,,1,1125
1133067148386115838,2026-02-21,t,,,1,1125
1133067148386115838,2026-02-22,t,,,1,1125
1133067148386115838,2026-02-23,t,,,1,1125
1133067148386115838,2026-02-24,t,,,1,1125
1133067148386115838,2026-02-25,t,,,1,1125
1133067148386115838,2026-02-26,t,,,1,1125
1133067148386115838,2026-02-27,t,,,1,1125
1133067148386115838,2026-02-28,t,,,1,1125
1133067148386115838,2026-03-01,t,,,1,1125
1133067148386115838,2026-03-02,t,,,1,1125
1133067148386115838,2026-03-03,t,,,1,1125
1133067148386115838,2026-03-04,t,,,1,1125
1133067148386115838,2026-03-05,t,,,1,1125
1133067148386115838,2026-03-06,t,,,1,1125
1133067148386115838,2026-03-07,t,,,1,1125
1133067148386115838,2026-03-08,t,,,1,1125
1133067148386115838,2026-03-09,t,,,1,1125
1133067148386115838,2026-03-10,t,,,1,1125
1133067148386115838,2026-03-11,t,,,1,1125
1133067148386115838,2026-03-12,t,,,1,1125
1133067148386115838,2026-03-13,t,,,1,1125
1133067148386115838,2026-03-14,t,,,1,1125
1133067148386115838,2026-03-15,t,,,1,1125
1133067148386115838,2026-03-16,t,,,1,1125
1133067148386115838,2026-03-17,t,,,1,1125
1133067148386115838,2026-03-18,t,,,1,1125
1133067148386115838,2026-03-19,t,,,1,1125
1133067148386115838,2026-03-20,t,,,1,1125
1133067148386115838,2026-03-21,t,,,1,1125
1133067148386115838,2026-03-22,t,,,1,1125
1133067148386115838,2026-03-23,t,,,1,1125
1133067148386115838,2026-03-24,t,,,1,1125
1133067148386115838,2026-03-25,t,,,1,1125
1133067148386115838,2026-03-26,t,,,1,1125
1133067148386115838,2026-03-27,t,,,1,1125
1133067148386115838,2026-03-28,t,,,1,1125
1133067148386115838,2026-03-29,t,,,1,1125
1133067148386115838,2026-03-30,t,,,1,1125
1133067148386115838,2026-03-31,t,,,1,1125
1133067148386115838,2026-04-01,t,,,1,1125
1133067148386115838,2026-04-02,t,,,1,1125
1133067148386115838,2026-04-03,t,,,1,1125
1133067148386115838,2026-04-04,t,,,1,1125
1133067148386115838,2026-04-05,t,,,1,1125
1133067148386115838,2026-04-06,t,,,1,1125
1133067148386115838,2026-04-07,t,,,1,1125
1133067148386115838,2026-04-08,t,,,1,1125
1133067148386115838,2026-04-09,t,,,1,1125
1133067148386115838,2026-04-10,t,,,1,1125
1133067148386115838,2026-04-11,t,,,1,1125
1133067148386115838,2026-04-12,t,,,1,1125
1133067148386115838,2026-04-13,t,,,1,1125
1133067148386115838,2026-04-14,t,,,1,1125
1133067148386115838,2026-04-15,t,,,1,1125
1133067148386115838,2026-04-16,t,,,1,1125
1133067148386115838,2026-04-17,t,,,1,1125
1133067148386115838,2026-04-18,t,,,1,1125
1133067148386115838,2026-04-19,t,,,1,1125
1133067148386115838,2026-04-20,t,,,1,1125
1133067148386115838,2026-04-21,t,,,1,1125
1133067148386115838,2026-04-22,t,,,1,1125
1133067148386115838,2026-04-23,t,,,1,1125
1133067148386115838,2026-04-24,t,,,1,1125
1133067148386115838,2026-04-25,t,,,1,1125
1133067148386115838,2026-04-26,t,,,1,1125
1133067148386115838,2026-04-27,t,,,1,1125
1133067148386115838,2026-04-28,t,,,1,1125
1133067148386115838,2026-04-29,t,,,1,1125
1133067148386115838,2026-04-30,t,,,1,1125
1133067148386115838,2026-05-01,t,,,1,1125
1133067148386115838,2026-05-02,t,,,1,1125
1133067148386115838,2026-05-03,t,,,1,1125
1133067148386115838,2026-05-04,t,,,1,1125
1133067148386115838,2026-05-05,t,,,1,1125
1133067148386115838,2026-05-06,t,,,1,1125
1133067148386115838,2026-05-07,t,,,1,1125
1133067148386115838,2026-05-08,t,,,1,1125
1133067148386115838,2026-05-09,t,,,1,1125
1133067148386115838,2026-05-10,t,,,1,1125
1133067148386115838,2026-05-11,t,,,1,1125
1133067148386115838,2026-05-12,t,,,1,1125
1133067148386115838,2026-05-13,t,,,1,1125
1133067148386115838,2026-05-14,t,,,1,1125
1133067148386115838,2026-05-15,t,,,1,1125
1133067148386115838,2026-05-16,t,,,1,1125
1133067148386115838,2026-05-17,t,,,1,1125
1133067148386115838,2026-05-18,t,,,1,1125
1133067148386115838,2026-05-19,t,,,1,1125
1133067148386115838,2026-05-20,t,,,1,1125
1133067148386115838,2026-05-21,t,,,1,1125
1133067148386115838,2026-05-22,t,,,1,1125
1133067148386115838,2026-05-23,t,,,1,1125
1133067148386115838,2026-05-24,t,,,1,1125
1133067148386115838,2026-05-25,t,,,1,1125
1133067148386115838,2026-05-26,t,,,1,1125
1133067148386115838,2026-05-27,t,,,1,1125
1133067148386115838,2026-05-28,t,,,1,1125
1133067148386115838,2026-05-29,t,,,1,1125
1133067148386115838,2026-05-30,t,,,1,1125
1133067148386115838,2026-05-31,t,,,1,1125
1133067148386115838,2026-06-01,t,,,1,1125
1133067148386115838,2026-06-02,t,,,1,1125
1133067148386115838,2026-06-03,t,,,1,1125
1133067148386115838,2026-06-04,t,,,1,1125
1133067148386115838,2026-06-05,t,,,1,1125
1133067148386115838,2026-06-06,t,,,1,1125
1133067148386115838,2026-06-07,t,,,1,1125
1133067148386115838,2026-06-08,t,,,1,1125
1133067148386115838,2026-06-09,t,,,1,1125
1133067148386115838,2026-06-10,t,,,1,1125
1133067148386115838,2026-06-11,t,,,1,1125
1133067148386115838,2026-06-12,t,,,1,1125
1133067148386115838,2026-06-13,t,,,1,1125
1133067148386115838,2026-06-14,t,,,1,1125
1133067148386115838,2026-06-15,t,,,1,1125
1133067148386115838,2026-06-16,t,,,1,1125
1133067148386115838,2026-06-17,t,,,1,1125
1133067148386115838,2026-06-18,t,,,1,1125
1133067148386115838,2026-06-19,t,,,1,1125
1133067148386115838,2026-06-20,t,,,1,1125
1133067148386115838,2026-06-21,t,,,1,1125
1133067148386115838,2026-06-22,t,,,1,1125
1133067148386115838,2026-06-23,t,,,1,1125
1145661364229123581,2025-06-24,f,,,1,365
1145661364229123581,2025-06-25,t,,,1,365
1145661364229123581,2025-06-26,t,,,1,365
1145661364229123581,2025-06-27,t,,,1,365
1145661364229123581,2025-06-28,t,,,1,365
1145661364229123581,2025-06-29,t,,,1,365
1145661364229123581,2025-06-30,t,,,1,365
1145661364229123581,2025-07-01,t,,,1,365
1145661364229123581,2025-07-02,t,,,1,365
1145661364229123581,2025-07-03,t,,,1,365
1145661364229123581,2025-07-04,t,,,1,365
1145661364229123581,2025-07-05,t,,,1,365
1145661364229123581,2025-07-06,t,,,1,365
1145661364229123581,2025-07-07,t,,,1,365
1145661364229123581,2025-07-08,t,,,1,365
1145661364229123581,2025-07-09,t,,,1,365
1145661364229123581,2025-07-10,t,,,1,365
1145661364229123581,2025-07-11,t,,,1,365
1145661364229123581,2025-07-12,t,,,1,365
1145661364229123581,2025-07-13,t,,,1,365
1145661364229123581,2025-07-14,t,,,1,365
1145661364229123581,2025-07-15,t,,,1,365
1145661364229123581,2025-07-16,t,,,1,365
1145661364229123581,2025-07-17,t,,,1,365
1145661364229123581,2025-07-18,t,,,1,365
1145661364229123581,2025-07-19,t,,,1,365
1145661364229123581,2025-07-20,t,,,1,365
1145661364229123581,2025-07-21,t,,,1,365
1145661364229123581,2025-07-22,t,,,1,365
1145661364229123581,2025-07-23,t,,,1,365
1145661364229123581,2025-07-24,t,,,1,365
1145661364229123581,2025-07-25,t,,,1,365
1145661364229123581,2025-07-26,t,,,1,365
1145661364229123581,2025-07-27,t,,,1,365
1145661364229123581,2025-07-28,t,,,1,365
1145661364229123581,2025-07-29,t,,,1,365
1145661364229123581,2025-07-30,t,,,1,365
1145661364229123581,2025-07-31,t,,,1,365
1145661364229123581,2025-08-01,t,,,1,365
1145661364229123581,2025-08-02,t,,,1,365
1145661364229123581,2025-08-03,t,,,1,365
1145661364229123581,2025-08-04,t,,,1,365
1145661364229123581,2025-08-05,t,,,1,365
1145661364229123581,2025-08-06,t,,,1,365
1145661364229123581,2025-08-07,t,,,1,365
1145661364229123581,2025-08-08,t,,,1,365
1145661364229123581,2025-08-09,t,,,1,365
1145661364229123581,2025-08-10,t,,,1,365
1145661364229123581,2025-08-11,t,,,1,365
1145661364229123581,2025-08-12,t,,,1,365
1145661364229123581,2025-08-13,t,,,1,365
1145661364229123581,2025-08-14,t,,,1,365
1145661364229123581,2025-08-15,t,,,1,365
1145661364229123581,2025-08-16,t,,,1,365
1145661364229123581,2025-08-17,t,,,1,365
1145661364229123581,2025-08-18,t,,,1,365
1145661364229123581,2025-08-19,t,,,1,365
1145661364229123581,2025-08-20,t,,,1,365
1145661364229123581,2025-08-21,t,,,1,365
1145661364229123581,2025-08-22,t,,,1,365
1145661364229123581,2025-08-23,t,,,1,365
1145661364229123581,2025-08-24,t,,,1,365
1145661364229123581,2025-08-25,t,,,1,365
1145661364229123581,2025-08-26,t,,,1,365
1145661364229123581,2025-08-27,t,,,1,365
1145661364229123581,2025-08-28,t,,,1,365
1145661364229123581,2025-08-29,t,,,1,365
1145661364229123581,2025-08-30,t,,,1,365
1145661364229123581,2025-08-31,t,,,1,365
1145661364229123581,2025-09-01,t,,,1,365
1145661364229123581,2025-09-02,t,,,1,365
1145661364229123581,2025-09-03,t,,,1,365
1145661364229123581,2025-09-04,t,,,1,365
1145661364229123581,2025-09-05,t,,,1,365
1145661364229123581,2025-09-06,t,,,1,365
1145661364229123581,2025-09-07,t,,,1,365
1145661364229123581,2025-09-08,t,,,1,365
1145661364229123581,2025-09-09,t,,,1,365
1145661364229123581,2025-09-10,t,,,1,365
1145661364229123581,2025-09-11,t,,,1,365
1145661364229123581,2025-09-12,t,,,1,365
1145661364229123581,2025-09-13,t,,,1,365
1145661364229123581,2025-09-14,t,,,1,365
1145661364229123581,2025-09-15,t,,,1,365
1145661364229123581,2025-09-16,t,,,1,365
1145661364229123581,2025-09-17,t,,,1,365
1145661364229123581,2025-09-18,t,,,1,365
1145661364229123581,2025-09-19,t,,,1,365
1145661364229123581,2025-09-20,t,,,1,365
1145661364229123581,2025-09-21,t,,,1,365
1145661364229123581,2025-09-22,t,,,1,365
1145661364229123581,2025-09-23,t,,,1,365
1145661364229123581,2025-09-24,t,,,1,365
1145661364229123581,2025-09-25,t,,,1,365
1145661364229123581,2025-09-26,t,,,1,365
1145661364229123581,2025-09-27,t,,,1,365
1145661364229123581,2025-09-28,t,,,1,365
1145661364229123581,2025-09-29,t,,,1,365
1145661364229123581,2025-09-30,t,,,1,365
1145661364229123581,2025-10-01,t,,,1,365
1145661364229123581,2025-10-02,t,,,1,365
1145661364229123581,2025-10-03,t,,,1,365
1145661364229123581,2025-10-04,t,,,1,365
1145661364229123581,2025-10-05,t,,,1,365
1145661364229123581,2025-10-06,t,,,1,365
1145661364229123581,2025-10-07,t,,,1,365
1145661364229123581,2025-10-08,t,,,1,365
1145661364229123581,2025-10-09,t,,,1,365
1145661364229123581,2025-10-10,t,,,1,365
1145661364229123581,2025-10-11,t,,,1,365
1145661364229123581,2025-10-12,t,,,1,365
1145661364229123581,2025-10-13,t,,,1,365
1145661364229123581,2025-10-14,t,,,1,365
1145661364229123581,2025-10-15,t,,,1,365
1145661364229123581,2025-10-16,t,,,1,365
1145661364229123581,2025-10-17,t,,,1,365
1145661364229123581,2025-10-18,t,,,1,365
1145661364229123581,2025-10-19,t,,,1,365
1145661364229123581,2025-10-20,t,,,1,365
1145661364229123581,2025-10-21,t,,,1,365
1145661364229123581,2025-10-22,t,,,1,365
1145661364229123581,2025-10-23,t,,,1,365
1145661364229123581,2025-10-24,t,,,1,365
1145661364229123581,2025-10-25,t,,,1,365
1145661364229123581,2025-10-26,t,,,1,365
1145661364229123581,2025-10-27,t,,,1,365
1145661364229123581,2025-10-28,t,,,1,365
1145661364229123581,2025-10-29,t,,,1,365
1145661364229123581,2025-10-30,t,,,1,365
1145661364229123581,2025-10-31,t,,,1,365
1145661364229123581,2025-11-01,t,,,1,365
1145661364229123581,2025-11-02,t,,,1,365
1145661364229123581,2025-11-03,t,,,1,365
1145661364229123581,2025-11-04,t,,,1,365
1145661364229123581,2025-11-05,t,,,1,365
1145661364229123581,2025-11-06,t,,,1,365
1145661364229123581,2025-11-07,t,,,1,365
1145661364229123581,2025-11-08,t,,,1,365
1145661364229123581,2025-11-09,t,,,1,365
1145661364229123581,2025-11-10,t,,,1,365
1145661364229123581,2025-11-11,t,,,1,365
1145661364229123581,2025-11-12,t,,,1,365
1145661364229123581,2025-11-13,t,,,1,365
1145661364229123581,2025-11-14,t,,,1,365
1145661364229123581,2025-11-15,t,,,1,365
1145661364229123581,2025-11-16,t,,,1,365
1145661364229123581,2025-11-17,t,,,1,365
1145661364229123581,2025-11-18,t,,,1,365
1145661364229123581,2025-11-19,t,,,1,365
1145661364229123581,2025-11-20,t,,,1,365
1145661364229123581,2025-11-21,t,,,1,365
1145661364229123581,2025-11-22,t,,,1,365
1145661364229123581,2025-11-23,t,,,1,365
1145661364229123581,2025-11-24,t,,,1,365
1145661364229123581,2025-11-25,t,,,1,365
1145661364229123581,2025-11-26,t,,,1,365
1145661364229123581,2025-11-27,t,,,1,365
1145661364229123581,2025-11-28,t,,,1,365
1145661364229123581,2025-11-29,t,,,1,365
1145661364229123581,2025-11-30,t,,,1,365
1145661364229123581,2025-12-01,t,,,1,365
1145661364229123581,2025-12-02,t,,,1,365
1145661364229123581,2025-12-03,t,,,1,365
1145661364229123581,2025-12-04,t,,,1,365
1145661364229123581,2025-12-05,t,,,1,365
1145661364229123581,2025-12-06,t,,,1,365
1145661364229123581,2025-12-07,t,,,1,365
1145661364229123581,2025-12-08,t,,,1,365
1145661364229123581,2025-12-09,t,,,1,365
1145661364229123581,2025-12-10,t,,,1,365
1145661364229123581,2025-12-11,t,,,1,365
1145661364229123581,2025-12-12,t,,,1,365
1145661364229123581,2025-12-13,t,,,1,365
1145661364229123581,2025-12-14,t,,,1,365
1145661364229123581,2025-12-15,t,,,1,365
1145661364229123581,2025-12-16,t,,,1,365
1145661364229123581,2025-12-17,t,,,1,365
1145661364229123581,2025-12-18,t,,,1,365
1145661364229123581,2025-12-19,t,,,1,365
1145661364229123581,2025-12-20,t,,,1,365
1145661364229123581,2025-12-21,t,,,1,365
1145661364229123581,2025-12-22,f,,,1,365
1145661364229123581,2025-12-23,f,,,1,365
1145661364229123581,2025-12-24,f,,,1,365
1145661364229123581,2025-12-25,f,,,1,365
1145661364229123581,2025-12-26,f,,,1,365
1145661364229123581,2025-12-27,f,,,1,365
1145661364229123581,2025-12-28,f,,,1,365
1145661364229123581,2025-12-29,f,,,1,365
1145661364229123581,2025-12-30,f,,,1,365
1145661364229123581,2025-12-31,f,,,1,365
1145661364229123581,2026-01-01,f,,,1,365
1145661364229123581,2026-01-02,f,,,1,365
1145661364229123581,2026-01-03,f,,,1,365
1145661364229123581,2026-01-04,f,,,1,365
1145661364229123581,2026-01-05,f,,,1,365
1145661364229123581,2026-01-06,f,,,1,365
1145661364229123581,2026-01-07,f,,,1,365
1145661364229123581,2026-01-08,f,,,1,365
1145661364229123581,2026-01-09,f,,,1,365
1145661364229123581,2026-01-10,f,,,1,365
1145661364229123581,2026-01-11,f,,,1,365
1145661364229123581,2026-01-12,f,,,1,365
1145661364229123581,2026-01-13,f,,,1,365
1145661364229123581,2026-01-14,f,,,1,365
1145661364229123581,2026-01-15,f,,,1,365
1145661364229123581,2026-01-16,f,,,1,365
1145661364229123581,2026-01-17,f,,,1,365
1145661364229123581,2026-01-18,f,,,1,365
1145661364229123581,2026-01-19,f,,,1,365
1145661364229123581,2026-01-20,f,,,1,365
1145661364229123581,2026-01-21,f,,,1,365
1145661364229123581,2026-01-22,f,,,1,365
1145661364229123581,2026-01-23,f,,,1,365
1145661364229123581,2026-01-24,f,,,1,365
1145661364229123581,2026-01-25,f,,,1,365
1145661364229123581,2026-01-26,f,,,1,365
1145661364229123581,2026-01-27,f,,,1,365
1145661364229123581,2026-01-28,f,,,1,365
1145661364229123581,2026-01-29,f,,,1,365
1145661364229123581,2026-01-30,f,,,1,365
1145661364229123581,2026-01-31,f,,,1,365
1145661364229123581,2026-02-01,f,,,1,365
1145661364229123581,2026-02-02,f,,,1,365
1145661364229123581,2026-02-03,f,,,1,365
1145661364229123581,2026-02-04,f,,,1,365
1145661364229123581,2026-02-05,f,,,1,365
1145661364229123581,2026-02-06,f,,,1,365
1145661364229123581,2026-02-07,f,,,1,365
1145661364229123581,2026-02-08,f,,,1,365
1145661364229123581,2026-02-09,f,,,1,365
1145661364229123581,2026-02-10,f,,,1,365
1145661364229123581,2026-02-11,f,,,1,365
1145661364229123581,2026-02-12,f,,,1,365
1145661364229123581,2026-02-13,f,,,1,365
1145661364229123581,2026-02-14,f,,,1,365
1145661364229123581,2026-02-15,f,,,1,365
1145661364229123581,2026-02-16,f,,,1,365
1145661364229123581,2026-02-17,f,,,1,365
1145661364229123581,2026-02-18,f,,,1,365
1145661364229123581,2026-02-19,f,,,1,365
1145661364229123581,2026-02-20,f,,,1,365
1145661364229123581,2026-02-21,f,,,1,365
1145661364229123581,2026-02-22,f,,,1,365
1145661364229123581,2026-02-23,f,,,1,365
1145661364229123581,2026-02-24,f,,,1,365
1145661364229123581,2026-02-25,f,,,1,365
1145661364229123581,2026-02-26,f,,,1,365
1145661364229123581,2026-02-27,f,,,1,365
1145661364229123581,2026-02-28,f,,,1,365
1145661364229123581,2026-03-01,f,,,1,365
1145661364229123581,2026-03-02,f,,,1,365
1145661364229123581,2026-03-03,f,,,1,365
1145661364229123581,2026-03-04,f,,,1,365
1145661364229123581,2026-03-05,f,,,1,365
1145661364229123581,2026-03-06,f,,,1,365
1145661364229123581,2026-03-07,f,,,1,365
1145661364229123581,2026-03-08,f,,,1,365
1145661364229123581,2026-03-09,f,,,1,365
1145661364229123581,2026-03-10,f,,,1,365
1145661364229123581,2026-03-11,f,,,1,365
1145661364229123581,2026-03-12,f,,,1,365
1145661364229123581,2026-03-13,f,,,1,365
1145661364229123581,2026-03-14,f,,,1,365
1145661364229123581,2026-03-15,f,,,1,365
1145661364229123581,2026-03-16,f,,,1,365
1145661364229123581,2026-03-17,f,,,1,365
1145661364229123581,2026-03-18,f,,,1,365
1145661364229123581,2026-03-19,f,,,1,365
1145661364229123581,2026-03-20,f,,,1,365
1145661364229123581,2026-03-21,f,,,1,365
1145661364229123581,2026-03-22,f,,,1,365
1145661364229123581,2026-03-23,f,,,1,365
1145661364229123581,2026-03-24,f,,,1,365
1145661364229123581,2026-03-25,f,,,1,365
1145661364229123581,2026-03-26,f,,,1,365
1145661364229123581,2026-03-27,f,,,1,365
1145661364229123581,2026-03-28,f,,,1,365
1145661364229123581,2026-03-29,f,,,1,365
1145661364229123581,2026-03-30,f,,,1,365
1145661364229123581,2026-03-31,f,,,1,365
1145661364229123581,2026-04-01,f,,,1,365
1145661364229123581,2026-04-02,f,,,1,365
1145661364229123581,2026-04-03,f,,,1,365
1145661364229123581,2026-04-04,f,,,1,365
1145661364229123581,2026-04-05,f,,,1,365
1145661364229123581,2026-04-06,f,,,1,365
1145661364229123581,2026-04-07,f,,,1,365
1145661364229123581,2026-04-08,f,,,1,365
1145661364229123581,2026-04-09,f,,,1,365
1145661364229123581,2026-04-10,f,,,1,365
1145661364229123581,2026-04-11,f,,,1,365
1145661364229123581,2026-04-12,f,,,1,365
1145661364229123581,2026-04-13,f,,,1,365
1145661364229123581,2026-04-14,f,,,1,365
1145661364229123581,2026-04-15,f,,,1,365
1145661364229123581,2026-04-16,f,,,1,365
1145661364229123581,2026-04-17,f,,,1,365
1145661364229123581,2026-04-18,f,,,1,365
1145661364229123581,2026-04-19,f,,,1,365
1145661364229123581,2026-04-20,f,,,1,365
1145661364229123581,2026-04-21,f,,,1,365
1145661364229123581,2026-04-22,f,,,1,365
1145661364229123581,2026-04-23,f,,,1,365
1145661364229123581,2026-04-24,f,,,1,365
1145661364229123581,2026-04-25,f,,,1,365
1145661364229123581,2026-04-26,f,,,1,365
1145661364229123581,2026-04-27,f,,,1,365
1145661364229123581,2026-04-28,f,,,1,365
1145661364229123581,2026-04-29,f,,,1,365
1145661364229123581,2026-04-30,f,,,1,365
1145661364229123581,2026-05-01,f,,,1,365
1145661364229123581,2026-05-02,f,,,1,365
1145661364229123581,2026-05-03,f,,,1,365
1145661364229123581,2026-05-04,f,,,1,365
1145661364229123581,2026-05-05,f,,,1,365
1145661364229123581,2026-05-06,f,,,1,365
1145661364229123581,2026-05-07,f,,,1,365
1145661364229123581,2026-05-08,f,,,1,365
1145661364229123581,2026-05-09,f,,,1,365
1145661364229123581,2026-05-10,f,,,1,365
1145661364229123581,2026-05-11,f,,,1,365
1145661364229123581,2026-05-12,f,,,1,365
1145661364229123581,2026-05-13,f,,,1,365
1145661364229123581,2026-05-14,f,,,1,365
1145661364229123581,2026-05-15,f,,,1,365
1145661364229123581,2026-05-16,f,,,1,365
1145661364229123581,2026-05-17,f,,,1,365
1145661364229123581,2026-05-18,f,,,1,365
1145661364229123581,2026-05-19,f,,,1,365
1145661364229123581,2026-05-20,f,,,1,365
1145661364229123581,2026-05-21,f,,,1,365
1145661364229123581,2026-05-22,f,,,1,365
1145661364229123581,2026-05-23,f,,,1,365
1145661364229123581,2026-05-24,f,,,1,365
1145661364229123581,2026-05-25,f,,,1,365
1145661364229123581,2026-05-26,f,,,1,365
1145661364229123581,2026-05-27,f,,,1,365
1145661364229123581,2026-05-28,f,,,1,365
1145661364229123581,2026-05-29,f,,,1,365
1145661364229123581,2026-05-30,f,,,1,365
1145661364229123581,2026-05-31,f,,,1,365
1145661364229123581,2026-06-01,f,,,1,365
1145661364229123581,2026-06-02,f,,,1,365
1145661364229123581,2026-06-03,f,,,1,365
1145661364229123581,2026-06-04,f,,,1,365
1145661364229123581,2026-06-05,f,,,1,365
1145661364229123581,2026-06-06,f,,,1,365
1145661364229123581,2026-06-07,f,,,1,365
1145661364229123581,2026-06-08,f,,,1,365
1145661364229123581,2026-06-09,f,,,1,365
1145661364229123581,2026-06-10,f,,,1,365
1145661364229123581,2026-06-11,f,,,1,365
1145661364229123581,2026-06-12,f,,,1,365
1145661364229123581,2026-06-13,f,,,1,365
1145661364229123581,2026-06-14,f,,,1,365
1145661364229123581,2026-06-15,f,,,1,365
1145661364229123581,2026-06-16,f,,,1,365
1145661364229123581,2026-06-17,f,,,1,365
1145661364229123581,2026-06-18,f,,,1,365
1145661364229123581,2026-06-19,f,,,1,365
1145661364229123581,2026-06-20,f,,,1,365
1145661364229123581,2026-06-21,f,,,1,365
1145661364229123581,2026-06-22,f,,,1,365
1145661364229123581,2026-06-23,f,,,1,365
1157014250473041580,2025-06-24,f,,,1,365
1157014250473041580,2025-06-25,f,,,1,365
1157014250473041580,2025-06-26,f,,,1,365
1157014250473041580,2025-06-27,f,,,1,365
1157014250473041580,2025-06-28,f,,,1,365
1157014250473041580,2025-06-29,f,,,1,365
1157014250473041580,2025-06-30,f,,,1,365
1157014250473041580,2025-07-01,f,,,1,365
1157014250473041580,2025-07-02,f,,,1,365
1157014250473041580,2025-07-03,f,,,1,365
1157014250473041580,2025-07-04,f,,,1,365
1157014250473041580,2025-07-05,f,,,1,365
1157014250473041580,2025-07-06,f,,,1,365
1157014250473041580,2025-07-07,f,,,1,365
1157014250473041580,2025-07-08,f,,,1,365
1157014250473041580,2025-07-09,f,,,1,365
1157014250473041580,2025-07-10,f,,,1,365
1157014250473041580,2025-07-11,f,,,1,365
1157014250473041580,2025-07-12,f,,,1,365
1157014250473041580,2025-07-13,f,,,1,365
1157014250473041580,2025-07-14,f,,,1,365
1157014250473041580,2025-07-15,f,,,1,365
1157014250473041580,2025-07-16,f,,,1,365
1157014250473041580,2025-07-17,f,,,1,365
1157014250473041580,2025-07-18,f,,,1,365
1157014250473041580,2025-07-19,f,,,1,365
1157014250473041580,2025-07-20,f,,,1,365
1157014250473041580,2025-07-21,f,,,1,365
1157014250473041580,2025-07-22,f,,,1,365
1157014250473041580,2025-07-23,f,,,1,365
1157014250473041580,2025-07-24,f,,,1,365
1157014250473041580,2025-07-25,f,,,1,365
1157014250473041580,2025-07-26,f,,,1,365
1157014250473041580,2025-07-27,f,,,1,365
1157014250473041580,2025-07-28,f,,,1,365
1157014250473041580,2025-07-29,f,,,1,365
1157014250473041580,2025-07-30,f,,,1,365
1157014250473041580,2025-07-31,f,,,1,365
1157014250473041580,2025-08-01,f,,,1,365
1157014250473041580,2025-08-02,f,,,1,365
1157014250473041580,2025-08-03,f,,,1,365
1157014250473041580,2025-08-04,f,,,1,365
1157014250473041580,2025-08-05,f,,,1,365
1157014250473041580,2025-08-06,f,,,1,365
1157014250473041580,2025-08-07,f,,,1,365
1157014250473041580,2025-08-08,f,,,1,365
1157014250473041580,2025-08-09,f,,,1,365
1157014250473041580,2025-08-10,f,,,1,365
1157014250473041580,2025-08-11,f,,,1,365
1157014250473041580,2025-08-12,f,,,1,365
1157014250473041580,2025-08-13,f,,,1,365
1157014250473041580,2025-08-14,f,,,1,365
1157014250473041580,2025-08-15,f,,,1,365
1157014250473041580,2025-08-16,f,,,1,365
1157014250473041580,2025-08-17,f,,,1,365
1157014250473041580,2025-08-18,f,,,1,365
1157014250473041580,2025-08-19,f,,,1,365
1157014250473041580,2025-08-20,f,,,1,365
1157014250473041580,2025-08-21,f,,,1,365
1157014250473041580,2025-08-22,f,,,1,365
1157014250473041580,2025-08-23,f,,,1,365
1157014250473041580,2025-08-24,f,,,1,365
1157014250473041580,2025-08-25,f,,,1,365
1157014250473041580,2025-08-26,f,,,1,365
1157014250473041580,2025-08-27,f,,,1,365
1157014250473041580,2025-08-28,f,,,1,365
1157014250473041580,2025-08-29,f,,,1,365
1157014250473041580,2025-08-30,f,,,1,365
1157014250473041580,2025-08-31,f,,,1,365
1157014250473041580,2025-09-01,f,,,1,365
1157014250473041580,2025-09-02,f,,,1,365
1157014250473041580,2025-09-03,f,,,1,365
1157014250473041580,2025-09-04,f,,,1,365
1157014250473041580,2025-09-05,f,,,1,365
1157014250473041580,2025-09-06,f,,,1,365
1157014250473041580,2025-09-07,f,,,1,365
1157014250473041580,2025-09-08,f,,,1,365
1157014250473041580,2025-09-09,f,,,1,365
1157014250473041580,2025-09-10,f,,,1,365
1157014250473041580,2025-09-11,f,,,1,365
1157014250473041580,2025-09-12,f,,,1,365
1157014250473041580,2025-09-13,f,,,1,365
1157014250473041580,2025-09-14,f,,,1,365
1157014250473041580,2025-09-15,f,,,1,365
1157014250473041580,2025-09-16,f,,,1,365
1157014250473041580,2025-09-17,f,,,1,365
1157014250473041580,2025-09-18,f,,,1,365
1157014250473041580,2025-09-19,f,,,1,365
1157014250473041580,2025-09-20,f,,,1,365
1157014250473041580,2025-09-21,f,,,1,365
1157014250473041580,2025-09-22,f,,,1,365
1157014250473041580,2025-09-23,f,,,1,365
1157014250473041580,2025-09-24,f,,,1,365
1157014250473041580,2025-09-25,f,,,1,365
1157014250473041580,2025-09-26,f,,,1,365
1157014250473041580,2025-09-27,f,,,1,365
1157014250473041580,2025-09-28,f,,,1,365
1157014250473041580,2025-09-29,f,,,1,365
1157014250473041580,2025-09-30,f,,,1,365
1157014250473041580,2025-10-01,f,,,1,365
1157014250473041580,2025-10-02,f,,,1,365
1157014250473041580,2025-10-03,f,,,1,365
1157014250473041580,2025-10-04,f,,,1,365
1157014250473041580,2025-10-05,f,,,1,365
1157014250473041580,2025-10-06,f,,,1,365
1157014250473041580,2025-10-07,f,,,1,365
1157014250473041580,2025-10-08,f,,,1,365
1157014250473041580,2025-10-09,f,,,1,365
1157014250473041580,2025-10-10,f,,,1,365
1157014250473041580,2025-10-11,f,,,1,365
1157014250473041580,2025-10-12,f,,,1,365
1157014250473041580,2025-10-13,f,,,1,365
1157014250473041580,2025-10-14,f,,,1,365
1157014250473041580,2025-10-15,f,,,1,365
1157014250473041580,2025-10-16,f,,,1,365
1157014250473041580,2025-10-17,f,,,1,365
1157014250473041580,2025-10-18,f,,,1,365
1157014250473041580,2025-10-19,f,,,1,365
1157014250473041580,2025-10-20,f,,,1,365
1157014250473041580,2025-10-21,f,,,1,365
1157014250473041580,2025-10-22,f,,,1,365
1157014250473041580,2025-10-23,f,,,1,365
1157014250473041580,2025-10-24,f,,,1,365
1157014250473041580,2025-10-25,f,,,1,365
1157014250473041580,2025-10-26,f,,,1,365
1157014250473041580,2025-10-27,f,,,1,365
1157014250473041580,2025-10-28,f,,,1,365
1157014250473041580,2025-10-29,f,,,1,365
1157014250473041580,2025-10-30,f,,,1,365
1157014250473041580,2025-10-31,f,,,1,365
1157014250473041580,2025-11-01,f,,,1,365
1157014250473041580,2025-11-02,f,,,1,365
1157014250473041580,2025-11-03,f,,,1,365
1157014250473041580,2025-11-04,f,,,1,365
1157014250473041580,2025-11-05,f,,,1,365
1157014250473041580,2025-11-06,f,,,1,365
1157014250473041580,2025-11-07,f,,,1,365
1157014250473041580,2025-11-08,f,,,1,365
1157014250473041580,2025-11-09,f,,,1,365
1157014250473041580,2025-11-10,f,,,1,365
1157014250473041580,2025-11-11,f,,,1,365
1157014250473041580,2025-11-12,f,,,1,365
1157014250473041580,2025-11-13,f,,,1,365
1157014250473041580,2025-11-14,f,,,1,365
1157014250473041580,2025-11-15,f,,,1,365
1157014250473041580,2025-11-16,f,,,1,365
1157014250473041580,2025-11-17,f,,,1,365
1157014250473041580,2025-11-18,f,,,1,365
1157014250473041580,2025-11-19,f,,,1,365
1157014250473041580,2025-11-20,f,,,1,365
1157014250473041580,2025-11-21,f,,,1,365
1157014250473041580,2025-11-22,f,,,1,365
1157014250473041580,2025-11-23,f,,,1,365
1157014250473041580,2025-11-24,f,,,1,365
1157014250473041580,2025-11-25,f,,,1,365
1157014250473041580,2025-11-26,f,,,1,365
1157014250473041580,2025-11-27,f,,,1,365
1157014250473041580,2025-11-28,f,,,1,365
1157014250473041580,2025-11-29,f,,,1,365
1157014250473041580,2025-11-30,f,,,1,365
1157014250473041580,2025-12-01,f,,,1,365
1157014250473041580,2025-12-02,f,,,1,365
1157014250473041580,2025-12-03,f,,,1,365
1157014250473041580,2025-12-04,f,,,1,365
1157014250473041580,2025-12-05,f,,,1,365
1157014250473041580,2025-12-06,f,,,1,365
1157014250473041580,2025-12-07,f,,,1,365
1157014250473041580,2025-12-08,f,,,1,365
1157014250473041580,2025-12-09,f,,,1,365
1157014250473041580,2025-12-10,f,,,1,365
1157014250473041580,2025-12-11,f,,,1,365
1157014250473041580,2025-12-12,f,,,1,365
1157014250473041580,2025-12-13,f,,,1,365
1157014250473041580,2025-12-14,f,,,1,365
1157014250473041580,2025-12-15,f,,,1,365
1157014250473041580,2025-12-16,f,,,1,365
1157014250473041580,2025-12-17,f,,,1,365
1157014250473041580,2025-12-18,f,,,1,365
1157014250473041580,2025-12-19,f,,,1,365
1157014250473041580,2025-12-20,f,,,1,365
1157014250473041580,2025-12-21,f,,,1,365
1157014250473041580,2025-12-22,f,,,1,365
1157014250473041580,2025-12-23,f,,,1,365
1157014250473041580,2025-12-24,f,,,1,365
1157014250473041580,2025-12-25,f,,,1,365
1157014250473041580,2025-12-26,f,,,1,365
1157014250473041580,2025-12-27,f,,,1,365
1157014250473041580,2025-12-28,f,,,1,365
1157014250473041580,2025-12-29,f,,,1,365
1157014250473041580,2025-12-30,f,,,1,365
1157014250473041580,2025-12-31,f,,,1,365
1157014250473041580,2026-01-01,f,,,1,365
1157014250473041580,2026-01-02,f,,,1,365
1157014250473041580,2026-01-03,f,,,1,365
1157014250473041580,2026-01-04,f,,,1,365
1157014250473041580,2026-01-05,f,,,1,365
1157014250473041580,2026-01-06,f,,,1,365
1157014250473041580,2026-01-07,f,,,1,365
1157014250473041580,2026-01-08,f,,,1,365
1157014250473041580,2026-01-09,f,,,1,365
1157014250473041580,2026-01-10,f,,,1,365
1157014250473041580,2026-01-11,f,,,1,365
1157014250473041580,2026-01-12,f,,,1,365
1157014250473041580,2026-01-13,f,,,1,365
1157014250473041580,2026-01-14,f,,,1,365
1157014250473041580,2026-01-15,f,,,1,365
1157014250473041580,2026-01-16,f,,,1,365
1157014250473041580,2026-01-17,f,,,1,365
1157014250473041580,2026-01-18,f,,,1,365
1157014250473041580,2026-01-19,f,,,1,365
1157014250473041580,2026-01-20,f,,,1,365
1157014250473041580,2026-01-21,f,,,1,365
1157014250473041580,2026-01-22,f,,,1,365
1157014250473041580,2026-01-23,f,,,1,365
1157014250473041580,2026-01-24,f,,,1,365
1157014250473041580,2026-01-25,f,,,1,365
1157014250473041580,2026-01-26,f,,,1,365
1157014250473041580,2026-01-27,f,,,1,365
1157014250473041580,2026-01-28,f,,,1,365
1157014250473041580,2026-01-29,f,,,1,365
1157014250473041580,2026-01-30,f,,,1,365
1157014250473041580,2026-01-31,f,,,1,365
1157014250473041580,2026-02-01,f,,,1,365
1157014250473041580,2026-02-02,f,,,1,365
1157014250473041580,2026-02-03,f,,,1,365
1157014250473041580,2026-02-04,f,,,1,365
1157014250473041580,2026-02-05,f,,,1,365
1157014250473041580,2026-02-06,f,,,1,365
1157014250473041580,2026-02-07,f,,,1,365
1157014250473041580,2026-02-08,t,,,1,365
1157014250473041580,2026-02-09,t,,,1,365
1157014250473041580,2026-02-10,t,,,1,365
1157014250473041580,2026-02-11,t,,,1,365
1157014250473041580,2026-02-12,t,,,1,365
1157014250473041580,2026-02-13,t,,,1,365
1157014250473041580,2026-02-14,t,,,1,365
1157014250473041580,2026-02-15,t,,,1,365
1157014250473041580,2026-02-16,t,,,1,365
1157014250473041580,2026-02-17,t,,,1,365
1157014250473041580,2026-02-18,t,,,1,365
1157014250473041580,2026-02-19,t,,,1,365
1157014250473041580,2026-02-20,t,,,1,365
1157014250473041580,2026-02-21,t,,,1,365
1157014250473041580,2026-02-22,t,,,1,365
1157014250473041580,2026-02-23,t,,,1,365
1157014250473041580,2026-02-24,t,,,1,365
1157014250473041580,2026-02-25,t,,,1,365
1157014250473041580,2026-02-26,t,,,1,365
1157014250473041580,2026-02-27,t,,,1,365
1157014250473041580,2026-02-28,t,,,1,365
1157014250473041580,2026-03-01,t,,,1,365
1157014250473041580,2026-03-02,t,,,1,365
1157014250473041580,2026-03-03,t,,,1,365
1157014250473041580,2026-03-04,t,,,1,365
1157014250473041580,2026-03-05,t,,,1,365
1157014250473041580,2026-03-06,t,,,1,365
1157014250473041580,2026-03-07,t,,,1,365
1157014250473041580,2026-03-08,t,,,1,365
1157014250473041580,2026-03-09,t,,,1,365
1157014250473041580,2026-03-10,t,,,1,365
1157014250473041580,2026-03-11,t,,,1,365
1157014250473041580,2026-03-12,t,,,1,365
1157014250473041580,2026-03-13,t,,,1,365
1157014250473041580,2026-03-14,t,,,1,365
1157014250473041580,2026-03-15,t,,,1,365
1157014250473041580,2026-03-16,t,,,1,365
1157014250473041580,2026-03-17,t,,,1,365
1157014250473041580,2026-03-18,t,,,1,365
1157014250473041580,2026-03-19,t,,,1,365
1157014250473041580,2026-03-20,t,,,1,365
1157014250473041580,2026-03-21,t,,,1,365
1157014250473041580,2026-03-22,t,,,1,365
1157014250473041580,2026-03-23,t,,,1,365
1157014250473041580,2026-03-24,t,,,1,365
1157014250473041580,2026-03-25,t,,,1,365
1157014250473041580,2026-03-26,t,,,1,365
1157014250473041580,2026-03-27,t,,,1,365
1157014250473041580,2026-03-28,t,,,1,365
1157014250473041580,2026-03-29,t,,,1,365
1157014250473041580,2026-03-30,t,,,1,365
1157014250473041580,2026-03-31,t,,,1,365
1157014250473041580,2026-04-01,t,,,1,365
1157014250473041580,2026-04-02,t,,,1,365
1157014250473041580,2026-04-03,t,,,1,365
1157014250473041580,2026-04-04,t,,,1,365
1157014250473041580,2026-04-05,t,,,1,365
1157014250473041580,2026-04-06,t,,,1,365
1157014250473041580,2026-04-07,t,,,1,365
1157014250473041580,2026-04-08,t,,,1,365
1157014250473041580,2026-04-09,t,,,1,365
1157014250473041580,2026-04-10,t,,,1,365
1157014250473041580,2026-04-11,t,,,1,365
1157014250473041580,2026-04-12,t,,,1,365
1157014250473041580,2026-04-13,t,,,1,365
1157014250473041580,2026-04-14,t,,,1,365
1157014250473041580,2026-04-15,t,,,1,365
1157014250473041580,2026-04-16,t,,,1,365
1157014250473041580,2026-04-17,t,,,1,365
1157014250473041580,2026-04-18,t,,,1,365
1157014250473041580,2026-04-19,t,,,1,365
1157014250473041580,2026-04-20,t,,,1,365
1157014250473041580,2026-04-21,t,,,1,365
1157014250473041580,2026-04-22,t,,,1,365
1157014250473041580,2026-04-23,t,,,1,365
1157014250473041580,2026-04-24,t,,,1,365
1157014250473041580,2026-04-25,t,,,1,365
1157014250473041580,2026-04-26,t,,,1,365
1157014250473041580,2026-04-27,t,,,1,365
1157014250473041580,2026-04-28,t,,,1,365
1157014250473041580,2026-04-29,t,,,1,365
1157014250473041580,2026-04-30,t,,,1,365
1157014250473041580,2026-05-01,t,,,1,365
1157014250473041580,2026-05-02,t,,,1,365
1157014250473041580,2026-05-03,t,,,1,365
1157014250473041580,2026-05-04,t,,,1,365
1157014250473041580,2026-05-05,t,,,1,365
1157014250473041580,2026-05-06,t,,,1,365
1157014250473041580,2026-05-07,t,,,1,365
1157014250473041580,2026-05-08,t,,,1,365
1157014250473041580,2026-05-09,t,,,1,365
1157014250473041580,2026-05-10,t,,,1,365
1157014250473041580,2026-05-11,t,,,1,365
1157014250473041580,2026-05-12,t,,,1,365
1157014250473041580,2026-05-13,t,,,1,365
1157014250473041580,2026-05-14,t,,,1,365
1157014250473041580,2026-05-15,t,,,1,365
1157014250473041580,2026-05-16,t,,,1,365
1157014250473041580,2026-05-17,t,,,1,365
1157014250473041580,2026-05-18,t,,,1,365
1157014250473041580,2026-05-19,t,,,1,365
1157014250473041580,2026-05-20,t,,,1,365
1157014250473041580,2026-05-21,t,,,1,365
1157014250473041580,2026-05-22,t,,,1,365
1157014250473041580,2026-05-23,t,,,1,365
1157014250473041580,2026-05-24,t,,,1,365
1157014250473041580,2026-05-25,t,,,1,365
1157014250473041580,2026-05-26,t,,,1,365
1157014250473041580,2026-05-27,t,,,1,365
1157014250473041580,2026-05-28,t,,,1,365
1157014250473041580,2026-05-29,t,,,1,365
1157014250473041580,2026-05-30,t,,,1,365
1157014250473041580,2026-05-31,t,,,1,365
1157014250473041580,2026-06-01,t,,,1,365
1157014250473041580,2026-06-02,t,,,1,365
1157014250473041580,2026-06-03,t,,,1,365
1157014250473041580,2026-06-04,t,,,1,365
1157014250473041580,2026-06-05,t,,,1,365
1157014250473041580,2026-06-06,t,,,1,365
1157014250473041580,2026-06-07,t,,,1,365
1157014250473041580,2026-06-08,t,,,1,365
1157014250473041580,2026-06-09,t,,,1,365
1157014250473041580,2026-06-10,t,,,1,365
1157014250473041580,2026-06-11,t,,,1,365
1157014250473041580,2026-06-12,t,,,1,365
1157014250473041580,2026-06-13,t,,,1,365
1157014250473041580,2026-06-14,t,,,1,365
1157014250473041580,2026-06-15,t,,,1,365
1157014250473041580,2026-06-16,t,,,1,365
1157014250473041580,2026-06-17,t,,,1,365
1157014250473041580,2026-06-18,t,,,1,365
1157014250473041580,2026-06-19,t,,,1,365
1157014250473041580,2026-06-20,t,,,1,365
1157014250473041580,2026-06-21,t,,,1,365
1157014250473041580,2026-06-22,t,,,1,365
1157014250473041580,2026-06-23,t,,,1,365
1176360913906929381,2025-06-24,f,,,6,365
1176360913906929381,2025-06-25,t,,,6,365
1176360913906929381,2025-06-26,t,,,6,365
1176360913906929381,2025-06-27,t,,,6,365
1176360913906929381,2025-06-28,t,,,6,365
1176360913906929381,2025-06-29,t,,,6,365
1176360913906929381,2025-06-30,t,,,6,365
1176360913906929381,2025-07-01,t,,,6,365
1176360913906929381,2025-07-02,t,,,6,365
1176360913906929381,2025-07-03,t,,,6,365
1176360913906929381,2025-07-04,t,,,6,365
1176360913906929381,2025-07-05,t,,,6,365
1176360913906929381,2025-07-06,t,,,6,365
1176360913906929381,2025-07-07,t,,,6,365
1176360913906929381,2025-07-08,t,,,6,365
1176360913906929381,2025-07-09,t,,,6,365
1176360913906929381,2025-07-10,t,,,6,365
1176360913906929381,2025-07-11,t,,,6,365
1176360913906929381,2025-07-12,t,,,6,365
1176360913906929381,2025-07-13,t,,,6,365
1176360913906929381,2025-07-14,t,,,6,365
1176360913906929381,2025-07-15,t,,,6,365
1176360913906929381,2025-07-16,t,,,6,365
1176360913906929381,2025-07-17,t,,,6,365
1176360913906929381,2025-07-18,t,,,6,365
1176360913906929381,2025-07-19,t,,,6,365
1176360913906929381,2025-07-20,t,,,6,365
1176360913906929381,2025-07-21,t,,,6,365
1176360913906929381,2025-07-22,t,,,6,365
1176360913906929381,2025-07-23,t,,,6,365
1176360913906929381,2025-07-24,t,,,6,365
1176360913906929381,2025-07-25,t,,,6,365
1176360913906929381,2025-07-26,t,,,6,365
1176360913906929381,2025-07-27,t,,,6,365
1176360913906929381,2025-07-28,t,,,6,365
1176360913906929381,2025-07-29,t,,,6,365
1176360913906929381,2025-07-30,t,,,6,365
1176360913906929381,2025-07-31,t,,,6,365
1176360913906929381,2025-08-01,t,,,6,365
1176360913906929381,2025-08-02,t,,,6,365
1176360913906929381,2025-08-03,t,,,6,365
1176360913906929381,2025-08-04,t,,,6,365
1176360913906929381,2025-08-05,t,,,6,365
1176360913906929381,2025-08-06,t,,,6,365
1176360913906929381,2025-08-07,t,,,6,365
1176360913906929381,2025-08-08,t,,,6,365
1176360913906929381,2025-08-09,t,,,6,365
1176360913906929381,2025-08-10,t,,,6,365
1176360913906929381,2025-08-11,t,,,6,365
1176360913906929381,2025-08-12,t,,,6,365
1176360913906929381,2025-08-13,t,,,6,365
1176360913906929381,2025-08-14,t,,,6,365
1176360913906929381,2025-08-15,t,,,6,365
1176360913906929381,2025-08-16,t,,,6,365
1176360913906929381,2025-08-17,t,,,6,365
1176360913906929381,2025-08-18,t,,,6,365
1176360913906929381,2025-08-19,t,,,6,365
1176360913906929381,2025-08-20,t,,,6,365
1176360913906929381,2025-08-21,t,,,6,365
1176360913906929381,2025-08-22,t,,,6,365
1176360913906929381,2025-08-23,t,,,6,365
1176360913906929381,2025-08-24,t,,,6,365
1176360913906929381,2025-08-25,t,,,6,365
1176360913906929381,2025-08-26,t,,,6,365
1176360913906929381,2025-08-27,t,,,6,365
1176360913906929381,2025-08-28,t,,,6,365
1176360913906929381,2025-08-29,t,,,6,365
1176360913906929381,2025-08-30,t,,,6,365
1176360913906929381,2025-08-31,t,,,6,365
1176360913906929381,2025-09-01,t,,,6,365
1176360913906929381,2025-09-02,t,,,6,365
1176360913906929381,2025-09-03,t,,,6,365
1176360913906929381,2025-09-04,t,,,6,365
1176360913906929381,2025-09-05,t,,,6,365
1176360913906929381,2025-09-06,t,,,6,365
1176360913906929381,2025-09-07,t,,,6,365
1176360913906929381,2025-09-08,t,,,6,365
1176360913906929381,2025-09-09,t,,,6,365
1176360913906929381,2025-09-10,t,,,6,365
1176360913906929381,2025-09-11,t,,,6,365
1176360913906929381,2025-09-12,t,,,6,365
1176360913906929381,2025-09-13,t,,,6,365
1176360913906929381,2025-09-14,t,,,6,365
1176360913906929381,2025-09-15,t,,,6,365
1176360913906929381,2025-09-16,t,,,6,365
1176360913906929381,2025-09-17,t,,,6,365
1176360913906929381,2025-09-18,t,,,6,365
1176360913906929381,2025-09-19,t,,,6,365
1176360913906929381,2025-09-20,t,,,6,365
1176360913906929381,2025-09-21,t,,,6,365
1176360913906929381,2025-09-22,t,,,6,365
1176360913906929381,2025-09-23,t,,,6,365
1176360913906929381,2025-09-24,t,,,6,365
1176360913906929381,2025-09-25,t,,,6,365
1176360913906929381,2025-09-26,t,,,6,365
1176360913906929381,2025-09-27,t,,,6,365
1176360913906929381,2025-09-28,t,,,6,365
1176360913906929381,2025-09-29,t,,,6,365
1176360913906929381,2025-09-30,t,,,6,365
1176360913906929381,2025-10-01,t,,,6,365
1176360913906929381,2025-10-02,t,,,6,365
1176360913906929381,2025-10-03,t,,,6,365
1176360913906929381,2025-10-04,t,,,6,365
1176360913906929381,2025-10-05,t,,,6,365
1176360913906929381,2025-10-06,t,,,6,365
1176360913906929381,2025-10-07,t,,,6,365
1176360913906929381,2025-10-08,t,,,6,365
1176360913906929381,2025-10-09,t,,,6,365
1176360913906929381,2025-10-10,t,,,6,365
1176360913906929381,2025-10-11,t,,,6,365
1176360913906929381,2025-10-12,t,,,6,365
1176360913906929381,2025-10-13,t,,,6,365
1176360913906929381,2025-10-14,t,,,6,365
1176360913906929381,2025-10-15,t,,,6,365
1176360913906929381,2025-10-16,t,,,6,365
1176360913906929381,2025-10-17,t,,,6,365
1176360913906929381,2025-10-18,t,,,6,365
1176360913906929381,2025-10-19,t,,,6,365
1176360913906929381,2025-10-20,t,,,6,365
1176360913906929381,2025-10-21,t,,,6,365
1176360913906929381,2025-10-22,t,,,6,365
1176360913906929381,2025-10-23,t,,,6,365
1176360913906929381,2025-10-24,t,,,6,365
1176360913906929381,2025-10-25,t,,,6,365
1176360913906929381,2025-10-26,t,,,6,365
1176360913906929381,2025-10-27,t,,,6,365
1176360913906929381,2025-10-28,t,,,6,365
1176360913906929381,2025-10-29,t,,,6,365
1176360913906929381,2025-10-30,t,,,6,365
1176360913906929381,2025-10-31,t,,,6,365
1176360913906929381,2025-11-01,t,,,6,365
1176360913906929381,2025-11-02,t,,,6,365
1176360913906929381,2025-11-03,t,,,6,365
1176360913906929381,2025-11-04,t,,,6,365
1176360913906929381,2025-11-05,t,,,6,365
1176360913906929381,2025-11-06,t,,,6,365
1176360913906929381,2025-11-07,t,,,6,365
1176360913906929381,2025-11-08,t,,,6,365
1176360913906929381,2025-11-09,t,,,6,365
1176360913906929381,2025-11-10,t,,,6,365
1176360913906929381,2025-11-11,t,,,6,365
1176360913906929381,2025-11-12,t,,,6,365
1176360913906929381,2025-11-13,t,,,6,365
1176360913906929381,2025-11-14,t,,,6,365
1176360913906929381,2025-11-15,t,,,6,365
1176360913906929381,2025-11-16,t,,,6,365
1176360913906929381,2025-11-17,t,,,6,365
1176360913906929381,2025-11-18,t,,,6,365
1176360913906929381,2025-11-19,t,,,6,365
1176360913906929381,2025-11-20,t,,,6,365
1176360913906929381,2025-11-21,t,,,6,365
1176360913906929381,2025-11-22,t,,,6,365
1176360913906929381,2025-11-23,t,,,6,365
1176360913906929381,2025-11-24,t,,,6,365
1176360913906929381,2025-11-25,t,,,6,365
1176360913906929381,2025-11-26,t,,,6,365
1176360913906929381,2025-11-27,t,,,6,365
1176360913906929381,2025-11-28,t,,,6,365
1176360913906929381,2025-11-29,t,,,6,365
1176360913906929381,2025-11-30,t,,,6,365
1176360913906929381,2025-12-01,t,,,6,365
1176360913906929381,2025-12-02,t,,,6,365
1176360913906929381,2025-12-03,t,,,6,365
1176360913906929381,2025-12-04,t,,,6,365
1176360913906929381,2025-12-05,t,,,6,365
1176360913906929381,2025-12-06,t,,,6,365
1176360913906929381,2025-12-07,t,,,6,365
1176360913906929381,2025-12-08,t,,,6,365
1176360913906929381,2025-12-09,t,,,6,365
1176360913906929381,2025-12-10,t,,,6,365
1176360913906929381,2025-12-11,t,,,6,365
1176360913906929381,2025-12-12,t,,,6,365
1176360913906929381,2025-12-13,t,,,6,365
1176360913906929381,2025-12-14,t,,,6,365
1176360913906929381,2025-12-15,t,,,6,365
1176360913906929381,2025-12-16,t,,,6,365
1176360913906929381,2025-12-17,t,,,6,365
1176360913906929381,2025-12-18,t,,,6,365
1176360913906929381,2025-12-19,t,,,6,365
1176360913906929381,2025-12-20,t,,,6,365
1176360913906929381,2025-12-21,t,,,6,365
1176360913906929381,2025-12-22,t,,,6,365
1176360913906929381,2025-12-23,t,,,6,365
1176360913906929381,2025-12-24,t,,,6,365
1176360913906929381,2025-12-25,t,,,6,365
1176360913906929381,2025-12-26,t,,,6,365
1176360913906929381,2025-12-27,t,,,6,365
1176360913906929381,2025-12-28,t,,,6,365
1176360913906929381,2025-12-29,t,,,6,365
1176360913906929381,2025-12-30,t,,,6,365
1176360913906929381,2025-12-31,t,,,6,365
1176360913906929381,2026-01-01,t,,,6,365
1176360913906929381,2026-01-02,t,,,6,365
1176360913906929381,2026-01-03,t,,,6,365
1176360913906929381,2026-01-04,t,,,6,365
1176360913906929381,2026-01-05,t,,,6,365
1176360913906929381,2026-01-06,t,,,6,365
1176360913906929381,2026-01-07,t,,,6,365
1176360913906929381,2026-01-08,t,,,6,365
1176360913906929381,2026-01-09,t,,,6,365
1176360913906929381,2026-01-10,t,,,6,365
1176360913906929381,2026-01-11,t,,,6,365
1176360913906929381,2026-01-12,t,,,6,365
1176360913906929381,2026-01-13,t,,,6,365
1176360913906929381,2026-01-14,t,,,6,365
1176360913906929381,2026-01-15,t,,,6,365
1176360913906929381,2026-01-16,t,,,6,365
1176360913906929381,2026-01-17,t,,,6,365
1176360913906929381,2026-01-18,t,,,6,365
1176360913906929381,2026-01-19,t,,,6,365
1176360913906929381,2026-01-20,t,,,6,365
1176360913906929381,2026-01-21,t,,,6,365
1176360913906929381,2026-01-22,t,,,6,365
1176360913906929381,2026-01-23,t,,,6,365
1176360913906929381,2026-01-24,t,,,6,365
1176360913906929381,2026-01-25,t,,,6,365
1176360913906929381,2026-01-26,t,,,6,365
1176360913906929381,2026-01-27,t,,,6,365
1176360913906929381,2026-01-28,t,,,6,365
1176360913906929381,2026-01-29,t,,,6,365
1176360913906929381,2026-01-30,t,,,6,365
1176360913906929381,2026-01-31,t,,,6,365
1176360913906929381,2026-02-01,t,,,6,365
1176360913906929381,2026-02-02,t,,,6,365
1176360913906929381,2026-02-03,t,,,6,365
1176360913906929381,2026-02-04,t,,,6,365
1176360913906929381,2026-02-05,t,,,6,365
1176360913906929381,2026-02-06,t,,,6,365
1176360913906929381,2026-02-07,t,,,6,365
1176360913906929381,2026-02-08,t,,,6,365
1176360913906929381,2026-02-09,t,,,6,365
1176360913906929381,2026-02-10,t,,,6,365
1176360913906929381,2026-02-11,t,,,6,365
1176360913906929381,2026-02-12,t,,,6,365
1176360913906929381,2026-02-13,t,,,6,365
1176360913906929381,2026-02-14,t,,,6,365
1176360913906929381,2026-02-15,t,,,6,365
1176360913906929381,2026-02-16,t,,,6,365
1176360913906929381,2026-02-17,t,,,6,365
1176360913906929381,2026-02-18,t,,,6,365
1176360913906929381,2026-02-19,t,,,6,365
1176360913906929381,2026-02-20,t,,,6,365
1176360913906929381,2026-02-21,t,,,6,365
1176360913906929381,2026-02-22,t,,,6,365
1176360913906929381,2026-02-23,t,,,6,365
1176360913906929381,2026-02-24,t,,,6,365
1176360913906929381,2026-02-25,t,,,6,365
1176360913906929381,2026-02-26,t,,,6,365
1176360913906929381,2026-02-27,t,,,6,365
1176360913906929381,2026-02-28,t,,,6,365
1176360913906929381,2026-03-01,t,,,6,365
1176360913906929381,2026-03-02,t,,,6,365
1176360913906929381,2026-03-03,t,,,6,365
1176360913906929381,2026-03-04,t,,,6,365
1176360913906929381,2026-03-05,t,,,6,365
1176360913906929381,2026-03-06,t,,,6,365
1176360913906929381,2026-03-07,t,,,6,365
1176360913906929381,2026-03-08,t,,,6,365
1176360913906929381,2026-03-09,t,,,6,365
1176360913906929381,2026-03-10,t,,,6,365
1176360913906929381,2026-03-11,t,,,6,365
1176360913906929381,2026-03-12,t,,,6,365
1176360913906929381,2026-03-13,t,,,6,365
1176360913906929381,2026-03-14,t,,,6,365
1176360913906929381,2026-03-15,t,,,6,365
1176360913906929381,2026-03-16,t,,,6,365
1176360913906929381,2026-03-17,t,,,6,365
1176360913906929381,2026-03-18,t,,,6,365
1176360913906929381,2026-03-19,t,,,6,365
1176360913906929381,2026-03-20,t,,,6,365
1176360913906929381,2026-03-21,t,,,6,365
1176360913906929381,2026-03-22,f,,,6,365
1176360913906929381,2026-03-23,f,,,6,365
1176360913906929381,2026-03-24,f,,,6,365
1176360913906929381,2026-03-25,f,,,6,365
1176360913906929381,2026-03-26,f,,,6,365
1176360913906929381,2026-03-27,f,,,6,365
1176360913906929381,2026-03-28,f,,,6,365
1176360913906929381,2026-03-29,f,,,6,365
1176360913906929381,2026-03-30,f,,,6,365
1176360913906929381,2026-03-31,f,,,6,365
1176360913906929381,2026-04-01,f,,,6,365
1176360913906929381,2026-04-02,f,,,6,365
1176360913906929381,2026-04-03,f,,,6,365
1176360913906929381,2026-04-04,f,,,6,365
1176360913906929381,2026-04-05,f,,,6,365
1176360913906929381,2026-04-06,f,,,6,365
1176360913906929381,2026-04-07,f,,,6,365
1176360913906929381,2026-04-08,f,,,6,365
1176360913906929381,2026-04-09,f,,,6,365
1176360913906929381,2026-04-10,f,,,6,365
1176360913906929381,2026-04-11,f,,,6,365
1176360913906929381,2026-04-12,f,,,6,365
1176360913906929381,2026-04-13,f,,,6,365
1176360913906929381,2026-04-14,f,,,6,365
1176360913906929381,2026-04-15,f,,,6,365
1176360913906929381,2026-04-16,f,,,6,365
1176360913906929381,2026-04-17,f,,,6,365
1176360913906929381,2026-04-18,f,,,6,365
1176360913906929381,2026-04-19,f,,,6,365
1176360913906929381,2026-04-20,f,,,6,365
1176360913906929381,2026-04-21,f,,,6,365
1176360913906929381,2026-04-22,f,,,6,365
1176360913906929381,2026-04-23,f,,,6,365
1176360913906929381,2026-04-24,f,,,6,365
1176360913906929381,2026-04-25,f,,,6,365
1176360913906929381,2026-04-26,f,,,6,365
1176360913906929381,2026-04-27,f,,,6,365
1176360913906929381,2026-04-28,f,,,6,365
1176360913906929381,2026-04-29,f,,,6,365
1176360913906929381,2026-04-30,f,,,6,365
1176360913906929381,2026-05-01,f,,,6,365
1176360913906929381,2026-05-02,f,,,6,365
1176360913906929381,2026-05-03,f,,,6,365
1176360913906929381,2026-05-04,f,,,6,365
1176360913906929381,2026-05-05,f,,,6,365
1176360913906929381,2026-05-06,f,,,6,365
1176360913906929381,2026-05-07,f,,,6,365
1176360913906929381,2026-05-08,f,,,6,365
1176360913906929381,2026-05-09,f,,,6,365
1176360913906929381,2026-05-10,f,,,6,365
1176360913906929381,2026-05-11,f,,,6,365
1176360913906929381,2026-05-12,f,,,6,365
1176360913906929381,2026-05-13,f,,,6,365
1176360913906929381,2026-05-14,f,,,6,365
1176360913906929381,2026-05-15,f,,,6,365
1176360913906929381,2026-05-16,f,,,6,365
1176360913906929381,2026-05-17,f,,,6,365
1176360913906929381,2026-05-18,f,,,6,365
1176360913906929381,2026-05-19,f,,,6,365
1176360913906929381,2026-05-20,f,,,6,365
1176360913906929381,2026-05-21,f,,,6,365
1176360913906929381,2026-05-22,f,,,6,365
1176360913906929381,2026-05-23,f,,,6,365
1176360913906929381,2026-05-24,f,,,6,365
1176360913906929381,2026-05-25,f,,,6,365
1176360913906929381,2026-05-26,f,,,6,365
1176360913906929381,2026-05-27,f,,,6,365
1176360913906929381,2026-05-28,f,,,6,365
1176360913906929381,2026-05-29,f,,,6,365
1176360913906929381,2026-05-30,f,,,6,365
1176360913906929381,2026-05-31,f,,,6,365
1176360913906929381,2026-06-01,f,,,6,365
1176360913906929381,2026-06-02,f,,,6,365
1176360913906929381,2026-06-03,f,,,6,365
1176360913906929381,2026-06-04,f,,,6,365
1176360913906929381,2026-06-05,f,,,6,365
1176360913906929381,2026-06-06,f,,,6,365
1176360913906929381,2026-06-07,f,,,6,365
1176360913906929381,2026-06-08,f,,,6,365
1176360913906929381,2026-06-09,f,,,6,365
1176360913906929381,2026-06-10,f,,,6,365
1176360913906929381,2026-06-11,f,,,6,365
1176360913906929381,2026-06-12,f,,,6,365
1176360913906929381,2026-06-13,f,,,6,365
1176360913906929381,2026-06-14,f,,,6,365
1176360913906929381,2026-06-15,f,,,6,365
1176360913906929381,2026-06-16,f,,,6,365
1176360913906929381,2026-06-17,f,,,6,365
1176360913906929381,2026-06-18,f,,,6,365
1176360913906929381,2026-06-19,f,,,6,365
1176360913906929381,2026-06-20,f,,,6,365
1176360913906929381,2026-06-21,f,,,6,365
1176360913906929381,2026-06-22,f,,,6,365
1176360913906929381,2026-06-23,f,,,6,365
1182382536683147680,2025-06-24,f,,,1,365
1182382536683147680,2025-06-25,f,,,1,365
1182382536683147680,2025-06-26,f,,,1,365
1182382536683147680,2025-06-27,f,,,1,365
1182382536683147680,2025-06-28,f,,,1,365
1182382536683147680,2025-06-29,f,,,1,365
1182382536683147680,2025-06-30,f,,,1,365
1182382536683147680,2025-07-01,f,,,1,365
1182382536683147680,2025-07-02,f,,,1,365
1182382536683147680,2025-07-03,t,,,1,365
1182382536683147680,2025-07-04,f,,,1,365
1182382536683147680,2025-07-05,f,,,1,365
1182382536683147680,2025-07-06,t,,,1,365
1182382536683147680,2025-07-07,f,,,1,365
1182382536683147680,2025-07-08,f,,,1,365
1182382536683147680,2025-07-09,f,,,1,365
1182382536683147680,2025-07-10,f,,,1,365
1182382536683147680,2025-07-11,f,,,1,365
1182382536683147680,2025-07-12,f,,,1,365
1182382536683147680,2025-07-13,f,,,1,365
1182382536683147680,2025-07-14,f,,,1,365
1182382536683147680,2025-07-15,f,,,1,365
1182382536683147680,2025-07-16,f,,,1,365
1182382536683147680,2025-07-17,f,,,1,365
1182382536683147680,2025-07-18,f,,,1,365
1182382536683147680,2025-07-19,f,,,1,365
1182382536683147680,2025-07-20,t,,,1,365
1182382536683147680,2025-07-21,t,,,1,365
1182382536683147680,2025-07-22,f,,,1,365
1182382536683147680,2025-07-23,f,,,1,365
1182382536683147680,2025-07-24,f,,,1,365
1182382536683147680,2025-07-25,f,,,1,365
1182382536683147680,2025-07-26,f,,,1,365
1182382536683147680,2025-07-27,f,,,1,365
1182382536683147680,2025-07-28,t,,,1,365
1182382536683147680,2025-07-29,t,,,1,365
1182382536683147680,2025-07-30,f,,,1,365
1182382536683147680,2025-07-31,f,,,1,365
1182382536683147680,2025-08-01,f,,,1,365
1182382536683147680,2025-08-02,f,,,1,365
1182382536683147680,2025-08-03,f,,,1,365
1182382536683147680,2025-08-04,f,,,1,365
1182382536683147680,2025-08-05,f,,,1,365
1182382536683147680,2025-08-06,f,,,1,365
1182382536683147680,2025-08-07,t,,,1,365
1182382536683147680,2025-08-08,t,,,1,365
1182382536683147680,2025-08-09,t,,,1,365
1182382536683147680,2025-08-10,t,,,1,365
1182382536683147680,2025-08-11,f,,,1,365
1182382536683147680,2025-08-12,f,,,1,365
1182382536683147680,2025-08-13,f,,,1,365
1182382536683147680,2025-08-14,f,,,1,365
1182382536683147680,2025-08-15,f,,,1,365
1182382536683147680,2025-08-16,f,,,1,365
1182382536683147680,2025-08-17,f,,,1,365
1182382536683147680,2025-08-18,t,,,1,365
1182382536683147680,2025-08-19,f,,,1,365
1182382536683147680,2025-08-20,f,,,1,365
1182382536683147680,2025-08-21,f,,,1,365
1182382536683147680,2025-08-22,f,,,1,365
1182382536683147680,2025-08-23,f,,,1,365
1182382536683147680,2025-08-24,f,,,1,365
1182382536683147680,2025-08-25,f,,,1,365
1182382536683147680,2025-08-26,f,,,1,365
1182382536683147680,2025-08-27,f,,,1,365
1182382536683147680,2025-08-28,f,,,1,365
1182382536683147680,2025-08-29,f,,,1,365
1182382536683147680,2025-08-30,f,,,1,365
1182382536683147680,2025-08-31,f,,,1,365
1182382536683147680,2025-09-01,f,,,1,365
1182382536683147680,2025-09-02,f,,,1,365
1182382536683147680,2025-09-03,f,,,1,365
1182382536683147680,2025-09-04,f,,,1,365
1182382536683147680,2025-09-05,f,,,1,365
1182382536683147680,2025-09-06,f,,,1,365
1182382536683147680,2025-09-07,f,,,1,365
1182382536683147680,2025-09-08,f,,,1,365
1182382536683147680,2025-09-09,t,,,1,365
1182382536683147680,2025-09-10,t,,,1,365
1182382536683147680,2025-09-11,t,,,1,365
1182382536683147680,2025-09-12,f,,,1,365
1182382536683147680,2025-09-13,t,,,1,365
1182382536683147680,2025-09-14,f,,,1,365
1182382536683147680,2025-09-15,f,,,1,365
1182382536683147680,2025-09-16,f,,,1,365
1182382536683147680,2025-09-17,f,,,1,365
1182382536683147680,2025-09-18,f,,,1,365
1182382536683147680,2025-09-19,f,,,1,365
1182382536683147680,2025-09-20,f,,,1,365
1182382536683147680,2025-09-21,f,,,1,365
1182382536683147680,2025-09-22,f,,,1,365
1182382536683147680,2025-09-23,f,,,1,365
1182382536683147680,2025-09-24,f,,,1,365
1182382536683147680,2025-09-25,f,,,1,365
1182382536683147680,2025-09-26,f,,,1,365
1182382536683147680,2025-09-27,f,,,1,365
1182382536683147680,2025-09-28,f,,,1,365
1182382536683147680,2025-09-29,t,,,1,365
1182382536683147680,2025-09-30,t,,,1,365
1182382536683147680,2025-10-01,f,,,1,365
1182382536683147680,2025-10-02,f,,,1,365
1182382536683147680,2025-10-03,f,,,1,365
1182382536683147680,2025-10-04,f,,,1,365
1182382536683147680,2025-10-05,f,,,1,365
1182382536683147680,2025-10-06,f,,,1,365
1182382536683147680,2025-10-07,f,,,1,365
1182382536683147680,2025-10-08,f,,,1,365
1182382536683147680,2025-10-09,f,,,1,365
1182382536683147680,2025-10-10,f,,,1,365
1182382536683147680,2025-10-11,f,,,1,365
1182382536683147680,2025-10-12,f,,,1,365
1182382536683147680,2025-10-13,f,,,1,365
1182382536683147680,2025-10-14,f,,,1,365
1182382536683147680,2025-10-15,f,,,1,365
1182382536683147680,2025-10-16,f,,,1,365
1182382536683147680,2025-10-17,f,,,1,365
1182382536683147680,2025-10-18,f,,,1,365
1182382536683147680,2025-10-19,f,,,1,365
1182382536683147680,2025-10-20,f,,,1,365
1182382536683147680,2025-10-21,f,,,1,365
1182382536683147680,2025-10-22,f,,,1,365
1182382536683147680,2025-10-23,f,,,1,365
1182382536683147680,2025-10-24,f,,,1,365
1182382536683147680,2025-10-25,f,,,1,365
1182382536683147680,2025-10-26,f,,,1,365
1182382536683147680,2025-10-27,f,,,1,365
1182382536683147680,2025-10-28,f,,,1,365
1182382536683147680,2025-10-29,f,,,1,365
1182382536683147680,2025-10-30,f,,,1,365
1182382536683147680,2025-10-31,f,,,1,365
1182382536683147680,2025-11-01,f,,,1,365
1182382536683147680,2025-11-02,f,,,1,365
1182382536683147680,2025-11-03,f,,,1,365
1182382536683147680,2025-11-04,f,,,1,365
1182382536683147680,2025-11-05,t,,,1,365
1182382536683147680,2025-11-06,f,,,1,365
1182382536683147680,2025-11-07,f,,,1,365
1182382536683147680,2025-11-08,f,,,1,365
1182382536683147680,2025-11-09,f,,,1,365
1182382536683147680,2025-11-10,f,,,1,365
1182382536683147680,2025-11-11,f,,,1,365
1182382536683147680,2025-11-12,f,,,1,365
1182382536683147680,2025-11-13,f,,,1,365
1182382536683147680,2025-11-14,t,,,1,365
1182382536683147680,2025-11-15,t,,,1,365
1182382536683147680,2025-11-16,f,,,1,365
1182382536683147680,2025-11-17,t,,,1,365
1182382536683147680,2025-11-18,t,,,1,365
1182382536683147680,2025-11-19,t,,,1,365
1182382536683147680,2025-11-20,t,,,1,365
1182382536683147680,2025-11-21,t,,,1,365
1182382536683147680,2025-11-22,t,,,1,365
1182382536683147680,2025-11-23,f,,,1,365
1182382536683147680,2025-11-24,f,,,1,365
1182382536683147680,2025-11-25,t,,,1,365
1182382536683147680,2025-11-26,t,,,1,365
1182382536683147680,2025-11-27,f,,,1,365
1182382536683147680,2025-11-28,f,,,1,365
1182382536683147680,2025-11-29,f,,,1,365
1182382536683147680,2025-11-30,t,,,1,365
1182382536683147680,2025-12-01,t,,,1,365
1182382536683147680,2025-12-02,t,,,1,365
1182382536683147680,2025-12-03,t,,,1,365
1182382536683147680,2025-12-04,t,,,1,365
1182382536683147680,2025-12-05,t,,,1,365
1182382536683147680,2025-12-06,f,,,1,365
1182382536683147680,2025-12-07,f,,,1,365
1182382536683147680,2025-12-08,f,,,1,365
1182382536683147680,2025-12-09,f,,,1,365
1182382536683147680,2025-12-10,f,,,1,365
1182382536683147680,2025-12-11,f,,,1,365
1182382536683147680,2025-12-12,f,,,1,365
1182382536683147680,2025-12-13,f,,,1,365
1182382536683147680,2025-12-14,f,,,1,365
1182382536683147680,2025-12-15,f,,,1,365
1182382536683147680,2025-12-16,f,,,1,365
1182382536683147680,2025-12-17,f,,,1,365
1182382536683147680,2025-12-18,f,,,1,365
1182382536683147680,2025-12-19,f,,,1,365
1182382536683147680,2025-12-20,f,,,1,365
1182382536683147680,2025-12-21,f,,,1,365
1182382536683147680,2025-12-22,f,,,1,365
1182382536683147680,2025-12-23,f,,,1,365
1182382536683147680,2025-12-24,f,,,1,365
1182382536683147680,2025-12-25,f,,,1,365
1182382536683147680,2025-12-26,f,,,1,365
1182382536683147680,2025-12-27,f,,,1,365
1182382536683147680,2025-12-28,f,,,1,365
1182382536683147680,2025-12-29,f,,,1,365
1182382536683147680,2025-12-30,f,,,1,365
1182382536683147680,2025-12-31,f,,,1,365
1182382536683147680,2026-01-01,f,,,1,365
1182382536683147680,2026-01-02,f,,,1,365
1182382536683147680,2026-01-03,f,,,1,365
1182382536683147680,2026-01-04,f,,,1,365
1182382536683147680,2026-01-05,f,,,1,365
1182382536683147680,2026-01-06,t,,,1,365
1182382536683147680,2026-01-07,t,,,1,365
1182382536683147680,2026-01-08,t,,,1,365
1182382536683147680,2026-01-09,t,,,1,365
1182382536683147680,2026-01-10,t,,,1,365
1182382536683147680,2026-01-11,t,,,1,365
1182382536683147680,2026-01-12,t,,,1,365
1182382536683147680,2026-01-13,t,,,1,365
1182382536683147680,2026-01-14,t,,,1,365
1182382536683147680,2026-01-15,t,,,1,365
1182382536683147680,2026-01-16,f,,,1,365
1182382536683147680,2026-01-17,f,,,1,365
1182382536683147680,2026-01-18,t,,,1,365
1182382536683147680,2026-01-19,t,,,1,365
1182382536683147680,2026-01-20,t,,,1,365
1182382536683147680,2026-01-21,t,,,1,365
1182382536683147680,2026-01-22,t,,,1,365
1182382536683147680,2026-01-23,t,,,1,365
1182382536683147680,2026-01-24,t,,,1,365
1182382536683147680,2026-01-25,t,,,1,365
1182382536683147680,2026-01-26,t,,,1,365
1182382536683147680,2026-01-27,t,,,1,365
1182382536683147680,2026-01-28,t,,,1,365
1182382536683147680,2026-01-29,t,,,1,365
1182382536683147680,2026-01-30,t,,,1,365
1182382536683147680,2026-01-31,t,,,1,365
1182382536683147680,2026-02-01,t,,,1,365
1182382536683147680,2026-02-02,t,,,1,365
1182382536683147680,2026-02-03,t,,,1,365
1182382536683147680,2026-02-04,t,,,1,365
1182382536683147680,2026-02-05,t,,,1,365
1182382536683147680,2026-02-06,t,,,1,365
1182382536683147680,2026-02-07,t,,,1,365
1182382536683147680,2026-02-08,t,,,1,365
1182382536683147680,2026-02-09,t,,,1,365
1182382536683147680,2026-02-10,t,,,1,365
1182382536683147680,2026-02-11,t,,,1,365
1182382536683147680,2026-02-12,t,,,1,365
1182382536683147680,2026-02-13,t,,,1,365
1182382536683147680,2026-02-14,t,,,1,365
1182382536683147680,2026-02-15,t,,,1,365
1182382536683147680,2026-02-16,t,,,1,365
1182382536683147680,2026-02-17,t,,,1,365
1182382536683147680,2026-02-18,t,,,1,365
1182382536683147680,2026-02-19,t,,,1,365
1182382536683147680,2026-02-20,t,,,1,365
1182382536683147680,2026-02-21,t,,,1,365
1182382536683147680,2026-02-22,t,,,1,365
1182382536683147680,2026-02-23,t,,,1,365
1182382536683147680,2026-02-24,t,,,1,365
1182382536683147680,2026-02-25,t,,,1,365
1182382536683147680,2026-02-26,t,,,1,365
1182382536683147680,2026-02-27,t,,,1,365
1182382536683147680,2026-02-28,t,,,1,365
1182382536683147680,2026-03-01,t,,,1,365
1182382536683147680,2026-03-02,t,,,1,365
1182382536683147680,2026-03-03,t,,,1,365
1182382536683147680,2026-03-04,t,,,1,365
1182382536683147680,2026-03-05,t,,,1,365
1182382536683147680,2026-03-06,t,,,1,365
1182382536683147680,2026-03-07,t,,,1,365
1182382536683147680,2026-03-08,t,,,1,365
1182382536683147680,2026-03-09,t,,,1,365
1182382536683147680,2026-03-10,t,,,1,365
1182382536683147680,2026-03-11,t,,,1,365
1182382536683147680,2026-03-12,t,,,1,365
1182382536683147680,2026-03-13,t,,,1,365
1182382536683147680,2026-03-14,t,,,1,365
1182382536683147680,2026-03-15,t,,,1,365
1182382536683147680,2026-03-16,t,,,1,365
1182382536683147680,2026-03-17,t,,,1,365
1182382536683147680,2026-03-18,t,,,1,365
1182382536683147680,2026-03-19,t,,,1,365
1182382536683147680,2026-03-20,t,,,1,365
1182382536683147680,2026-03-21,t,,,1,365
1182382536683147680,2026-03-22,t,,,1,365
1182382536683147680,2026-03-23,t,,,1,365
1182382536683147680,2026-03-24,t,,,1,365
1182382536683147680,2026-03-25,t,,,1,365
1182382536683147680,2026-03-26,t,,,1,365
1182382536683147680,2026-03-27,t,,,1,365
1182382536683147680,2026-03-28,t,,,1,365
1182382536683147680,2026-03-29,t,,,1,365
1182382536683147680,2026-03-30,t,,,1,365
1182382536683147680,2026-03-31,t,,,1,365
1182382536683147680,2026-04-01,t,,,1,365
1182382536683147680,2026-04-02,t,,,1,365
1182382536683147680,2026-04-03,t,,,1,365
1182382536683147680,2026-04-04,t,,,1,365
1182382536683147680,2026-04-05,t,,,1,365
1182382536683147680,2026-04-06,t,,,1,365
1182382536683147680,2026-04-07,t,,,1,365
1182382536683147680,2026-04-08,t,,,1,365
1182382536683147680,2026-04-09,t,,,1,365
1182382536683147680,2026-04-10,t,,,1,365
1182382536683147680,2026-04-11,t,,,1,365
1182382536683147680,2026-04-12,t,,,1,365
1182382536683147680,2026-04-13,t,,,1,365
1182382536683147680,2026-04-14,t,,,1,365
1182382536683147680,2026-04-15,t,,,1,365
1182382536683147680,2026-04-16,t,,,1,365
1182382536683147680,2026-04-17,t,,,1,365
1182382536683147680,2026-04-18,t,,,1,365
1182382536683147680,2026-04-19,t,,,1,365
1182382536683147680,2026-04-20,t,,,1,365
1182382536683147680,2026-04-21,t,,,1,365
1182382536683147680,2026-04-22,t,,,1,365
1182382536683147680,2026-04-23,t,,,1,365
1182382536683147680,2026-04-24,t,,,1,365
1182382536683147680,2026-04-25,t,,,1,365
1182382536683147680,2026-04-26,t,,,1,365
1182382536683147680,2026-04-27,t,,,1,365
1182382536683147680,2026-04-28,t,,,1,365
1182382536683147680,2026-04-29,t,,,1,365
1182382536683147680,2026-04-30,t,,,1,365
1182382536683147680,2026-05-01,t,,,1,365
1182382536683147680,2026-05-02,t,,,1,365
1182382536683147680,2026-05-03,t,,,1,365
1182382536683147680,2026-05-04,t,,,1,365
1182382536683147680,2026-05-05,t,,,1,365
1182382536683147680,2026-05-06,t,,,1,365
1182382536683147680,2026-05-07,t,,,1,365
1182382536683147680,2026-05-08,t,,,1,365
1182382536683147680,2026-05-09,t,,,1,365
1182382536683147680,2026-05-10,t,,,1,365
1182382536683147680,2026-05-11,t,,,1,365
1182382536683147680,2026-05-12,t,,,1,365
1182382536683147680,2026-05-13,t,,,1,365
1182382536683147680,2026-05-14,t,,,1,365
1182382536683147680,2026-05-15,t,,,1,365
1182382536683147680,2026-05-16,t,,,1,365
1182382536683147680,2026-05-17,t,,,1,365
1182382536683147680,2026-05-18,t,,,1,365
1182382536683147680,2026-05-19,t,,,1,365
1182382536683147680,2026-05-20,t,,,1,365
1182382536683147680,2026-05-21,t,,,1,365
1182382536683147680,2026-05-22,t,,,1,365
1182382536683147680,2026-05-23,t,,,1,365
1182382536683147680,2026-05-24,t,,,1,365
1182382536683147680,2026-05-25,t,,,1,365
1182382536683147680,2026-05-26,t,,,1,365
1182382536683147680,2026-05-27,t,,,1,365
1182382536683147680,2026-05-28,t,,,1,365
1182382536683147680,2026-05-29,t,,,1,365
1182382536683147680,2026-05-30,t,,,1,365
1182382536683147680,2026-05-31,t,,,1,365
1182382536683147680,2026-06-01,t,,,1,365
1182382536683147680,2026-06-02,t,,,1,365
1182382536683147680,2026-06-03,t,,,1,365
1182382536683147680,2026-06-04,t,,,1,365
1182382536683147680,2026-06-05,t,,,1,365
1182382536683147680,2026-06-06,t,,,1,365
1182382536683147680,2026-06-07,t,,,1,365
1182382536683147680,2026-06-08,t,,,1,365
1182382536683147680,2026-06-09,t,,,1,365
1182382536683147680,2026-06-10,t,,,1,365
1182382536683147680,2026-06-11,t,,,1,365
1182382536683147680,2026-06-12,t,,,1,365
1182382536683147680,2026-06-13,t,,,1,365
1182382536683147680,2026-06-14,t,,,1,365
1182382536683147680,2026-06-15,t,,,1,365
1182382536683147680,2026-06-16,t,,,1,365
1182382536683147680,2026-06-17,t,,,1,365
1182382536683147680,2026-06-18,t,,,1,365
1182382536683147680,2026-06-19,t,,,1,365
1182382536683147680,2026-06-20,t,,,1,365
1182382536683147680,2026-06-21,t,,,1,365
1182382536683147680,2026-06-22,t,,,1,365
1182382536683147680,2026-06-23,t,,,1,365
1231010241928081948,2025-06-24,f,,,28,365
1231010241928081948,2025-06-25,f,,,28,365
1231010241928081948,2025-06-26,f,,,28,365
1231010241928081948,2025-06-27,f,,,28,365
1231010241928081948,2025-06-28,f,,,28,365
1231010241928081948,2025-06-29,f,,,28,365
1231010241928081948,2025-06-30,f,,,28,365
1231010241928081948,2025-07-01,f,,,28,365
1231010241928081948,2025-07-02,f,,,28,365
1231010241928081948,2025-07-03,f,,,28,365
1231010241928081948,2025-07-04,f,,,28,365
1231010241928081948,2025-07-05,f,,,28,365
1231010241928081948,2025-07-06,f,,,28,365
1231010241928081948,2025-07-07,f,,,28,365
1231010241928081948,2025-07-08,f,,,28,365
1231010241928081948,2025-07-09,f,,,28,365
1231010241928081948,2025-07-10,f,,,28,365
1231010241928081948,2025-07-11,f,,,28,365
1231010241928081948,2025-07-12,f,,,28,365
1231010241928081948,2025-07-13,f,,,28,365
1231010241928081948,2025-07-14,f,,,28,365
1231010241928081948,2025-07-15,f,,,28,365
1231010241928081948,2025-07-16,f,,,28,365
1231010241928081948,2025-07-17,f,,,28,365
1231010241928081948,2025-07-18,f,,,28,365
1231010241928081948,2025-07-19,f,,,28,365
1231010241928081948,2025-07-20,t,,,28,365
1231010241928081948,2025-07-21,t,,,28,365
1231010241928081948,2025-07-22,t,,,28,365
1231010241928081948,2025-07-23,t,,,28,365
1231010241928081948,2025-07-24,t,,,28,365
1231010241928081948,2025-07-25,t,,,28,365
1231010241928081948,2025-07-26,t,,,28,365
1231010241928081948,2025-07-27,t,,,28,365
1231010241928081948,2025-07-28,t,,,28,365
1231010241928081948,2025-07-29,t,,,28,365
1231010241928081948,2025-07-30,t,,,28,365
1231010241928081948,2025-07-31,t,,,28,365
1231010241928081948,2025-08-01,t,,,28,365
1231010241928081948,2025-08-02,t,,,28,365
1231010241928081948,2025-08-03,t,,,28,365
1231010241928081948,2025-08-04,t,,,28,365
1231010241928081948,2025-08-05,t,,,28,365
1231010241928081948,2025-08-06,t,,,28,365
1231010241928081948,2025-08-07,t,,,28,365
1231010241928081948,2025-08-08,t,,,28,365
1231010241928081948,2025-08-09,t,,,28,365
1231010241928081948,2025-08-10,t,,,28,365
1231010241928081948,2025-08-11,t,,,28,365
1231010241928081948,2025-08-12,t,,,28,365
1231010241928081948,2025-08-13,t,,,28,365
1231010241928081948,2025-08-14,t,,,28,365
1231010241928081948,2025-08-15,t,,,28,365
1231010241928081948,2025-08-16,t,,,28,365
1231010241928081948,2025-08-17,t,,,28,365
1231010241928081948,2025-08-18,t,,,28,365
1231010241928081948,2025-08-19,t,,,28,365
1231010241928081948,2025-08-20,t,,,28,365
1231010241928081948,2025-08-21,t,,,28,365
1231010241928081948,2025-08-22,t,,,28,365
1231010241928081948,2025-08-23,t,,,28,365
1231010241928081948,2025-08-24,t,,,28,365
1231010241928081948,2025-08-25,t,,,28,365
1231010241928081948,2025-08-26,t,,,28,365
1231010241928081948,2025-08-27,t,,,28,365
1231010241928081948,2025-08-28,t,,,28,365
1231010241928081948,2025-08-29,t,,,28,365
1231010241928081948,2025-08-30,t,,,28,365
1231010241928081948,2025-08-31,t,,,28,365
1231010241928081948,2025-09-01,t,,,28,365
1231010241928081948,2025-09-02,t,,,28,365
1231010241928081948,2025-09-03,t,,,28,365
1231010241928081948,2025-09-04,t,,,28,365
1231010241928081948,2025-09-05,t,,,28,365
1231010241928081948,2025-09-06,t,,,28,365
1231010241928081948,2025-09-07,t,,,28,365
1231010241928081948,2025-09-08,t,,,28,365
1231010241928081948,2025-09-09,t,,,28,365
1231010241928081948,2025-09-10,t,,,28,365
1231010241928081948,2025-09-11,t,,,28,365
1231010241928081948,2025-09-12,t,,,28,365
1231010241928081948,2025-09-13,t,,,28,365
1231010241928081948,2025-09-14,t,,,28,365
1231010241928081948,2025-09-15,t,,,28,365
1231010241928081948,2025-09-16,t,,,28,365
1231010241928081948,2025-09-17,t,,,28,365
1231010241928081948,2025-09-18,t,,,28,365
1231010241928081948,2025-09-19,t,,,28,365
1231010241928081948,2025-09-20,t,,,28,365
1231010241928081948,2025-09-21,t,,,28,365
1231010241928081948,2025-09-22,t,,,28,365
1231010241928081948,2025-09-23,t,,,28,365
1231010241928081948,2025-09-24,t,,,28,365
1231010241928081948,2025-09-25,t,,,28,365
1231010241928081948,2025-09-26,t,,,28,365
1231010241928081948,2025-09-27,t,,,28,365
1231010241928081948,2025-09-28,t,,,28,365
1231010241928081948,2025-09-29,t,,,28,365
1231010241928081948,2025-09-30,t,,,28,365
1231010241928081948,2025-10-01,t,,,28,365
1231010241928081948,2025-10-02,t,,,28,365
1231010241928081948,2025-10-03,t,,,28,365
1231010241928081948,2025-10-04,t,,,28,365
1231010241928081948,2025-10-05,t,,,28,365
1231010241928081948,2025-10-06,t,,,28,365
1231010241928081948,2025-10-07,t,,,28,365
1231010241928081948,2025-10-08,t,,,28,365
1231010241928081948,2025-10-09,t,,,28,365
1231010241928081948,2025-10-10,t,,,28,365
1231010241928081948,2025-10-11,t,,,28,365
1231010241928081948,2025-10-12,t,,,28,365
1231010241928081948,2025-10-13,t,,,28,365
1231010241928081948,2025-10-14,t,,,28,365
1231010241928081948,2025-10-15,t,,,28,365
1231010241928081948,2025-10-16,t,,,28,365
1231010241928081948,2025-10-17,t,,,28,365
1231010241928081948,2025-10-18,t,,,28,365
1231010241928081948,2025-10-19,t,,,28,365
1231010241928081948,2025-10-20,t,,,28,365
1231010241928081948,2025-10-21,t,,,28,365
1231010241928081948,2025-10-22,t,,,28,365
1231010241928081948,2025-10-23,t,,,28,365
1231010241928081948,2025-10-24,t,,,28,365
1231010241928081948,2025-10-25,t,,,28,365
1231010241928081948,2025-10-26,t,,,28,365
1231010241928081948,2025-10-27,t,,,28,365
1231010241928081948,2025-10-28,t,,,28,365
1231010241928081948,2025-10-29,t,,,28,365
1231010241928081948,2025-10-30,t,,,28,365
1231010241928081948,2025-10-31,t,,,28,365
1231010241928081948,2025-11-01,t,,,28,365
1231010241928081948,2025-11-02,t,,,28,365
1231010241928081948,2025-11-03,t,,,28,365
1231010241928081948,2025-11-04,t,,,28,365
1231010241928081948,2025-11-05,t,,,28,365
1231010241928081948,2025-11-06,t,,,28,365
1231010241928081948,2025-11-07,t,,,28,365
1231010241928081948,2025-11-08,t,,,28,365
1231010241928081948,2025-11-09,t,,,28,365
1231010241928081948,2025-11-10,t,,,28,365
1231010241928081948,2025-11-11,t,,,28,365
1231010241928081948,2025-11-12,t,,,28,365
1231010241928081948,2025-11-13,t,,,28,365
1231010241928081948,2025-11-14,t,,,28,365
1231010241928081948,2025-11-15,t,,,28,365
1231010241928081948,2025-11-16,t,,,28,365
1231010241928081948,2025-11-17,t,,,28,365
1231010241928081948,2025-11-18,t,,,28,365
1231010241928081948,2025-11-19,t,,,28,365
1231010241928081948,2025-11-20,t,,,28,365
1231010241928081948,2025-11-21,t,,,28,365
1231010241928081948,2025-11-22,t,,,28,365
1231010241928081948,2025-11-23,t,,,28,365
1231010241928081948,2025-11-24,t,,,28,365
1231010241928081948,2025-11-25,t,,,28,365
1231010241928081948,2025-11-26,t,,,28,365
1231010241928081948,2025-11-27,t,,,28,365
1231010241928081948,2025-11-28,t,,,28,365
1231010241928081948,2025-11-29,t,,,28,365
1231010241928081948,2025-11-30,t,,,28,365
1231010241928081948,2025-12-01,t,,,28,365
1231010241928081948,2025-12-02,t,,,28,365
1231010241928081948,2025-12-03,t,,,28,365
1231010241928081948,2025-12-04,t,,,28,365
1231010241928081948,2025-12-05,t,,,28,365
1231010241928081948,2025-12-06,t,,,28,365
1231010241928081948,2025-12-07,t,,,28,365
1231010241928081948,2025-12-08,t,,,28,365
1231010241928081948,2025-12-09,t,,,28,365
1231010241928081948,2025-12-10,t,,,28,365
1231010241928081948,2025-12-11,t,,,28,365
1231010241928081948,2025-12-12,t,,,28,365
1231010241928081948,2025-12-13,t,,,28,365
1231010241928081948,2025-12-14,t,,,28,365
1231010241928081948,2025-12-15,t,,,28,365
1231010241928081948,2025-12-16,t,,,28,365
1231010241928081948,2025-12-17,t,,,28,365
1231010241928081948,2025-12-18,t,,,28,365
1231010241928081948,2025-12-19,t,,,28,365
1231010241928081948,2025-12-20,t,,,28,365
1231010241928081948,2025-12-21,t,,,28,365
1231010241928081948,2025-12-22,t,,,28,365
1231010241928081948,2025-12-23,t,,,28,365
1231010241928081948,2025-12-24,t,,,28,365
1231010241928081948,2025-12-25,t,,,28,365
1231010241928081948,2025-12-26,t,,,28,365
1231010241928081948,2025-12-27,t,,,28,365
1231010241928081948,2025-12-28,t,,,28,365
1231010241928081948,2025-12-29,t,,,28,365
1231010241928081948,2025-12-30,t,,,28,365
1231010241928081948,2025-12-31,t,,,28,365
1231010241928081948,2026-01-01,f,,,28,365
1231010241928081948,2026-01-02,f,,,28,365
1231010241928081948,2026-01-03,f,,,28,365
1231010241928081948,2026-01-04,f,,,28,365
1231010241928081948,2026-01-05,f,,,28,365
1231010241928081948,2026-01-06,f,,,28,365
1231010241928081948,2026-01-07,f,,,28,365
1231010241928081948,2026-01-08,f,,,28,365
1231010241928081948,2026-01-09,f,,,28,365
1231010241928081948,2026-01-10,f,,,28,365
1231010241928081948,2026-01-11,f,,,28,365
1231010241928081948,2026-01-12,f,,,28,365
1231010241928081948,2026-01-13,f,,,28,365
1231010241928081948,2026-01-14,f,,,28,365
1231010241928081948,2026-01-15,f,,,28,365
1231010241928081948,2026-01-16,f,,,28,365
1231010241928081948,2026-01-17,f,,,28,365
1231010241928081948,2026-01-18,f,,,28,365
1231010241928081948,2026-01-19,f,,,28,365
1231010241928081948,2026-01-20,f,,,28,365
1231010241928081948,2026-01-21,f,,,28,365
1231010241928081948,2026-01-22,f,,,28,365
1231010241928081948,2026-01-23,f,,,28,365
1231010241928081948,2026-01-24,f,,,28,365
1231010241928081948,2026-01-25,f,,,28,365
1231010241928081948,2026-01-26,f,,,28,365
1231010241928081948,2026-01-27,f,,,28,365
1231010241928081948,2026-01-28,f,,,28,365
1231010241928081948,2026-01-29,f,,,28,365
1231010241928081948,2026-01-30,f,,,28,365
1231010241928081948,2026-01-31,f,,,28,365
1231010241928081948,2026-02-01,f,,,28,365
1231010241928081948,2026-02-02,f,,,28,365
1231010241928081948,2026-02-03,f,,,28,365
1231010241928081948,2026-02-04,f,,,28,365
1231010241928081948,2026-02-05,f,,,28,365
1231010241928081948,2026-02-06,f,,,28,365
1231010241928081948,2026-02-07,f,,,28,365
1231010241928081948,2026-02-08,f,,,28,365
1231010241928081948,2026-02-09,f,,,28,365
1231010241928081948,2026-02-10,f,,,28,365
1231010241928081948,2026-02-11,f,,,28,365
1231010241928081948,2026-02-12,f,,,28,365
1231010241928081948,2026-02-13,f,,,28,365
1231010241928081948,2026-02-14,f,,,28,365
1231010241928081948,2026-02-15,f,,,28,365
1231010241928081948,2026-02-16,f,,,28,365
1231010241928081948,2026-02-17,f,,,28,365
1231010241928081948,2026-02-18,f,,,28,365
1231010241928081948,2026-02-19,f,,,28,365
1231010241928081948,2026-02-20,f,,,28,365
1231010241928081948,2026-02-21,f,,,28,365
1231010241928081948,2026-02-22,f,,,28,365
1231010241928081948,2026-02-23,f,,,28,365
1231010241928081948,2026-02-24,f,,,28,365
1231010241928081948,2026-02-25,f,,,28,365
1231010241928081948,2026-02-26,f,,,28,365
1231010241928081948,2026-02-27,f,,,28,365
1231010241928081948,2026-02-28,f,,,28,365
1231010241928081948,2026-03-01,f,,,28,365
1231010241928081948,2026-03-02,f,,,28,365
1231010241928081948,2026-03-03,f,,,28,365
1231010241928081948,2026-03-04,f,,,28,365
1231010241928081948,2026-03-05,f,,,28,365
1231010241928081948,2026-03-06,f,,,28,365
1231010241928081948,2026-03-07,f,,,28,365
1231010241928081948,2026-03-08,f,,,28,365
1231010241928081948,2026-03-09,f,,,28,365
1231010241928081948,2026-03-10,f,,,28,365
1231010241928081948,2026-03-11,f,,,28,365
1231010241928081948,2026-03-12,f,,,28,365
1231010241928081948,2026-03-13,f,,,28,365
1231010241928081948,2026-03-14,f,,,28,365
1231010241928081948,2026-03-15,f,,,28,365
1231010241928081948,2026-03-16,f,,,28,365
1231010241928081948,2026-03-17,f,,,28,365
1231010241928081948,2026-03-18,f,,,28,365
1231010241928081948,2026-03-19,f,,,28,365
1231010241928081948,2026-03-20,f,,,28,365
1231010241928081948,2026-03-21,f,,,28,365
1231010241928081948,2026-03-22,f,,,28,365
1231010241928081948,2026-03-23,f,,,28,365
1231010241928081948,2026-03-24,f,,,28,365
1231010241928081948,2026-03-25,f,,,28,365
1231010241928081948,2026-03-26,f,,,28,365
1231010241928081948,2026-03-27,f,,,28,365
1231010241928081948,2026-03-28,f,,,28,365
1231010241928081948,2026-03-29,f,,,28,365
1231010241928081948,2026-03-30,f,,,28,365
1231010241928081948,2026-03-31,f,,,28,365
1231010241928081948,2026-04-01,f,,,28,365
1231010241928081948,2026-04-02,f,,,28,365
1231010241928081948,2026-04-03,f,,,28,365
1231010241928081948,2026-04-04,f,,,28,365
1231010241928081948,2026-04-05,f,,,28,365
1231010241928081948,2026-04-06,f,,,28,365
1231010241928081948,2026-04-07,f,,,28,365
1231010241928081948,2026-04-08,f,,,28,365
1231010241928081948,2026-04-09,f,,,28,365
1231010241928081948,2026-04-10,f,,,28,365
1231010241928081948,2026-04-11,f,,,28,365
1231010241928081948,2026-04-12,f,,,28,365
1231010241928081948,2026-04-13,f,,,28,365
1231010241928081948,2026-04-14,f,,,28,365
1231010241928081948,2026-04-15,f,,,28,365
1231010241928081948,2026-04-16,f,,,28,365
1231010241928081948,2026-04-17,f,,,28,365
1231010241928081948,2026-04-18,f,,,28,365
1231010241928081948,2026-04-19,f,,,28,365
1231010241928081948,2026-04-20,f,,,28,365
1231010241928081948,2026-04-21,f,,,28,365
1231010241928081948,2026-04-22,f,,,28,365
1231010241928081948,2026-04-23,f,,,28,365
1231010241928081948,2026-04-24,f,,,28,365
1231010241928081948,2026-04-25,f,,,28,365
1231010241928081948,2026-04-26,f,,,28,365
1231010241928081948,2026-04-27,f,,,28,365
1231010241928081948,2026-04-28,f,,,28,365
1231010241928081948,2026-04-29,f,,,28,365
1231010241928081948,2026-04-30,f,,,28,365
1231010241928081948,2026-05-01,f,,,28,365
1231010241928081948,2026-05-02,f,,,28,365
1231010241928081948,2026-05-03,f,,,28,365
1231010241928081948,2026-05-04,f,,,28,365
1231010241928081948,2026-05-05,f,,,28,365
1231010241928081948,2026-05-06,f,,,28,365
1231010241928081948,2026-05-07,f,,,28,365
1231010241928081948,2026-05-08,f,,,28,365
1231010241928081948,2026-05-09,f,,,28,365
1231010241928081948,2026-05-10,f,,,28,365
1231010241928081948,2026-05-11,f,,,28,365
1231010241928081948,2026-05-12,f,,,28,365
1231010241928081948,2026-05-13,f,,,28,365
1231010241928081948,2026-05-14,f,,,28,365
1231010241928081948,2026-05-15,f,,,28,365
1231010241928081948,2026-05-16,f,,,28,365
1231010241928081948,2026-05-17,f,,,28,365
1231010241928081948,2026-05-18,f,,,28,365
1231010241928081948,2026-05-19,f,,,28,365
1231010241928081948,2026-05-20,f,,,28,365
1231010241928081948,2026-05-21,f,,,28,365
1231010241928081948,2026-05-22,f,,,28,365
1231010241928081948,2026-05-23,f,,,28,365
1231010241928081948,2026-05-24,f,,,28,365
1231010241928081948,2026-05-25,f,,,28,365
1231010241928081948,2026-05-26,f,,,28,365
1231010241928081948,2026-05-27,f,,,28,365
1231010241928081948,2026-05-28,f,,,28,365
1231010241928081948,2026-05-29,f,,,28,365
1231010241928081948,2026-05-30,f,,,28,365
1231010241928081948,2026-05-31,f,,,28,365
1231010241928081948,2026-06-01,f,,,28,365
1231010241928081948,2026-06-02,f,,,28,365
1231010241928081948,2026-06-03,f,,,28,365
1231010241928081948,2026-06-04,f,,,28,365
1231010241928081948,2026-06-05,f,,,28,365
1231010241928081948,2026-06-06,f,,,28,365
1231010241928081948,2026-06-07,f,,,28,365
1231010241928081948,2026-06-08,f,,,28,365
1231010241928081948,2026-06-09,f,,,28,365
1231010241928081948,2026-06-10,f,,,28,365
1231010241928081948,2026-06-11,f,,,28,365
1231010241928081948,2026-06-12,f,,,28,365
1231010241928081948,2026-06-13,f,,,28,365
1231010241928081948,2026-06-14,f,,,28,365
1231010241928081948,2026-06-15,f,,,28,365
1231010241928081948,2026-06-16,f,,,28,365
1231010241928081948,2026-06-17,f,,,28,365
1231010241928081948,2026-06-18,f,,,28,365
1231010241928081948,2026-06-19,f,,,28,365
1231010241928081948,2026-06-20,f,,,28,365
1231010241928081948,2026-06-21,f,,,28,365
1231010241928081948,2026-06-22,f,,,28,365
1231010241928081948,2026-06-23,f,,,28,365
1243955774259811301,2025-06-24,f,,,1,365
1243955774259811301,2025-06-25,f,,,1,365
1243955774259811301,2025-06-26,f,,,1,365
1243955774259811301,2025-06-27,f,,,1,365
1243955774259811301,2025-06-28,f,,,1,365
1243955774259811301,2025-06-29,f,,,1,365
1243955774259811301,2025-06-30,f,,,1,365
1243955774259811301,2025-07-01,f,,,1,365
1243955774259811301,2025-07-02,f,,,1,365
1243955774259811301,2025-07-03,f,,,1,365
1243955774259811301,2025-07-04,f,,,1,365
1243955774259811301,2025-07-05,f,,,1,365
1243955774259811301,2025-07-06,f,,,1,365
1243955774259811301,2025-07-07,f,,,1,365
1243955774259811301,2025-07-08,f,,,1,365
1243955774259811301,2025-07-09,f,,,1,365
1243955774259811301,2025-07-10,f,,,1,365
1243955774259811301,2025-07-11,f,,,1,365
1243955774259811301,2025-07-12,f,,,1,365
1243955774259811301,2025-07-13,f,,,1,365
1243955774259811301,2025-07-14,f,,,1,365
1243955774259811301,2025-07-15,f,,,1,365
1243955774259811301,2025-07-16,f,,,1,365
1243955774259811301,2025-07-17,f,,,1,365
1243955774259811301,2025-07-18,f,,,1,365
1243955774259811301,2025-07-19,f,,,1,365
1243955774259811301,2025-07-20,f,,,1,365
1243955774259811301,2025-07-21,f,,,1,365
1243955774259811301,2025-07-22,f,,,1,365
1243955774259811301,2025-07-23,f,,,1,365
1243955774259811301,2025-07-24,f,,,1,365
1243955774259811301,2025-07-25,f,,,1,365
1243955774259811301,2025-07-26,f,,,1,365
1243955774259811301,2025-07-27,f,,,1,365
1243955774259811301,2025-07-28,f,,,1,365
1243955774259811301,2025-07-29,f,,,1,365
1243955774259811301,2025-07-30,f,,,1,365
1243955774259811301,2025-07-31,f,,,1,365
1243955774259811301,2025-08-01,f,,,1,365
1243955774259811301,2025-08-02,f,,,1,365
1243955774259811301,2025-08-03,f,,,1,365
1243955774259811301,2025-08-04,f,,,1,365
1243955774259811301,2025-08-05,f,,,1,365
1243955774259811301,2025-08-06,f,,,1,365
1243955774259811301,2025-08-07,f,,,1,365
1243955774259811301,2025-08-08,f,,,1,365
1243955774259811301,2025-08-09,f,,,1,365
1243955774259811301,2025-08-10,f,,,1,365
1243955774259811301,2025-08-11,f,,,1,365
1243955774259811301,2025-08-12,f,,,1,365
1243955774259811301,2025-08-13,f,,,1,365
1243955774259811301,2025-08-14,f,,,1,365
1243955774259811301,2025-08-15,f,,,1,365
1243955774259811301,2025-08-16,f,,,1,365
1243955774259811301,2025-08-17,f,,,1,365
1243955774259811301,2025-08-18,f,,,1,365
1243955774259811301,2025-08-19,f,,,1,365
1243955774259811301,2025-08-20,f,,,1,365
1243955774259811301,2025-08-21,f,,,1,365
1243955774259811301,2025-08-22,f,,,1,365
1243955774259811301,2025-08-23,f,,,1,365
1243955774259811301,2025-08-24,f,,,1,365
1243955774259811301,2025-08-25,f,,,1,365
1243955774259811301,2025-08-26,f,,,1,365
1243955774259811301,2025-08-27,f,,,1,365
1243955774259811301,2025-08-28,f,,,1,365
1243955774259811301,2025-08-29,f,,,1,365
1243955774259811301,2025-08-30,f,,,1,365
1243955774259811301,2025-08-31,f,,,1,365
1243955774259811301,2025-09-01,f,,,1,365
1243955774259811301,2025-09-02,f,,,1,365
1243955774259811301,2025-09-03,f,,,1,365
1243955774259811301,2025-09-04,f,,,1,365
1243955774259811301,2025-09-05,f,,,1,365
1243955774259811301,2025-09-06,f,,,1,365
1243955774259811301,2025-09-07,f,,,1,365
1243955774259811301,2025-09-08,f,,,1,365
1243955774259811301,2025-09-09,f,,,1,365
1243955774259811301,2025-09-10,f,,,1,365
1243955774259811301,2025-09-11,f,,,1,365
1243955774259811301,2025-09-12,f,,,1,365
1243955774259811301,2025-09-13,f,,,1,365
1243955774259811301,2025-09-14,f,,,1,365
1243955774259811301,2025-09-15,f,,,1,365
1243955774259811301,2025-09-16,f,,,1,365
1243955774259811301,2025-09-17,f,,,1,365
1243955774259811301,2025-09-18,f,,,1,365
1243955774259811301,2025-09-19,f,,,1,365
1243955774259811301,2025-09-20,f,,,1,365
1243955774259811301,2025-09-21,f,,,1,365
1243955774259811301,2025-09-22,f,,,1,365
1243955774259811301,2025-09-23,f,,,1,365
1243955774259811301,2025-09-24,f,,,1,365
1243955774259811301,2025-09-25,f,,,1,365
1243955774259811301,2025-09-26,f,,,1,365
1243955774259811301,2025-09-27,f,,,1,365
1243955774259811301,2025-09-28,f,,,1,365
1243955774259811301,2025-09-29,f,,,1,365
1243955774259811301,2025-09-30,f,,,1,365
1243955774259811301,2025-10-01,f,,,1,365
1243955774259811301,2025-10-02,f,,,1,365
1243955774259811301,2025-10-03,f,,,1,365
1243955774259811301,2025-10-04,f,,,1,365
1243955774259811301,2025-10-05,f,,,1,365
1243955774259811301,2025-10-06,f,,,1,365
1243955774259811301,2025-10-07,f,,,1,365
1243955774259811301,2025-10-08,f,,,1,365
1243955774259811301,2025-10-09,f,,,1,365
1243955774259811301,2025-10-10,f,,,1,365
1243955774259811301,2025-10-11,f,,,1,365
1243955774259811301,2025-10-12,f,,,1,365
1243955774259811301,2025-10-13,f,,,1,365
1243955774259811301,2025-10-14,f,,,1,365
1243955774259811301,2025-10-15,f,,,1,365
1243955774259811301,2025-10-16,f,,,1,365
1243955774259811301,2025-10-17,f,,,1,365
1243955774259811301,2025-10-18,f,,,1,365
1243955774259811301,2025-10-19,f,,,1,365
1243955774259811301,2025-10-20,f,,,1,365
1243955774259811301,2025-10-21,f,,,1,365
1243955774259811301,2025-10-22,f,,,1,365
1243955774259811301,2025-10-23,f,,,1,365
1243955774259811301,2025-10-24,f,,,1,365
1243955774259811301,2025-10-25,f,,,1,365
1243955774259811301,2025-10-26,f,,,1,365
1243955774259811301,2025-10-27,f,,,1,365
1243955774259811301,2025-10-28,f,,,1,365
1243955774259811301,2025-10-29,f,,,1,365
1243955774259811301,2025-10-30,f,,,1,365
1243955774259811301,2025-10-31,f,,,1,365
1243955774259811301,2025-11-01,f,,,1,365
1243955774259811301,2025-11-02,f,,,1,365
1243955774259811301,2025-11-03,f,,,1,365
1243955774259811301,2025-11-04,f,,,1,365
1243955774259811301,2025-11-05,f,,,1,365
1243955774259811301,2025-11-06,f,,,1,365
1243955774259811301,2025-11-07,f,,,1,365
1243955774259811301,2025-11-08,f,,,1,365
1243955774259811301,2025-11-09,f,,,1,365
1243955774259811301,2025-11-10,f,,,1,365
1243955774259811301,2025-11-11,f,,,1,365
1243955774259811301,2025-11-12,f,,,1,365
1243955774259811301,2025-11-13,f,,,1,365
1243955774259811301,2025-11-14,f,,,1,365
1243955774259811301,2025-11-15,f,,,1,365
1243955774259811301,2025-11-16,f,,,1,365
1243955774259811301,2025-11-17,f,,,1,365
1243955774259811301,2025-11-18,f,,,1,365
1243955774259811301,2025-11-19,f,,,1,365
1243955774259811301,2025-11-20,f,,,1,365
1243955774259811301,2025-11-21,f,,,1,365
1243955774259811301,2025-11-22,f,,,1,365
1243955774259811301,2025-11-23,f,,,1,365
1243955774259811301,2025-11-24,f,,,1,365
1243955774259811301,2025-11-25,f,,,1,365
1243955774259811301,2025-11-26,f,,,1,365
1243955774259811301,2025-11-27,f,,,1,365
1243955774259811301,2025-11-28,f,,,1,365
1243955774259811301,2025-11-29,f,,,1,365
1243955774259811301,2025-11-30,f,,,1,365
1243955774259811301,2025-12-01,f,,,1,365
1243955774259811301,2025-12-02,f,,,1,365
1243955774259811301,2025-12-03,f,,,1,365
1243955774259811301,2025-12-04,f,,,1,365
1243955774259811301,2025-12-05,f,,,1,365
1243955774259811301,2025-12-06,f,,,1,365
1243955774259811301,2025-12-07,f,,,1,365
1243955774259811301,2025-12-08,f,,,1,365
1243955774259811301,2025-12-09,f,,,1,365
1243955774259811301,2025-12-10,f,,,1,365
1243955774259811301,2025-12-11,f,,,1,365
1243955774259811301,2025-12-12,f,,,1,365
1243955774259811301,2025-12-13,f,,,1,365
1243955774259811301,2025-12-14,f,,,1,365
1243955774259811301,2025-12-15,f,,,1,365
1243955774259811301,2025-12-16,f,,,1,365
1243955774259811301,2025-12-17,f,,,1,365
1243955774259811301,2025-12-18,f,,,1,365
1243955774259811301,2025-12-19,f,,,1,365
1243955774259811301,2025-12-20,f,,,1,365
1243955774259811301,2025-12-21,f,,,1,365
1243955774259811301,2025-12-22,f,,,1,365
1243955774259811301,2025-12-23,f,,,1,365
1243955774259811301,2025-12-24,f,,,1,365
1243955774259811301,2025-12-25,f,,,1,365
1243955774259811301,2025-12-26,f,,,1,365
1243955774259811301,2025-12-27,f,,,1,365
1243955774259811301,2025-12-28,f,,,1,365
1243955774259811301,2025-12-29,f,,,1,365
1243955774259811301,2025-12-30,f,,,1,365
1243955774259811301,2025-12-31,f,,,1,365
1243955774259811301,2026-01-01,f,,,1,365
1243955774259811301,2026-01-02,f,,,1,365
1243955774259811301,2026-01-03,f,,,1,365
1243955774259811301,2026-01-04,f,,,1,365
1243955774259811301,2026-01-05,f,,,1,365
1243955774259811301,2026-01-06,f,,,1,365
1243955774259811301,2026-01-07,f,,,1,365
1243955774259811301,2026-01-08,f,,,1,365
1243955774259811301,2026-01-09,f,,,1,365
1243955774259811301,2026-01-10,f,,,1,365
1243955774259811301,2026-01-11,f,,,1,365
1243955774259811301,2026-01-12,f,,,1,365
1243955774259811301,2026-01-13,f,,,1,365
1243955774259811301,2026-01-14,f,,,1,365
1243955774259811301,2026-01-15,f,,,1,365
1243955774259811301,2026-01-16,f,,,1,365
1243955774259811301,2026-01-17,f,,,1,365
1243955774259811301,2026-01-18,f,,,1,365
1243955774259811301,2026-01-19,f,,,1,365
1243955774259811301,2026-01-20,f,,,1,365
1243955774259811301,2026-01-21,f,,,1,365
1243955774259811301,2026-01-22,f,,,1,365
1243955774259811301,2026-01-23,f,,,1,365
1243955774259811301,2026-01-24,f,,,1,365
1243955774259811301,2026-01-25,f,,,1,365
1243955774259811301,2026-01-26,f,,,1,365
1243955774259811301,2026-01-27,f,,,1,365
1243955774259811301,2026-01-28,f,,,1,365
1243955774259811301,2026-01-29,f,,,1,365
1243955774259811301,2026-01-30,f,,,1,365
1243955774259811301,2026-01-31,f,,,1,365
1243955774259811301,2026-02-01,f,,,1,365
1243955774259811301,2026-02-02,f,,,1,365
1243955774259811301,2026-02-03,f,,,1,365
1243955774259811301,2026-02-04,f,,,1,365
1243955774259811301,2026-02-05,f,,,1,365
1243955774259811301,2026-02-06,f,,,1,365
1243955774259811301,2026-02-07,f,,,1,365
1243955774259811301,2026-02-08,f,,,1,365
1243955774259811301,2026-02-09,f,,,1,365
1243955774259811301,2026-02-10,f,,,1,365
1243955774259811301,2026-02-11,f,,,1,365
1243955774259811301,2026-02-12,f,,,1,365
1243955774259811301,2026-02-13,f,,,1,365
1243955774259811301,2026-02-14,f,,,1,365
1243955774259811301,2026-02-15,f,,,1,365
1243955774259811301,2026-02-16,f,,,1,365
1243955774259811301,2026-02-17,f,,,1,365
1243955774259811301,2026-02-18,f,,,1,365
1243955774259811301,2026-02-19,f,,,1,365
1243955774259811301,2026-02-20,f,,,1,365
1243955774259811301,2026-02-21,f,,,1,365
1243955774259811301,2026-02-22,f,,,1,365
1243955774259811301,2026-02-23,f,,,1,365
1243955774259811301,2026-02-24,f,,,1,365
1243955774259811301,2026-02-25,f,,,1,365
1243955774259811301,2026-02-26,f,,,1,365
1243955774259811301,2026-02-27,f,,,1,365
1243955774259811301,2026-02-28,f,,,1,365
1243955774259811301,2026-03-01,f,,,1,365
1243955774259811301,2026-03-02,f,,,1,365
1243955774259811301,2026-03-03,f,,,1,365
1243955774259811301,2026-03-04,f,,,1,365
1243955774259811301,2026-03-05,f,,,1,365
1243955774259811301,2026-03-06,f,,,1,365
1243955774259811301,2026-03-07,f,,,1,365
1243955774259811301,2026-03-08,f,,,1,365
1243955774259811301,2026-03-09,f,,,1,365
1243955774259811301,2026-03-10,f,,,1,365
1243955774259811301,2026-03-11,f,,,1,365
1243955774259811301,2026-03-12,f,,,1,365
1243955774259811301,2026-03-13,f,,,1,365
1243955774259811301,2026-03-14,f,,,1,365
1243955774259811301,2026-03-15,f,,,1,365
1243955774259811301,2026-03-16,f,,,1,365
1243955774259811301,2026-03-17,f,,,1,365
1243955774259811301,2026-03-18,f,,,1,365
1243955774259811301,2026-03-19,f,,,1,365
1243955774259811301,2026-03-20,f,,,1,365
1243955774259811301,2026-03-21,f,,,1,365
1243955774259811301,2026-03-22,f,,,1,365
1243955774259811301,2026-03-23,f,,,1,365
1243955774259811301,2026-03-24,f,,,1,365
1243955774259811301,2026-03-25,f,,,1,365
1243955774259811301,2026-03-26,f,,,1,365
1243955774259811301,2026-03-27,f,,,1,365
1243955774259811301,2026-03-28,f,,,1,365
1243955774259811301,2026-03-29,f,,,1,365
1243955774259811301,2026-03-30,f,,,1,365
1243955774259811301,2026-03-31,f,,,1,365
1243955774259811301,2026-04-01,f,,,1,365
1243955774259811301,2026-04-02,f,,,1,365
1243955774259811301,2026-04-03,f,,,1,365
1243955774259811301,2026-04-04,f,,,1,365
1243955774259811301,2026-04-05,f,,,1,365
1243955774259811301,2026-04-06,f,,,1,365
1243955774259811301,2026-04-07,f,,,1,365
1243955774259811301,2026-04-08,f,,,1,365
1243955774259811301,2026-04-09,f,,,1,365
1243955774259811301,2026-04-10,f,,,1,365
1243955774259811301,2026-04-11,f,,,1,365
1243955774259811301,2026-04-12,f,,,1,365
1243955774259811301,2026-04-13,f,,,1,365
1243955774259811301,2026-04-14,f,,,1,365
1243955774259811301,2026-04-15,f,,,1,365
1243955774259811301,2026-04-16,f,,,1,365
1243955774259811301,2026-04-17,f,,,1,365
1243955774259811301,2026-04-18,f,,,1,365
1243955774259811301,2026-04-19,f,,,1,365
1243955774259811301,2026-04-20,f,,,1,365
1243955774259811301,2026-04-21,f,,,1,365
1243955774259811301,2026-04-22,f,,,1,365
1243955774259811301,2026-04-23,f,,,1,365
1243955774259811301,2026-04-24,f,,,1,365
1243955774259811301,2026-04-25,f,,,1,365
1243955774259811301,2026-04-26,f,,,1,365
1243955774259811301,2026-04-27,f,,,1,365
1243955774259811301,2026-04-28,f,,,1,365
1243955774259811301,2026-04-29,f,,,1,365
1243955774259811301,2026-04-30,f,,,1,365
1243955774259811301,2026-05-01,f,,,1,365
1243955774259811301,2026-05-02,f,,,1,365
1243955774259811301,2026-05-03,f,,,1,365
1243955774259811301,2026-05-04,f,,,1,365
1243955774259811301,2026-05-05,f,,,1,365
1243955774259811301,2026-05-06,f,,,1,365
1243955774259811301,2026-05-07,f,,,1,365
1243955774259811301,2026-05-08,f,,,1,365
1243955774259811301,2026-05-09,f,,,1,365
1243955774259811301,2026-05-10,f,,,1,365
1243955774259811301,2026-05-11,f,,,1,365
1243955774259811301,2026-05-12,f,,,1,365
1243955774259811301,2026-05-13,f,,,1,365
1243955774259811301,2026-05-14,f,,,1,365
1243955774259811301,2026-05-15,f,,,1,365
1243955774259811301,2026-05-16,f,,,1,365
1243955774259811301,2026-05-17,f,,,1,365
1243955774259811301,2026-05-18,f,,,1,365
1243955774259811301,2026-05-19,f,,,1,365
1243955774259811301,2026-05-20,f,,,1,365
1243955774259811301,2026-05-21,f,,,1,365
1243955774259811301,2026-05-22,f,,,1,365
1243955774259811301,2026-05-23,f,,,1,365
1243955774259811301,2026-05-24,f,,,1,365
1243955774259811301,2026-05-25,f,,,1,365
1243955774259811301,2026-05-26,f,,,1,365
1243955774259811301,2026-05-27,f,,,1,365
1243955774259811301,2026-05-28,f,,,1,365
1243955774259811301,2026-05-29,f,,,1,365
1243955774259811301,2026-05-30,f,,,1,365
1243955774259811301,2026-05-31,f,,,1,365
1243955774259811301,2026-06-01,f,,,1,365
1243955774259811301,2026-06-02,f,,,1,365
1243955774259811301,2026-06-03,f,,,1,365
1243955774259811301,2026-06-04,f,,,1,365
1243955774259811301,2026-06-05,f,,,1,365
1243955774259811301,2026-06-06,f,,,1,365
1243955774259811301,2026-06-07,f,,,1,365
1243955774259811301,2026-06-08,f,,,1,365
1243955774259811301,2026-06-09,f,,,1,365
1243955774259811301,2026-06-10,f,,,1,365
1243955774259811301,2026-06-11,f,,,1,365
1243955774259811301,2026-06-12,f,,,1,365
1243955774259811301,2026-06-13,f,,,1,365
1243955774259811301,2026-06-14,f,,,1,365
1243955774259811301,2026-06-15,f,,,1,365
1243955774259811301,2026-06-16,f,,,1,365
1243955774259811301,2026-06-17,f,,,1,365
1243955774259811301,2026-06-18,f,,,1,365
1243955774259811301,2026-06-19,f,,,1,365
1243955774259811301,2026-06-20,f,,,1,365
1243955774259811301,2026-06-21,f,,,1,365
1243955774259811301,2026-06-22,f,,,1,365
1243955774259811301,2026-06-23,f,,,1,365
1248934863709920365,2025-06-24,f,,,3,365
1248934863709920365,2025-06-25,f,,,3,365
1248934863709920365,2025-06-26,f,,,3,365
1248934863709920365,2025-06-27,f,,,3,365
1248934863709920365,2025-06-28,f,,,3,365
1248934863709920365,2025-06-29,f,,,3,365
1248934863709920365,2025-06-30,f,,,3,365
1248934863709920365,2025-07-01,f,,,3,365
1248934863709920365,2025-07-02,f,,,3,365
1248934863709920365,2025-07-03,f,,,3,365
1248934863709920365,2025-07-04,f,,,3,365
1248934863709920365,2025-07-05,f,,,3,365
1248934863709920365,2025-07-06,f,,,3,365
1248934863709920365,2025-07-07,f,,,3,365
1248934863709920365,2025-07-08,f,,,3,365
1248934863709920365,2025-07-09,f,,,1,365
1248934863709920365,2025-07-10,t,,,3,365
1248934863709920365,2025-07-11,t,,,3,365
1248934863709920365,2025-07-12,t,,,3,365
1248934863709920365,2025-07-13,t,,,3,365
1248934863709920365,2025-07-14,t,,,3,365
1248934863709920365,2025-07-15,t,,,3,365
1248934863709920365,2025-07-16,t,,,3,365
1248934863709920365,2025-07-17,t,,,3,365
1248934863709920365,2025-07-18,t,,,3,365
1248934863709920365,2025-07-19,t,,,3,365
1248934863709920365,2025-07-20,t,,,3,365
1248934863709920365,2025-07-21,t,,,3,365
1248934863709920365,2025-07-22,t,,,3,365
1248934863709920365,2025-07-23,t,,,3,365
1248934863709920365,2025-07-24,t,,,3,365
1248934863709920365,2025-07-25,t,,,3,365
1248934863709920365,2025-07-26,f,,,3,365
1248934863709920365,2025-07-27,f,,,3,365
1248934863709920365,2025-07-28,f,,,3,365
1248934863709920365,2025-07-29,f,,,3,365
1248934863709920365,2025-07-30,f,,,3,365
1248934863709920365,2025-07-31,t,,,3,365
1248934863709920365,2025-08-01,t,,,3,365
1248934863709920365,2025-08-02,t,,,3,365
1248934863709920365,2025-08-03,t,,,3,365
1248934863709920365,2025-08-04,t,,,3,365
1248934863709920365,2025-08-05,t,,,3,365
1248934863709920365,2025-08-06,t,,,3,365
1248934863709920365,2025-08-07,t,,,3,365
1248934863709920365,2025-08-08,t,,,3,365
1248934863709920365,2025-08-09,f,,,3,365
1248934863709920365,2025-08-10,f,,,3,365
1248934863709920365,2025-08-11,f,,,3,365
1248934863709920365,2025-08-12,f,,,3,365
1248934863709920365,2025-08-13,f,,,3,365
1248934863709920365,2025-08-14,f,,,3,365
1248934863709920365,2025-08-15,f,,,3,365
1248934863709920365,2025-08-16,f,,,3,365
1248934863709920365,2025-08-17,f,,,3,365
1248934863709920365,2025-08-18,f,,,3,365
1248934863709920365,2025-08-19,f,,,3,365
1248934863709920365,2025-08-20,f,,,3,365
1248934863709920365,2025-08-21,f,,,3,365
1248934863709920365,2025-08-22,f,,,3,365
1248934863709920365,2025-08-23,f,,,3,365
1248934863709920365,2025-08-24,f,,,3,365
1248934863709920365,2025-08-25,f,,,3,365
1248934863709920365,2025-08-26,f,,,3,365
1248934863709920365,2025-08-27,f,,,3,365
1248934863709920365,2025-08-28,f,,,3,365
1248934863709920365,2025-08-29,f,,,3,365
1248934863709920365,2025-08-30,f,,,3,365
1248934863709920365,2025-08-31,f,,,3,365
1248934863709920365,2025-09-01,f,,,3,365
1248934863709920365,2025-09-02,f,,,3,365
1248934863709920365,2025-09-03,f,,,3,365
1248934863709920365,2025-09-04,f,,,3,365
1248934863709920365,2025-09-05,f,,,3,365
1248934863709920365,2025-09-06,f,,,3,365
1248934863709920365,2025-09-07,f,,,3,365
1248934863709920365,2025-09-08,f,,,3,365
1248934863709920365,2025-09-09,f,,,3,365
1248934863709920365,2025-09-10,f,,,3,365
1248934863709920365,2025-09-11,f,,,3,365
1248934863709920365,2025-09-12,f,,,3,365
1248934863709920365,2025-09-13,f,,,3,365
1248934863709920365,2025-09-14,f,,,3,365
1248934863709920365,2025-09-15,f,,,3,365
1248934863709920365,2025-09-16,f,,,3,365
1248934863709920365,2025-09-17,f,,,3,365
1248934863709920365,2025-09-18,f,,,3,365
1248934863709920365,2025-09-19,f,,,3,365
1248934863709920365,2025-09-20,f,,,3,365
1248934863709920365,2025-09-21,f,,,3,365
1248934863709920365,2025-09-22,f,,,3,365
1248934863709920365,2025-09-23,f,,,3,365
1248934863709920365,2025-09-24,f,,,3,365
1248934863709920365,2025-09-25,f,,,3,365
1248934863709920365,2025-09-26,f,,,3,365
1248934863709920365,2025-09-27,f,,,3,365
1248934863709920365,2025-09-28,f,,,3,365
1248934863709920365,2025-09-29,f,,,3,365
1248934863709920365,2025-09-30,f,,,3,365
1248934863709920365,2025-10-01,f,,,3,365
1248934863709920365,2025-10-02,f,,,3,365
1248934863709920365,2025-10-03,f,,,3,365
1248934863709920365,2025-10-04,f,,,3,365
1248934863709920365,2025-10-05,f,,,3,365
1248934863709920365,2025-10-06,f,,,3,365
1248934863709920365,2025-10-07,f,,,3,365
1248934863709920365,2025-10-08,f,,,3,365
1248934863709920365,2025-10-09,f,,,3,365
1248934863709920365,2025-10-10,f,,,3,365
1248934863709920365,2025-10-11,f,,,3,365
1248934863709920365,2025-10-12,f,,,3,365
1248934863709920365,2025-10-13,f,,,3,365
1248934863709920365,2025-10-14,f,,,3,365
1248934863709920365,2025-10-15,f,,,3,365
1248934863709920365,2025-10-16,f,,,3,365
1248934863709920365,2025-10-17,f,,,3,365
1248934863709920365,2025-10-18,f,,,3,365
1248934863709920365,2025-10-19,f,,,3,365
1248934863709920365,2025-10-20,f,,,3,365
1248934863709920365,2025-10-21,f,,,3,365
1248934863709920365,2025-10-22,f,,,3,365
1248934863709920365,2025-10-23,f,,,3,365
1248934863709920365,2025-10-24,f,,,3,365
1248934863709920365,2025-10-25,f,,,3,365
1248934863709920365,2025-10-26,f,,,3,365
1248934863709920365,2025-10-27,f,,,3,365
1248934863709920365,2025-10-28,f,,,3,365
1248934863709920365,2025-10-29,f,,,3,365
1248934863709920365,2025-10-30,f,,,3,365
1248934863709920365,2025-10-31,f,,,3,365
1248934863709920365,2025-11-01,f,,,3,365
1248934863709920365,2025-11-02,f,,,3,365
1248934863709920365,2025-11-03,f,,,3,365
1248934863709920365,2025-11-04,f,,,3,365
1248934863709920365,2025-11-05,f,,,3,365
1248934863709920365,2025-11-06,f,,,3,365
1248934863709920365,2025-11-07,f,,,3,365
1248934863709920365,2025-11-08,f,,,3,365
1248934863709920365,2025-11-09,f,,,3,365
1248934863709920365,2025-11-10,f,,,3,365
1248934863709920365,2025-11-11,f,,,3,365
1248934863709920365,2025-11-12,f,,,3,365
1248934863709920365,2025-11-13,f,,,3,365
1248934863709920365,2025-11-14,f,,,3,365
1248934863709920365,2025-11-15,f,,,3,365
1248934863709920365,2025-11-16,f,,,3,365
1248934863709920365,2025-11-17,f,,,3,365
1248934863709920365,2025-11-18,f,,,3,365
1248934863709920365,2025-11-19,f,,,3,365
1248934863709920365,2025-11-20,f,,,3,365
1248934863709920365,2025-11-21,f,,,3,365
1248934863709920365,2025-11-22,f,,,3,365
1248934863709920365,2025-11-23,f,,,3,365
1248934863709920365,2025-11-24,f,,,3,365
1248934863709920365,2025-11-25,f,,,3,365
1248934863709920365,2025-11-26,f,,,3,365
1248934863709920365,2025-11-27,f,,,3,365
1248934863709920365,2025-11-28,f,,,3,365
1248934863709920365,2025-11-29,f,,,3,365
1248934863709920365,2025-11-30,f,,,3,365
1248934863709920365,2025-12-01,f,,,3,365
1248934863709920365,2025-12-02,f,,,3,365
1248934863709920365,2025-12-03,f,,,3,365
1248934863709920365,2025-12-04,f,,,3,365
1248934863709920365,2025-12-05,f,,,3,365
1248934863709920365,2025-12-06,f,,,3,365
1248934863709920365,2025-12-07,f,,,3,365
1248934863709920365,2025-12-08,f,,,3,365
1248934863709920365,2025-12-09,f,,,3,365
1248934863709920365,2025-12-10,f,,,3,365
1248934863709920365,2025-12-11,f,,,3,365
1248934863709920365,2025-12-12,f,,,3,365
1248934863709920365,2025-12-13,f,,,3,365
1248934863709920365,2025-12-14,f,,,3,365
1248934863709920365,2025-12-15,f,,,3,365
1248934863709920365,2025-12-16,f,,,3,365
1248934863709920365,2025-12-17,f,,,3,365
1248934863709920365,2025-12-18,f,,,3,365
1248934863709920365,2025-12-19,f,,,3,365
1248934863709920365,2025-12-20,f,,,3,365
1248934863709920365,2025-12-21,f,,,3,365
1248934863709920365,2025-12-22,f,,,3,365
1248934863709920365,2025-12-23,f,,,3,365
1248934863709920365,2025-12-24,f,,,3,365
1248934863709920365,2025-12-25,f,,,3,365
1248934863709920365,2025-12-26,f,,,3,365
1248934863709920365,2025-12-27,f,,,3,365
1248934863709920365,2025-12-28,f,,,3,365
1248934863709920365,2025-12-29,f,,,3,365
1248934863709920365,2025-12-30,f,,,3,365
1248934863709920365,2025-12-31,f,,,3,365
1248934863709920365,2026-01-01,f,,,3,365
1248934863709920365,2026-01-02,f,,,3,365
1248934863709920365,2026-01-03,f,,,3,365
1248934863709920365,2026-01-04,f,,,3,365
1248934863709920365,2026-01-05,f,,,3,365
1248934863709920365,2026-01-06,f,,,3,365
1248934863709920365,2026-01-07,f,,,3,365
1248934863709920365,2026-01-08,f,,,3,365
1248934863709920365,2026-01-09,f,,,3,365
1248934863709920365,2026-01-10,f,,,3,365
1248934863709920365,2026-01-11,f,,,3,365
1248934863709920365,2026-01-12,f,,,3,365
1248934863709920365,2026-01-13,f,,,3,365
1248934863709920365,2026-01-14,f,,,3,365
1248934863709920365,2026-01-15,f,,,3,365
1248934863709920365,2026-01-16,f,,,3,365
1248934863709920365,2026-01-17,f,,,3,365
1248934863709920365,2026-01-18,f,,,3,365
1248934863709920365,2026-01-19,f,,,3,365
1248934863709920365,2026-01-20,f,,,3,365
1248934863709920365,2026-01-21,f,,,3,365
1248934863709920365,2026-01-22,f,,,3,365
1248934863709920365,2026-01-23,f,,,3,365
1248934863709920365,2026-01-24,f,,,3,365
1248934863709920365,2026-01-25,f,,,3,365
1248934863709920365,2026-01-26,f,,,3,365
1248934863709920365,2026-01-27,f,,,3,365
1248934863709920365,2026-01-28,f,,,3,365
1248934863709920365,2026-01-29,f,,,3,365
1248934863709920365,2026-01-30,f,,,3,365
1248934863709920365,2026-01-31,f,,,3,365
1248934863709920365,2026-02-01,f,,,3,365
1248934863709920365,2026-02-02,f,,,3,365
1248934863709920365,2026-02-03,f,,,3,365
1248934863709920365,2026-02-04,f,,,3,365
1248934863709920365,2026-02-05,f,,,3,365
1248934863709920365,2026-02-06,f,,,3,365
1248934863709920365,2026-02-07,f,,,3,365
1248934863709920365,2026-02-08,f,,,3,365
1248934863709920365,2026-02-09,f,,,3,365
1248934863709920365,2026-02-10,f,,,3,365
1248934863709920365,2026-02-11,f,,,3,365
1248934863709920365,2026-02-12,f,,,3,365
1248934863709920365,2026-02-13,f,,,3,365
1248934863709920365,2026-02-14,f,,,3,365
1248934863709920365,2026-02-15,f,,,3,365
1248934863709920365,2026-02-16,f,,,3,365
1248934863709920365,2026-02-17,f,,,3,365
1248934863709920365,2026-02-18,f,,,3,365
1248934863709920365,2026-02-19,f,,,3,365
1248934863709920365,2026-02-20,f,,,3,365
1248934863709920365,2026-02-21,f,,,3,365
1248934863709920365,2026-02-22,f,,,3,365
1248934863709920365,2026-02-23,f,,,3,365
1248934863709920365,2026-02-24,f,,,3,365
1248934863709920365,2026-02-25,f,,,3,365
1248934863709920365,2026-02-26,f,,,3,365
1248934863709920365,2026-02-27,f,,,3,365
1248934863709920365,2026-02-28,f,,,3,365
1248934863709920365,2026-03-01,f,,,3,365
1248934863709920365,2026-03-02,f,,,3,365
1248934863709920365,2026-03-03,f,,,3,365
1248934863709920365,2026-03-04,f,,,3,365
1248934863709920365,2026-03-05,f,,,3,365
1248934863709920365,2026-03-06,f,,,3,365
1248934863709920365,2026-03-07,f,,,3,365
1248934863709920365,2026-03-08,f,,,3,365
1248934863709920365,2026-03-09,f,,,3,365
1248934863709920365,2026-03-10,f,,,3,365
1248934863709920365,2026-03-11,f,,,3,365
1248934863709920365,2026-03-12,f,,,3,365
1248934863709920365,2026-03-13,f,,,3,365
1248934863709920365,2026-03-14,f,,,3,365
1248934863709920365,2026-03-15,f,,,3,365
1248934863709920365,2026-03-16,f,,,3,365
1248934863709920365,2026-03-17,f,,,3,365
1248934863709920365,2026-03-18,f,,,3,365
1248934863709920365,2026-03-19,f,,,3,365
1248934863709920365,2026-03-20,f,,,3,365
1248934863709920365,2026-03-21,f,,,3,365
1248934863709920365,2026-03-22,f,,,3,365
1248934863709920365,2026-03-23,f,,,3,365
1248934863709920365,2026-03-24,f,,,3,365
1248934863709920365,2026-03-25,f,,,3,365
1248934863709920365,2026-03-26,f,,,3,365
1248934863709920365,2026-03-27,f,,,3,365
1248934863709920365,2026-03-28,f,,,3,365
1248934863709920365,2026-03-29,f,,,3,365
1248934863709920365,2026-03-30,f,,,3,365
1248934863709920365,2026-03-31,f,,,3,365
1248934863709920365,2026-04-01,f,,,3,365
1248934863709920365,2026-04-02,f,,,3,365
1248934863709920365,2026-04-03,f,,,3,365
1248934863709920365,2026-04-04,f,,,3,365
1248934863709920365,2026-04-05,f,,,3,365
1248934863709920365,2026-04-06,f,,,3,365
1248934863709920365,2026-04-07,f,,,3,365
1248934863709920365,2026-04-08,f,,,3,365
1248934863709920365,2026-04-09,f,,,3,365
1248934863709920365,2026-04-10,f,,,3,365
1248934863709920365,2026-04-11,f,,,3,365
1248934863709920365,2026-04-12,f,,,3,365
1248934863709920365,2026-04-13,f,,,3,365
1248934863709920365,2026-04-14,f,,,3,365
1248934863709920365,2026-04-15,f,,,3,365
1248934863709920365,2026-04-16,f,,,3,365
1248934863709920365,2026-04-17,f,,,3,365
1248934863709920365,2026-04-18,f,,,3,365
1248934863709920365,2026-04-19,f,,,3,365
1248934863709920365,2026-04-20,f,,,3,365
1248934863709920365,2026-04-21,f,,,3,365
1248934863709920365,2026-04-22,f,,,3,365
1248934863709920365,2026-04-23,f,,,3,365
1248934863709920365,2026-04-24,f,,,3,365
1248934863709920365,2026-04-25,f,,,3,365
1248934863709920365,2026-04-26,f,,,3,365
1248934863709920365,2026-04-27,f,,,3,365
1248934863709920365,2026-04-28,f,,,3,365
1248934863709920365,2026-04-29,f,,,3,365
1248934863709920365,2026-04-30,f,,,3,365
1248934863709920365,2026-05-01,f,,,3,365
1248934863709920365,2026-05-02,f,,,3,365
1248934863709920365,2026-05-03,f,,,3,365
1248934863709920365,2026-05-04,f,,,3,365
1248934863709920365,2026-05-05,f,,,3,365
1248934863709920365,2026-05-06,f,,,3,365
1248934863709920365,2026-05-07,f,,,3,365
1248934863709920365,2026-05-08,f,,,3,365
1248934863709920365,2026-05-09,f,,,3,365
1248934863709920365,2026-05-10,f,,,3,365
1248934863709920365,2026-05-11,f,,,3,365
1248934863709920365,2026-05-12,f,,,3,365
1248934863709920365,2026-05-13,f,,,3,365
1248934863709920365,2026-05-14,f,,,3,365
1248934863709920365,2026-05-15,f,,,3,365
1248934863709920365,2026-05-16,f,,,3,365
1248934863709920365,2026-05-17,f,,,3,365
1248934863709920365,2026-05-18,f,,,3,365
1248934863709920365,2026-05-19,f,,,3,365
1248934863709920365,2026-05-20,f,,,3,365
1248934863709920365,2026-05-21,f,,,3,365
1248934863709920365,2026-05-22,f,,,3,365
1248934863709920365,2026-05-23,f,,,3,365
1248934863709920365,2026-05-24,f,,,3,365
1248934863709920365,2026-05-25,f,,,3,365
1248934863709920365,2026-05-26,f,,,3,365
1248934863709920365,2026-05-27,f,,,3,365
1248934863709920365,2026-05-28,f,,,3,365
1248934863709920365,2026-05-29,f,,,3,365
1248934863709920365,2026-05-30,f,,,3,365
1248934863709920365,2026-05-31,f,,,3,365
1248934863709920365,2026-06-01,f,,,3,365
1248934863709920365,2026-06-02,f,,,3,365
1248934863709920365,2026-06-03,f,,,3,365
1248934863709920365,2026-06-04,f,,,3,365
1248934863709920365,2026-06-05,f,,,3,365
1248934863709920365,2026-06-06,f,,,3,365
1248934863709920365,2026-06-07,f,,,3,365
1248934863709920365,2026-06-08,f,,,3,365
1248934863709920365,2026-06-09,f,,,3,365
1248934863709920365,2026-06-10,f,,,3,365
1248934863709920365,2026-06-11,f,,,3,365
1248934863709920365,2026-06-12,f,,,3,365
1248934863709920365,2026-06-13,f,,,3,365
1248934863709920365,2026-06-14,f,,,3,365
1248934863709920365,2026-06-15,f,,,3,365
1248934863709920365,2026-06-16,f,,,3,365
1248934863709920365,2026-06-17,f,,,3,365
1248934863709920365,2026-06-18,f,,,3,365
1248934863709920365,2026-06-19,f,,,3,365
1248934863709920365,2026-06-20,f,,,3,365
1248934863709920365,2026-06-21,f,,,3,365
1248934863709920365,2026-06-22,f,,,3,365
1248934863709920365,2026-06-23,f,,,3,365
1268119086912326928,2025-06-24,f,,,4,365
1268119086912326928,2025-06-25,t,,,4,365
1268119086912326928,2025-06-26,f,,,4,365
1268119086912326928,2025-06-27,f,,,4,365
1268119086912326928,2025-06-28,f,,,4,365
1268119086912326928,2025-06-29,f,,,4,365
1268119086912326928,2025-06-30,f,,,4,365
1268119086912326928,2025-07-01,f,,,4,365
1268119086912326928,2025-07-02,f,,,3,365
1268119086912326928,2025-07-03,f,,,3,365
1268119086912326928,2025-07-04,f,,,3,365
1268119086912326928,2025-07-05,f,,,3,365
1268119086912326928,2025-07-06,f,,,3,365
1268119086912326928,2025-07-07,t,,,3,365
1268119086912326928,2025-07-08,t,,,3,365
1268119086912326928,2025-07-09,t,,,3,365
1268119086912326928,2025-07-10,t,,,3,365
1268119086912326928,2025-07-11,t,,,3,365
1268119086912326928,2025-07-12,t,,,3,365
1268119086912326928,2025-07-13,t,,,3,365
1268119086912326928,2025-07-14,t,,,3,365
1268119086912326928,2025-07-15,t,,,3,365
1268119086912326928,2025-07-16,t,,,3,365
1268119086912326928,2025-07-17,f,,,3,365
1268119086912326928,2025-07-18,f,,,3,365
1268119086912326928,2025-07-19,f,,,3,365
1268119086912326928,2025-07-20,f,,,3,365
1268119086912326928,2025-07-21,t,,,3,365
1268119086912326928,2025-07-22,t,,,3,365
1268119086912326928,2025-07-23,t,,,3,365
1268119086912326928,2025-07-24,t,,,3,365
1268119086912326928,2025-07-25,f,,,3,365
1268119086912326928,2025-07-26,f,,,3,365
1268119086912326928,2025-07-27,f,,,3,365
1268119086912326928,2025-07-28,f,,,3,365
1268119086912326928,2025-07-29,t,,,3,365
1268119086912326928,2025-07-30,t,,,4,365
1268119086912326928,2025-07-31,t,,,4,365
1268119086912326928,2025-08-01,t,,,4,365
1268119086912326928,2025-08-02,t,,,4,365
1268119086912326928,2025-08-03,t,,,4,365
1268119086912326928,2025-08-04,t,,,4,365
1268119086912326928,2025-08-05,t,,,4,365
1268119086912326928,2025-08-06,f,,,4,365
1268119086912326928,2025-08-07,f,,,4,365
1268119086912326928,2025-08-08,f,,,4,365
1268119086912326928,2025-08-09,f,,,4,365
1268119086912326928,2025-08-10,f,,,4,365
1268119086912326928,2025-08-11,f,,,4,365
1268119086912326928,2025-08-12,f,,,4,365
1268119086912326928,2025-08-13,f,,,4,365
1268119086912326928,2025-08-14,f,,,4,365
1268119086912326928,2025-08-15,f,,,4,365
1268119086912326928,2025-08-16,f,,,4,365
1268119086912326928,2025-08-17,f,,,4,365
1268119086912326928,2025-08-18,f,,,4,365
1268119086912326928,2025-08-19,f,,,4,365
1268119086912326928,2025-08-20,f,,,4,365
1268119086912326928,2025-08-21,f,,,4,365
1268119086912326928,2025-08-22,f,,,4,365
1268119086912326928,2025-08-23,f,,,4,365
1268119086912326928,2025-08-24,f,,,4,365
1268119086912326928,2025-08-25,f,,,4,365
1268119086912326928,2025-08-26,f,,,4,365
1268119086912326928,2025-08-27,f,,,4,365
1268119086912326928,2025-08-28,t,,,4,365
1268119086912326928,2025-08-29,t,,,4,365
1268119086912326928,2025-08-30,t,,,4,365
1268119086912326928,2025-08-31,t,,,4,365
1268119086912326928,2025-09-01,t,,,4,365
1268119086912326928,2025-09-02,t,,,4,365
1268119086912326928,2025-09-03,t,,,4,365
1268119086912326928,2025-09-04,t,,,4,365
1268119086912326928,2025-09-05,t,,,4,365
1268119086912326928,2025-09-06,t,,,4,365
1268119086912326928,2025-09-07,t,,,4,365
1268119086912326928,2025-09-08,f,,,4,365
1268119086912326928,2025-09-09,f,,,4,365
1268119086912326928,2025-09-10,f,,,4,365
1268119086912326928,2025-09-11,f,,,4,365
1268119086912326928,2025-09-12,f,,,4,365
1268119086912326928,2025-09-13,f,,,4,365
1268119086912326928,2025-09-14,f,,,4,365
1268119086912326928,2025-09-15,f,,,4,365
1268119086912326928,2025-09-16,f,,,4,365
1268119086912326928,2025-09-17,f,,,4,365
1268119086912326928,2025-09-18,f,,,4,365
1268119086912326928,2025-09-19,t,,,4,365
1268119086912326928,2025-09-20,t,,,4,365
1268119086912326928,2025-09-21,t,,,4,365
1268119086912326928,2025-09-22,t,,,4,365
1268119086912326928,2025-09-23,t,,,4,365
1268119086912326928,2025-09-24,t,,,4,365
1268119086912326928,2025-09-25,t,,,4,365
1268119086912326928,2025-09-26,t,,,4,365
1268119086912326928,2025-09-27,f,,,4,365
1268119086912326928,2025-09-28,f,,,4,365
1268119086912326928,2025-09-29,f,,,4,365
1268119086912326928,2025-09-30,f,,,4,365
1268119086912326928,2025-10-01,f,,,4,365
1268119086912326928,2025-10-02,f,,,4,365
1268119086912326928,2025-10-03,t,,,4,365
1268119086912326928,2025-10-04,f,,,4,365
1268119086912326928,2025-10-05,f,,,4,365
1268119086912326928,2025-10-06,f,,,4,365
1268119086912326928,2025-10-07,f,,,4,365
1268119086912326928,2025-10-08,f,,,4,365
1268119086912326928,2025-10-09,f,,,4,365
1268119086912326928,2025-10-10,f,,,4,365
1268119086912326928,2025-10-11,f,,,4,365
1268119086912326928,2025-10-12,f,,,4,365
1268119086912326928,2025-10-13,f,,,4,365
1268119086912326928,2025-10-14,f,,,4,365
1268119086912326928,2025-10-15,f,,,4,365
1268119086912326928,2025-10-16,t,,,2,365
1268119086912326928,2025-10-17,t,,,2,365
1268119086912326928,2025-10-18,t,,,2,365
1268119086912326928,2025-10-19,f,,,4,365
1268119086912326928,2025-10-20,f,,,4,365
1268119086912326928,2025-10-21,f,,,4,365
1268119086912326928,2025-10-22,f,,,4,365
1268119086912326928,2025-10-23,t,,,4,365
1268119086912326928,2025-10-24,t,,,4,365
1268119086912326928,2025-10-25,t,,,4,365
1268119086912326928,2025-10-26,t,,,4,365
1268119086912326928,2025-10-27,t,,,4,365
1268119086912326928,2025-10-28,t,,,4,365
1268119086912326928,2025-10-29,f,,,4,365
1268119086912326928,2025-10-30,f,,,4,365
1268119086912326928,2025-10-31,f,,,4,365
1268119086912326928,2025-11-01,f,,,4,365
1268119086912326928,2025-11-02,t,,,4,365
1268119086912326928,2025-11-03,t,,,4,365
1268119086912326928,2025-11-04,t,,,4,365
1268119086912326928,2025-11-05,t,,,4,365
1268119086912326928,2025-11-06,f,,,4,365
1268119086912326928,2025-11-07,f,,,4,365
1268119086912326928,2025-11-08,f,,,4,365
1268119086912326928,2025-11-09,f,,,4,365
1268119086912326928,2025-11-10,t,,,4,365
1268119086912326928,2025-11-11,t,,,4,365
1268119086912326928,2025-11-12,t,,,4,365
1268119086912326928,2025-11-13,t,,,4,365
1268119086912326928,2025-11-14,t,,,4,365
1268119086912326928,2025-11-15,t,,,4,365
1268119086912326928,2025-11-16,t,,,4,365
1268119086912326928,2025-11-17,t,,,4,365
1268119086912326928,2025-11-18,t,,,4,365
1268119086912326928,2025-11-19,t,,,4,365
1268119086912326928,2025-11-20,t,,,4,365
1268119086912326928,2025-11-21,t,,,4,365
1268119086912326928,2025-11-22,t,,,4,365
1268119086912326928,2025-11-23,t,,,4,365
1268119086912326928,2025-11-24,t,,,4,365
1268119086912326928,2025-11-25,t,,,4,365
1268119086912326928,2025-11-26,t,,,4,365
1268119086912326928,2025-11-27,t,,,4,365
1268119086912326928,2025-11-28,t,,,4,365
1268119086912326928,2025-11-29,t,,,4,365
1268119086912326928,2025-11-30,t,,,4,365
1268119086912326928,2025-12-01,t,,,4,365
1268119086912326928,2025-12-02,t,,,4,365
1268119086912326928,2025-12-03,t,,,4,365
1268119086912326928,2025-12-04,t,,,4,365
1268119086912326928,2025-12-05,t,,,4,365
1268119086912326928,2025-12-06,t,,,4,365
1268119086912326928,2025-12-07,t,,,4,365
1268119086912326928,2025-12-08,t,,,4,365
1268119086912326928,2025-12-09,t,,,4,365
1268119086912326928,2025-12-10,t,,,4,365
1268119086912326928,2025-12-11,t,,,4,365
1268119086912326928,2025-12-12,t,,,4,365
1268119086912326928,2025-12-13,t,,,4,365
1268119086912326928,2025-12-14,t,,,4,365
1268119086912326928,2025-12-15,t,,,4,365
1268119086912326928,2025-12-16,t,,,4,365
1268119086912326928,2025-12-17,t,,,4,365
1268119086912326928,2025-12-18,t,,,4,365
1268119086912326928,2025-12-19,t,,,4,365
1268119086912326928,2025-12-20,t,,,4,365
1268119086912326928,2025-12-21,t,,,4,365
1268119086912326928,2025-12-22,t,,,4,365
1268119086912326928,2025-12-23,f,,,4,365
1268119086912326928,2025-12-24,f,,,4,365
1268119086912326928,2025-12-25,f,,,4,365
1268119086912326928,2025-12-26,f,,,4,365
1268119086912326928,2025-12-27,f,,,4,365
1268119086912326928,2025-12-28,f,,,4,365
1268119086912326928,2025-12-29,f,,,4,365
1268119086912326928,2025-12-30,f,,,4,365
1268119086912326928,2025-12-31,f,,,4,365
1268119086912326928,2026-01-01,t,,,4,365
1268119086912326928,2026-01-02,f,,,4,365
1268119086912326928,2026-01-03,f,,,4,365
1268119086912326928,2026-01-04,f,,,4,365
1268119086912326928,2026-01-05,f,,,4,365
1268119086912326928,2026-01-06,f,,,4,365
1268119086912326928,2026-01-07,f,,,4,365
1268119086912326928,2026-01-08,f,,,4,365
1268119086912326928,2026-01-09,f,,,4,365
1268119086912326928,2026-01-10,f,,,4,365
1268119086912326928,2026-01-11,f,,,4,365
1268119086912326928,2026-01-12,f,,,4,365
1268119086912326928,2026-01-13,f,,,4,365
1268119086912326928,2026-01-14,f,,,4,365
1268119086912326928,2026-01-15,f,,,4,365
1268119086912326928,2026-01-16,f,,,4,365
1268119086912326928,2026-01-17,f,,,4,365
1268119086912326928,2026-01-18,f,,,4,365
1268119086912326928,2026-01-19,f,,,4,365
1268119086912326928,2026-01-20,f,,,4,365
1268119086912326928,2026-01-21,t,,,4,365
1268119086912326928,2026-01-22,t,,,4,365
1268119086912326928,2026-01-23,t,,,4,365
1268119086912326928,2026-01-24,t,,,2,365
1268119086912326928,2026-01-25,t,,,2,365
1268119086912326928,2026-01-26,t,,,4,365
1268119086912326928,2026-01-27,t,,,4,365
1268119086912326928,2026-01-28,t,,,4,365
1268119086912326928,2026-01-29,f,,,4,365
1268119086912326928,2026-01-30,f,,,4,365
1268119086912326928,2026-01-31,f,,,4,365
1268119086912326928,2026-02-01,f,,,4,365
1268119086912326928,2026-02-02,f,,,4,365
1268119086912326928,2026-02-03,f,,,4,365
1268119086912326928,2026-02-04,f,,,4,365
1268119086912326928,2026-02-05,f,,,4,365
1268119086912326928,2026-02-06,f,,,4,365
1268119086912326928,2026-02-07,f,,,4,365
1268119086912326928,2026-02-08,f,,,4,365
1268119086912326928,2026-02-09,f,,,4,365
1268119086912326928,2026-02-10,f,,,4,365
1268119086912326928,2026-02-11,f,,,4,365
1268119086912326928,2026-02-12,f,,,4,365
1268119086912326928,2026-02-13,f,,,4,365
1268119086912326928,2026-02-14,f,,,4,365
1268119086912326928,2026-02-15,f,,,4,365
1268119086912326928,2026-02-16,f,,,4,365
1268119086912326928,2026-02-17,f,,,4,365
1268119086912326928,2026-02-18,f,,,4,365
1268119086912326928,2026-02-19,f,,,4,365
1268119086912326928,2026-02-20,f,,,4,365
1268119086912326928,2026-02-21,f,,,4,365
1268119086912326928,2026-02-22,f,,,4,365
1268119086912326928,2026-02-23,f,,,4,365
1268119086912326928,2026-02-24,f,,,4,365
1268119086912326928,2026-02-25,f,,,4,365
1268119086912326928,2026-02-26,f,,,4,365
1268119086912326928,2026-02-27,f,,,4,365
1268119086912326928,2026-02-28,f,,,4,365
1268119086912326928,2026-03-01,f,,,4,365
1268119086912326928,2026-03-02,f,,,4,365
1268119086912326928,2026-03-03,f,,,4,365
1268119086912326928,2026-03-04,f,,,4,365
1268119086912326928,2026-03-05,f,,,4,365
1268119086912326928,2026-03-06,f,,,4,365
1268119086912326928,2026-03-07,f,,,4,365
1268119086912326928,2026-03-08,f,,,4,365
1268119086912326928,2026-03-09,f,,,4,365
1268119086912326928,2026-03-10,f,,,4,365
1268119086912326928,2026-03-11,f,,,4,365
1268119086912326928,2026-03-12,f,,,4,365
1268119086912326928,2026-03-13,f,,,4,365
1268119086912326928,2026-03-14,f,,,4,365
1268119086912326928,2026-03-15,f,,,4,365
1268119086912326928,2026-03-16,f,,,4,365
1268119086912326928,2026-03-17,f,,,4,365
1268119086912326928,2026-03-18,f,,,4,365
1268119086912326928,2026-03-19,f,,,4,365
1268119086912326928,2026-03-20,f,,,4,365
1268119086912326928,2026-03-21,f,,,4,365
1268119086912326928,2026-03-22,f,,,4,365
1268119086912326928,2026-03-23,f,,,4,365
1268119086912326928,2026-03-24,f,,,4,365
1268119086912326928,2026-03-25,f,,,4,365
1268119086912326928,2026-03-26,f,,,4,365
1268119086912326928,2026-03-27,f,,,4,365
1268119086912326928,2026-03-28,f,,,4,365
1268119086912326928,2026-03-29,f,,,4,365
1268119086912326928,2026-03-30,f,,,4,365
1268119086912326928,2026-03-31,f,,,4,365
1268119086912326928,2026-04-01,f,,,4,365
1268119086912326928,2026-04-02,f,,,4,365
1268119086912326928,2026-04-03,f,,,4,365
1268119086912326928,2026-04-04,f,,,4,365
1268119086912326928,2026-04-05,f,,,4,365
1268119086912326928,2026-04-06,f,,,4,365
1268119086912326928,2026-04-07,f,,,4,365
1268119086912326928,2026-04-08,f,,,4,365
1268119086912326928,2026-04-09,f,,,4,365
1268119086912326928,2026-04-10,f,,,4,365
1268119086912326928,2026-04-11,f,,,4,365
1268119086912326928,2026-04-12,f,,,4,365
1268119086912326928,2026-04-13,f,,,4,365
1268119086912326928,2026-04-14,f,,,4,365
1268119086912326928,2026-04-15,f,,,4,365
1268119086912326928,2026-04-16,f,,,4,365
1268119086912326928,2026-04-17,f,,,4,365
1268119086912326928,2026-04-18,f,,,4,365
1268119086912326928,2026-04-19,f,,,4,365
1268119086912326928,2026-04-20,f,,,4,365
1268119086912326928,2026-04-21,f,,,4,365
1268119086912326928,2026-04-22,f,,,4,365
1268119086912326928,2026-04-23,f,,,4,365
1268119086912326928,2026-04-24,f,,,4,365
1268119086912326928,2026-04-25,f,,,4,365
1268119086912326928,2026-04-26,f,,,4,365
1268119086912326928,2026-04-27,f,,,4,365
1268119086912326928,2026-04-28,f,,,4,365
1268119086912326928,2026-04-29,f,,,4,365
1268119086912326928,2026-04-30,f,,,4,365
1268119086912326928,2026-05-01,f,,,4,365
1268119086912326928,2026-05-02,f,,,4,365
1268119086912326928,2026-05-03,f,,,4,365
1268119086912326928,2026-05-04,f,,,4,365
1268119086912326928,2026-05-05,f,,,4,365
1268119086912326928,2026-05-06,f,,,4,365
1268119086912326928,2026-05-07,f,,,4,365
1268119086912326928,2026-05-08,f,,,4,365
1268119086912326928,2026-05-09,f,,,4,365
1268119086912326928,2026-05-10,f,,,4,365
1268119086912326928,2026-05-11,f,,,4,365
1268119086912326928,2026-05-12,f,,,4,365
1268119086912326928,2026-05-13,f,,,4,365
1268119086912326928,2026-05-14,f,,,4,365
1268119086912326928,2026-05-15,f,,,4,365
1268119086912326928,2026-05-16,f,,,4,365
1268119086912326928,2026-05-17,f,,,4,365
1268119086912326928,2026-05-18,f,,,4,365
1268119086912326928,2026-05-19,f,,,4,365
1268119086912326928,2026-05-20,f,,,4,365
1268119086912326928,2026-05-21,f,,,4,365
1268119086912326928,2026-05-22,f,,,4,365
1268119086912326928,2026-05-23,f,,,4,365
1268119086912326928,2026-05-24,f,,,4,365
1268119086912326928,2026-05-25,f,,,4,365
1268119086912326928,2026-05-26,f,,,4,365
1268119086912326928,2026-05-27,f,,,4,365
1268119086912326928,2026-05-28,f,,,4,365
1268119086912326928,2026-05-29,f,,,4,365
1268119086912326928,2026-05-30,f,,,4,365
1268119086912326928,2026-05-31,f,,,4,365
1268119086912326928,2026-06-01,f,,,4,365
1268119086912326928,2026-06-02,f,,,4,365
1268119086912326928,2026-06-03,f,,,4,365
1268119086912326928,2026-06-04,f,,,4,365
1268119086912326928,2026-06-05,f,,,4,365
1268119086912326928,2026-06-06,f,,,4,365
1268119086912326928,2026-06-07,f,,,4,365
1268119086912326928,2026-06-08,f,,,4,365
1268119086912326928,2026-06-09,f,,,4,365
1268119086912326928,2026-06-10,f,,,4,365
1268119086912326928,2026-06-11,f,,,4,365
1268119086912326928,2026-06-12,f,,,4,365
1268119086912326928,2026-06-13,f,,,4,365
1268119086912326928,2026-06-14,f,,,4,365
1268119086912326928,2026-06-15,f,,,4,365
1268119086912326928,2026-06-16,f,,,4,365
1268119086912326928,2026-06-17,f,,,4,365
1268119086912326928,2026-06-18,f,,,4,365
1268119086912326928,2026-06-19,f,,,4,365
1268119086912326928,2026-06-20,f,,,4,365
1268119086912326928,2026-06-21,f,,,4,365
1268119086912326928,2026-06-22,f,,,4,365
1268119086912326928,2026-06-23,f,,,4,365
1275127799742450139,2025-06-24,f,,,1,365
1275127799742450139,2025-06-25,f,,,1,365
1275127799742450139,2025-06-26,f,,,1,365
1275127799742450139,2025-06-27,f,,,1,365
1275127799742450139,2025-06-28,f,,,1,365
1275127799742450139,2025-06-29,f,,,1,365
1275127799742450139,2025-06-30,f,,,1,365
1275127799742450139,2025-07-01,f,,,1,365
1275127799742450139,2025-07-02,f,,,1,365
1275127799742450139,2025-07-03,f,,,1,365
1275127799742450139,2025-07-04,f,,,1,365
1275127799742450139,2025-07-05,t,,,1,365
1275127799742450139,2025-07-06,t,,,1,365
1275127799742450139,2025-07-07,t,,,1,365
1275127799742450139,2025-07-08,t,,,1,365
1275127799742450139,2025-07-09,t,,,1,365
1275127799742450139,2025-07-10,t,,,1,365
1275127799742450139,2025-07-11,t,,,1,365
1275127799742450139,2025-07-12,t,,,1,365
1275127799742450139,2025-07-13,t,,,1,365
1275127799742450139,2025-07-14,t,,,1,365
1275127799742450139,2025-07-15,t,,,1,365
1275127799742450139,2025-07-16,t,,,1,365
1275127799742450139,2025-07-17,t,,,1,365
1275127799742450139,2025-07-18,t,,,1,365
1275127799742450139,2025-07-19,t,,,1,365
1275127799742450139,2025-07-20,t,,,1,365
1275127799742450139,2025-07-21,t,,,1,365
1275127799742450139,2025-07-22,t,,,1,365
1275127799742450139,2025-07-23,t,,,1,365
1275127799742450139,2025-07-24,t,,,1,365
1275127799742450139,2025-07-25,t,,,1,365
1275127799742450139,2025-07-26,t,,,1,365
1275127799742450139,2025-07-27,t,,,1,365
1275127799742450139,2025-07-28,t,,,1,365
1275127799742450139,2025-07-29,t,,,1,365
1275127799742450139,2025-07-30,t,,,1,365
1275127799742450139,2025-07-31,t,,,1,365
1275127799742450139,2025-08-01,t,,,1,365
1275127799742450139,2025-08-02,t,,,1,365
1275127799742450139,2025-08-03,t,,,1,365
1275127799742450139,2025-08-04,f,,,1,365
1275127799742450139,2025-08-05,f,,,1,365
1275127799742450139,2025-08-06,f,,,1,365
1275127799742450139,2025-08-07,t,,,1,365
1275127799742450139,2025-08-08,t,,,1,365
1275127799742450139,2025-08-09,t,,,1,365
1275127799742450139,2025-08-10,t,,,1,365
1275127799742450139,2025-08-11,t,,,1,365
1275127799742450139,2025-08-12,t,,,1,365
1275127799742450139,2025-08-13,t,,,1,365
1275127799742450139,2025-08-14,t,,,1,365
1275127799742450139,2025-08-15,t,,,1,365
1275127799742450139,2025-08-16,t,,,1,365
1275127799742450139,2025-08-17,t,,,1,365
1275127799742450139,2025-08-18,t,,,1,365
1275127799742450139,2025-08-19,t,,,1,365
1275127799742450139,2025-08-20,t,,,1,365
1275127799742450139,2025-08-21,t,,,1,365
1275127799742450139,2025-08-22,t,,,1,365
1275127799742450139,2025-08-23,t,,,1,365
1275127799742450139,2025-08-24,t,,,1,365
1275127799742450139,2025-08-25,t,,,1,365
1275127799742450139,2025-08-26,t,,,1,365
1275127799742450139,2025-08-27,t,,,1,365
1275127799742450139,2025-08-28,t,,,1,365
1275127799742450139,2025-08-29,t,,,1,365
1275127799742450139,2025-08-30,t,,,1,365
1275127799742450139,2025-08-31,t,,,1,365
1275127799742450139,2025-09-01,t,,,1,365
1275127799742450139,2025-09-02,t,,,1,365
1275127799742450139,2025-09-03,t,,,1,365
1275127799742450139,2025-09-04,t,,,1,365
1275127799742450139,2025-09-05,t,,,1,365
1275127799742450139,2025-09-06,t,,,1,365
1275127799742450139,2025-09-07,t,,,1,365
1275127799742450139,2025-09-08,t,,,1,365
1275127799742450139,2025-09-09,t,,,1,365
1275127799742450139,2025-09-10,t,,,1,365
1275127799742450139,2025-09-11,t,,,1,365
1275127799742450139,2025-09-12,t,,,1,365
1275127799742450139,2025-09-13,t,,,1,365
1275127799742450139,2025-09-14,t,,,1,365
1275127799742450139,2025-09-15,t,,,1,365
1275127799742450139,2025-09-16,t,,,1,365
1275127799742450139,2025-09-17,t,,,1,365
1275127799742450139,2025-09-18,t,,,1,365
1275127799742450139,2025-09-19,t,,,1,365
1275127799742450139,2025-09-20,t,,,1,365
1275127799742450139,2025-09-21,t,,,1,365
1275127799742450139,2025-09-22,t,,,1,365
1275127799742450139,2025-09-23,f,,,1,365
1275127799742450139,2025-09-24,f,,,1,365
1275127799742450139,2025-09-25,f,,,1,365
1275127799742450139,2025-09-26,f,,,1,365
1275127799742450139,2025-09-27,f,,,1,365
1275127799742450139,2025-09-28,f,,,1,365
1275127799742450139,2025-09-29,f,,,1,365
1275127799742450139,2025-09-30,f,,,1,365
1275127799742450139,2025-10-01,f,,,1,365
1275127799742450139,2025-10-02,f,,,1,365
1275127799742450139,2025-10-03,f,,,1,365
1275127799742450139,2025-10-04,f,,,1,365
1275127799742450139,2025-10-05,f,,,1,365
1275127799742450139,2025-10-06,f,,,1,365
1275127799742450139,2025-10-07,f,,,1,365
1275127799742450139,2025-10-08,f,,,1,365
1275127799742450139,2025-10-09,f,,,1,365
1275127799742450139,2025-10-10,f,,,1,365
1275127799742450139,2025-10-11,f,,,1,365
1275127799742450139,2025-10-12,f,,,1,365
1275127799742450139,2025-10-13,f,,,1,365
1275127799742450139,2025-10-14,f,,,1,365
1275127799742450139,2025-10-15,f,,,1,365
1275127799742450139,2025-10-16,f,,,1,365
1275127799742450139,2025-10-17,f,,,1,365
1275127799742450139,2025-10-18,f,,,1,365
1275127799742450139,2025-10-19,f,,,1,365
1275127799742450139,2025-10-20,f,,,1,365
1275127799742450139,2025-10-21,f,,,1,365
1275127799742450139,2025-10-22,f,,,1,365
1275127799742450139,2025-10-23,f,,,1,365
1275127799742450139,2025-10-24,f,,,1,365
1275127799742450139,2025-10-25,f,,,1,365
1275127799742450139,2025-10-26,f,,,1,365
1275127799742450139,2025-10-27,f,,,1,365
1275127799742450139,2025-10-28,f,,,1,365
1275127799742450139,2025-10-29,f,,,1,365
1275127799742450139,2025-10-30,f,,,1,365
1275127799742450139,2025-10-31,f,,,1,365
1275127799742450139,2025-11-01,f,,,1,365
1275127799742450139,2025-11-02,f,,,1,365
1275127799742450139,2025-11-03,f,,,1,365
1275127799742450139,2025-11-04,f,,,1,365
1275127799742450139,2025-11-05,f,,,1,365
1275127799742450139,2025-11-06,f,,,1,365
1275127799742450139,2025-11-07,f,,,1,365
1275127799742450139,2025-11-08,f,,,1,365
1275127799742450139,2025-11-09,f,,,1,365
1275127799742450139,2025-11-10,f,,,1,365
1275127799742450139,2025-11-11,f,,,1,365
1275127799742450139,2025-11-12,f,,,1,365
1275127799742450139,2025-11-13,f,,,1,365
1275127799742450139,2025-11-14,f,,,1,365
1275127799742450139,2025-11-15,f,,,1,365
1275127799742450139,2025-11-16,f,,,1,365
1275127799742450139,2025-11-17,f,,,1,365
1275127799742450139,2025-11-18,f,,,1,365
1275127799742450139,2025-11-19,f,,,1,365
1275127799742450139,2025-11-20,f,,,1,365
1275127799742450139,2025-11-21,f,,,1,365
1275127799742450139,2025-11-22,f,,,1,365
1275127799742450139,2025-11-23,f,,,1,365
1275127799742450139,2025-11-24,f,,,1,365
1275127799742450139,2025-11-25,f,,,1,365
1275127799742450139,2025-11-26,f,,,1,365
1275127799742450139,2025-11-27,f,,,1,365
1275127799742450139,2025-11-28,f,,,1,365
1275127799742450139,2025-11-29,f,,,1,365
1275127799742450139,2025-11-30,f,,,1,365
1275127799742450139,2025-12-01,f,,,1,365
1275127799742450139,2025-12-02,f,,,1,365
1275127799742450139,2025-12-03,f,,,1,365
1275127799742450139,2025-12-04,f,,,1,365
1275127799742450139,2025-12-05,f,,,1,365
1275127799742450139,2025-12-06,f,,,1,365
1275127799742450139,2025-12-07,f,,,1,365
1275127799742450139,2025-12-08,f,,,1,365
1275127799742450139,2025-12-09,f,,,1,365
1275127799742450139,2025-12-10,f,,,1,365
1275127799742450139,2025-12-11,f,,,1,365
1275127799742450139,2025-12-12,f,,,1,365
1275127799742450139,2025-12-13,f,,,1,365
1275127799742450139,2025-12-14,f,,,1,365
1275127799742450139,2025-12-15,f,,,1,365
1275127799742450139,2025-12-16,f,,,1,365
1275127799742450139,2025-12-17,f,,,1,365
1275127799742450139,2025-12-18,f,,,1,365
1275127799742450139,2025-12-19,f,,,1,365
1275127799742450139,2025-12-20,f,,,1,365
1275127799742450139,2025-12-21,f,,,1,365
1275127799742450139,2025-12-22,f,,,1,365
1275127799742450139,2025-12-23,f,,,1,365
1275127799742450139,2025-12-24,f,,,1,365
1275127799742450139,2025-12-25,f,,,1,365
1275127799742450139,2025-12-26,f,,,1,365
1275127799742450139,2025-12-27,f,,,1,365
1275127799742450139,2025-12-28,f,,,1,365
1275127799742450139,2025-12-29,f,,,1,365
1275127799742450139,2025-12-30,f,,,1,365
1275127799742450139,2025-12-31,f,,,1,365
1275127799742450139,2026-01-01,f,,,1,365
1275127799742450139,2026-01-02,f,,,1,365
1275127799742450139,2026-01-03,f,,,1,365
1275127799742450139,2026-01-04,f,,,1,365
1275127799742450139,2026-01-05,f,,,1,365
1275127799742450139,2026-01-06,f,,,1,365
1275127799742450139,2026-01-07,f,,,1,365
1275127799742450139,2026-01-08,f,,,1,365
1275127799742450139,2026-01-09,f,,,1,365
1275127799742450139,2026-01-10,f,,,1,365
1275127799742450139,2026-01-11,f,,,1,365
1275127799742450139,2026-01-12,f,,,1,365
1275127799742450139,2026-01-13,f,,,1,365
1275127799742450139,2026-01-14,f,,,1,365
1275127799742450139,2026-01-15,f,,,1,365
1275127799742450139,2026-01-16,f,,,1,365
1275127799742450139,2026-01-17,f,,,1,365
1275127799742450139,2026-01-18,f,,,1,365
1275127799742450139,2026-01-19,f,,,1,365
1275127799742450139,2026-01-20,f,,,1,365
1275127799742450139,2026-01-21,f,,,1,365
1275127799742450139,2026-01-22,f,,,1,365
1275127799742450139,2026-01-23,f,,,1,365
1275127799742450139,2026-01-24,f,,,1,365
1275127799742450139,2026-01-25,f,,,1,365
1275127799742450139,2026-01-26,f,,,1,365
1275127799742450139,2026-01-27,f,,,1,365
1275127799742450139,2026-01-28,f,,,1,365
1275127799742450139,2026-01-29,f,,,1,365
1275127799742450139,2026-01-30,f,,,1,365
1275127799742450139,2026-01-31,f,,,1,365
1275127799742450139,2026-02-01,f,,,1,365
1275127799742450139,2026-02-02,f,,,1,365
1275127799742450139,2026-02-03,f,,,1,365
1275127799742450139,2026-02-04,f,,,1,365
1275127799742450139,2026-02-05,f,,,1,365
1275127799742450139,2026-02-06,f,,,1,365
1275127799742450139,2026-02-07,f,,,1,365
1275127799742450139,2026-02-08,f,,,1,365
1275127799742450139,2026-02-09,f,,,1,365
1275127799742450139,2026-02-10,f,,,1,365
1275127799742450139,2026-02-11,f,,,1,365
1275127799742450139,2026-02-12,f,,,1,365
1275127799742450139,2026-02-13,f,,,1,365
1275127799742450139,2026-02-14,f,,,1,365
1275127799742450139,2026-02-15,f,,,1,365
1275127799742450139,2026-02-16,f,,,1,365
1275127799742450139,2026-02-17,f,,,1,365
1275127799742450139,2026-02-18,f,,,1,365
1275127799742450139,2026-02-19,f,,,1,365
1275127799742450139,2026-02-20,f,,,1,365
1275127799742450139,2026-02-21,f,,,1,365
1275127799742450139,2026-02-22,f,,,1,365
1275127799742450139,2026-02-23,f,,,1,365
1275127799742450139,2026-02-24,f,,,1,365
1275127799742450139,2026-02-25,f,,,1,365
1275127799742450139,2026-02-26,f,,,1,365
1275127799742450139,2026-02-27,f,,,1,365
1275127799742450139,2026-02-28,f,,,1,365
1275127799742450139,2026-03-01,f,,,1,365
1275127799742450139,2026-03-02,f,,,1,365
1275127799742450139,2026-03-03,f,,,1,365
1275127799742450139,2026-03-04,f,,,1,365
1275127799742450139,2026-03-05,f,,,1,365
1275127799742450139,2026-03-06,f,,,1,365
1275127799742450139,2026-03-07,f,,,1,365
1275127799742450139,2026-03-08,f,,,1,365
1275127799742450139,2026-03-09,f,,,1,365
1275127799742450139,2026-03-10,f,,,1,365
1275127799742450139,2026-03-11,f,,,1,365
1275127799742450139,2026-03-12,f,,,1,365
1275127799742450139,2026-03-13,f,,,1,365
1275127799742450139,2026-03-14,f,,,1,365
1275127799742450139,2026-03-15,f,,,1,365
1275127799742450139,2026-03-16,f,,,1,365
1275127799742450139,2026-03-17,f,,,1,365
1275127799742450139,2026-03-18,f,,,1,365
1275127799742450139,2026-03-19,f,,,1,365
1275127799742450139,2026-03-20,f,,,1,365
1275127799742450139,2026-03-21,f,,,1,365
1275127799742450139,2026-03-22,f,,,1,365
1275127799742450139,2026-03-23,f,,,1,365
1275127799742450139,2026-03-24,f,,,1,365
1275127799742450139,2026-03-25,f,,,1,365
1275127799742450139,2026-03-26,f,,,1,365
1275127799742450139,2026-03-27,f,,,1,365
1275127799742450139,2026-03-28,f,,,1,365
1275127799742450139,2026-03-29,f,,,1,365
1275127799742450139,2026-03-30,f,,,1,365
1275127799742450139,2026-03-31,f,,,1,365
1275127799742450139,2026-04-01,f,,,1,365
1275127799742450139,2026-04-02,f,,,1,365
1275127799742450139,2026-04-03,f,,,1,365
1275127799742450139,2026-04-04,f,,,1,365
1275127799742450139,2026-04-05,f,,,1,365
1275127799742450139,2026-04-06,f,,,1,365
1275127799742450139,2026-04-07,f,,,1,365
1275127799742450139,2026-04-08,f,,,1,365
1275127799742450139,2026-04-09,f,,,1,365
1275127799742450139,2026-04-10,f,,,1,365
1275127799742450139,2026-04-11,f,,,1,365
1275127799742450139,2026-04-12,f,,,1,365
1275127799742450139,2026-04-13,f,,,1,365
1275127799742450139,2026-04-14,f,,,1,365
1275127799742450139,2026-04-15,f,,,1,365
1275127799742450139,2026-04-16,f,,,1,365
1275127799742450139,2026-04-17,f,,,1,365
1275127799742450139,2026-04-18,f,,,1,365
1275127799742450139,2026-04-19,f,,,1,365
1275127799742450139,2026-04-20,f,,,1,365
1275127799742450139,2026-04-21,f,,,1,365
1275127799742450139,2026-04-22,f,,,1,365
1275127799742450139,2026-04-23,f,,,1,365
1275127799742450139,2026-04-24,f,,,1,365
1275127799742450139,2026-04-25,f,,,1,365
1275127799742450139,2026-04-26,f,,,1,365
1275127799742450139,2026-04-27,f,,,1,365
1275127799742450139,2026-04-28,f,,,1,365
1275127799742450139,2026-04-29,f,,,1,365
1275127799742450139,2026-04-30,f,,,1,365
1275127799742450139,2026-05-01,f,,,1,365
1275127799742450139,2026-05-02,f,,,1,365
1275127799742450139,2026-05-03,f,,,1,365
1275127799742450139,2026-05-04,f,,,1,365
1275127799742450139,2026-05-05,f,,,1,365
1275127799742450139,2026-05-06,f,,,1,365
1275127799742450139,2026-05-07,f,,,1,365
1275127799742450139,2026-05-08,f,,,1,365
1275127799742450139,2026-05-09,f,,,1,365
1275127799742450139,2026-05-10,f,,,1,365
1275127799742450139,2026-05-11,f,,,1,365
1275127799742450139,2026-05-12,f,,,1,365
1275127799742450139,2026-05-13,f,,,1,365
1275127799742450139,2026-05-14,f,,,1,365
1275127799742450139,2026-05-15,f,,,1,365
1275127799742450139,2026-05-16,f,,,1,365
1275127799742450139,2026-05-17,f,,,1,365
1275127799742450139,2026-05-18,f,,,1,365
1275127799742450139,2026-05-19,f,,,1,365
1275127799742450139,2026-05-20,f,,,1,365
1275127799742450139,2026-05-21,f,,,1,365
1275127799742450139,2026-05-22,f,,,1,365
1275127799742450139,2026-05-23,f,,,1,365
1275127799742450139,2026-05-24,f,,,1,365
1275127799742450139,2026-05-25,f,,,1,365
1275127799742450139,2026-05-26,f,,,1,365
1275127799742450139,2026-05-27,f,,,1,365
1275127799742450139,2026-05-28,f,,,1,365
1275127799742450139,2026-05-29,f,,,1,365
1275127799742450139,2026-05-30,f,,,1,365
1275127799742450139,2026-05-31,f,,,1,365
1275127799742450139,2026-06-01,f,,,1,365
1275127799742450139,2026-06-02,f,,,1,365
1275127799742450139,2026-06-03,f,,,1,365
1275127799742450139,2026-06-04,f,,,1,365
1275127799742450139,2026-06-05,f,,,1,365
1275127799742450139,2026-06-06,f,,,1,365
1275127799742450139,2026-06-07,f,,,1,365
1275127799742450139,2026-06-08,f,,,1,365
1275127799742450139,2026-06-09,f,,,1,365
1275127799742450139,2026-06-10,f,,,1,365
1275127799742450139,2026-06-11,f,,,1,365
1275127799742450139,2026-06-12,f,,,1,365
1275127799742450139,2026-06-13,f,,,1,365
1275127799742450139,2026-06-14,f,,,1,365
1275127799742450139,2026-06-15,f,,,1,365
1275127799742450139,2026-06-16,f,,,1,365
1275127799742450139,2026-06-17,f,,,1,365
1275127799742450139,2026-06-18,f,,,1,365
1275127799742450139,2026-06-19,f,,,1,365
1275127799742450139,2026-06-20,f,,,1,365
1275127799742450139,2026-06-21,f,,,1,365
1275127799742450139,2026-06-22,f,,,1,365
1275127799742450139,2026-06-23,f,,,1,365
1277863336077753459,2025-06-24,f,,,30,180
1277863336077753459,2025-06-25,f,,,30,180
1277863336077753459,2025-06-26,f,,,30,180
1277863336077753459,2025-06-27,f,,,30,180
1277863336077753459,2025-06-28,f,,,30,180
1277863336077753459,2025-06-29,f,,,30,180
1277863336077753459,2025-06-30,f,,,30,180
1277863336077753459,2025-07-01,f,,,30,180
1277863336077753459,2025-07-02,f,,,30,180
1277863336077753459,2025-07-03,f,,,30,180
1277863336077753459,2025-07-04,f,,,30,180
1277863336077753459,2025-07-05,f,,,30,180
1277863336077753459,2025-07-06,f,,,30,180
1277863336077753459,2025-07-07,f,,,30,180
1277863336077753459,2025-07-08,f,,,30,180
1277863336077753459,2025-07-09,f,,,30,180
1277863336077753459,2025-07-10,f,,,30,180
1277863336077753459,2025-07-11,f,,,30,180
1277863336077753459,2025-07-12,f,,,30,180
1277863336077753459,2025-07-13,f,,,30,180
1277863336077753459,2025-07-14,f,,,30,180
1277863336077753459,2025-07-15,f,,,30,180
1277863336077753459,2025-07-16,f,,,30,180
1277863336077753459,2025-07-17,f,,,30,180
1277863336077753459,2025-07-18,f,,,30,180
1277863336077753459,2025-07-19,f,,,30,180
1277863336077753459,2025-07-20,f,,,30,180
1277863336077753459,2025-07-21,f,,,30,180
1277863336077753459,2025-07-22,f,,,30,180
1277863336077753459,2025-07-23,f,,,30,180
1277863336077753459,2025-07-24,f,,,30,180
1277863336077753459,2025-07-25,f,,,30,180
1277863336077753459,2025-07-26,f,,,30,180
1277863336077753459,2025-07-27,f,,,30,180
1277863336077753459,2025-07-28,f,,,30,180
1277863336077753459,2025-07-29,f,,,30,180
1277863336077753459,2025-07-30,f,,,30,180
1277863336077753459,2025-07-31,f,,,30,180
1277863336077753459,2025-08-01,f,,,30,180
1277863336077753459,2025-08-02,f,,,30,180
1277863336077753459,2025-08-03,f,,,30,180
1277863336077753459,2025-08-04,f,,,30,180
1277863336077753459,2025-08-05,f,,,30,180
1277863336077753459,2025-08-06,f,,,30,180
1277863336077753459,2025-08-07,f,,,30,180
1277863336077753459,2025-08-08,f,,,30,180
1277863336077753459,2025-08-09,f,,,30,180
1277863336077753459,2025-08-10,f,,,30,180
1277863336077753459,2025-08-11,f,,,30,180
1277863336077753459,2025-08-12,f,,,30,180
1277863336077753459,2025-08-13,f,,,30,180
1277863336077753459,2025-08-14,f,,,30,180
1277863336077753459,2025-08-15,f,,,30,180
1277863336077753459,2025-08-16,f,,,30,180
1277863336077753459,2025-08-17,f,,,30,180
1277863336077753459,2025-08-18,f,,,30,180
1277863336077753459,2025-08-19,f,,,30,180
1277863336077753459,2025-08-20,f,,,30,180
1277863336077753459,2025-08-21,f,,,30,180
1277863336077753459,2025-08-22,f,,,30,180
1277863336077753459,2025-08-23,f,,,30,180
1277863336077753459,2025-08-24,f,,,30,180
1277863336077753459,2025-08-25,f,,,30,180
1277863336077753459,2025-08-26,f,,,30,180
1277863336077753459,2025-08-27,f,,,30,180
1277863336077753459,2025-08-28,f,,,30,180
1277863336077753459,2025-08-29,f,,,30,180
1277863336077753459,2025-08-30,f,,,30,180
1277863336077753459,2025-08-31,f,,,30,180
1277863336077753459,2025-09-01,f,,,30,180
1277863336077753459,2025-09-02,f,,,30,180
1277863336077753459,2025-09-03,f,,,30,180
1277863336077753459,2025-09-04,f,,,30,180
1277863336077753459,2025-09-05,f,,,30,180
1277863336077753459,2025-09-06,f,,,30,180
1277863336077753459,2025-09-07,f,,,30,180
1277863336077753459,2025-09-08,f,,,30,180
1277863336077753459,2025-09-09,f,,,30,180
1277863336077753459,2025-09-10,f,,,30,180
1277863336077753459,2025-09-11,f,,,30,180
1277863336077753459,2025-09-12,f,,,30,180
1277863336077753459,2025-09-13,f,,,30,180
1277863336077753459,2025-09-14,f,,,30,180
1277863336077753459,2025-09-15,f,,,30,180
1277863336077753459,2025-09-16,f,,,30,180
1277863336077753459,2025-09-17,f,,,30,180
1277863336077753459,2025-09-18,f,,,30,180
1277863336077753459,2025-09-19,f,,,30,180
1277863336077753459,2025-09-20,f,,,30,180
1277863336077753459,2025-09-21,f,,,30,180
1277863336077753459,2025-09-22,f,,,30,180
1277863336077753459,2025-09-23,f,,,30,180
1277863336077753459,2025-09-24,f,,,30,180
1277863336077753459,2025-09-25,f,,,30,180
1277863336077753459,2025-09-26,f,,,30,180
1277863336077753459,2025-09-27,f,,,30,180
1277863336077753459,2025-09-28,f,,,30,180
1277863336077753459,2025-09-29,f,,,30,180
1277863336077753459,2025-09-30,f,,,30,180
1277863336077753459,2025-10-01,f,,,30,180
1277863336077753459,2025-10-02,f,,,30,180
1277863336077753459,2025-10-03,f,,,30,180
1277863336077753459,2025-10-04,f,,,30,180
1277863336077753459,2025-10-05,f,,,30,180
1277863336077753459,2025-10-06,f,,,30,180
1277863336077753459,2025-10-07,f,,,30,180
1277863336077753459,2025-10-08,f,,,30,180
1277863336077753459,2025-10-09,f,,,30,180
1277863336077753459,2025-10-10,f,,,30,180
1277863336077753459,2025-10-11,f,,,30,180
1277863336077753459,2025-10-12,f,,,30,180
1277863336077753459,2025-10-13,f,,,30,180
1277863336077753459,2025-10-14,f,,,30,180
1277863336077753459,2025-10-15,f,,,30,180
1277863336077753459,2025-10-16,f,,,30,180
1277863336077753459,2025-10-17,f,,,30,180
1277863336077753459,2025-10-18,f,,,30,180
1277863336077753459,2025-10-19,f,,,30,180
1277863336077753459,2025-10-20,f,,,30,180
1277863336077753459,2025-10-21,f,,,30,180
1277863336077753459,2025-10-22,f,,,30,180
1277863336077753459,2025-10-23,f,,,30,180
1277863336077753459,2025-10-24,f,,,30,180
1277863336077753459,2025-10-25,f,,,30,180
1277863336077753459,2025-10-26,f,,,30,180
1277863336077753459,2025-10-27,f,,,30,180
1277863336077753459,2025-10-28,f,,,30,180
1277863336077753459,2025-10-29,f,,,30,180
1277863336077753459,2025-10-30,f,,,30,180
1277863336077753459,2025-10-31,f,,,30,180
1277863336077753459,2025-11-01,f,,,30,180
1277863336077753459,2025-11-02,f,,,30,180
1277863336077753459,2025-11-03,f,,,30,180
1277863336077753459,2025-11-04,f,,,30,180
1277863336077753459,2025-11-05,f,,,30,180
1277863336077753459,2025-11-06,f,,,30,180
1277863336077753459,2025-11-07,f,,,30,180
1277863336077753459,2025-11-08,f,,,30,180
1277863336077753459,2025-11-09,f,,,30,180
1277863336077753459,2025-11-10,f,,,30,180
1277863336077753459,2025-11-11,f,,,30,180
1277863336077753459,2025-11-12,f,,,30,180
1277863336077753459,2025-11-13,f,,,30,180
1277863336077753459,2025-11-14,f,,,30,180
1277863336077753459,2025-11-15,f,,,30,180
1277863336077753459,2025-11-16,f,,,30,180
1277863336077753459,2025-11-17,f,,,30,180
1277863336077753459,2025-11-18,f,,,30,180
1277863336077753459,2025-11-19,f,,,30,180
1277863336077753459,2025-11-20,f,,,30,180
1277863336077753459,2025-11-21,f,,,30,180
1277863336077753459,2025-11-22,f,,,30,180
1277863336077753459,2025-11-23,f,,,30,180
1277863336077753459,2025-11-24,f,,,30,180
1277863336077753459,2025-11-25,f,,,30,180
1277863336077753459,2025-11-26,f,,,30,180
1277863336077753459,2025-11-27,f,,,30,180
1277863336077753459,2025-11-28,f,,,30,180
1277863336077753459,2025-11-29,f,,,30,180
1277863336077753459,2025-11-30,f,,,30,180
1277863336077753459,2025-12-01,f,,,30,180
1277863336077753459,2025-12-02,f,,,30,180
1277863336077753459,2025-12-03,f,,,30,180
1277863336077753459,2025-12-04,f,,,30,180
1277863336077753459,2025-12-05,f,,,30,180
1277863336077753459,2025-12-06,f,,,30,180
1277863336077753459,2025-12-07,f,,,30,180
1277863336077753459,2025-12-08,f,,,30,180
1277863336077753459,2025-12-09,f,,,30,180
1277863336077753459,2025-12-10,f,,,30,180
1277863336077753459,2025-12-11,f,,,30,180
1277863336077753459,2025-12-12,f,,,30,180
1277863336077753459,2025-12-13,f,,,30,180
1277863336077753459,2025-12-14,f,,,30,180
1277863336077753459,2025-12-15,f,,,30,180
1277863336077753459,2025-12-16,f,,,30,180
1277863336077753459,2025-12-17,f,,,30,180
1277863336077753459,2025-12-18,f,,,30,180
1277863336077753459,2025-12-19,f,,,30,180
1277863336077753459,2025-12-20,f,,,30,180
1277863336077753459,2025-12-21,f,,,30,180
1277863336077753459,2025-12-22,f,,,30,180
1277863336077753459,2025-12-23,f,,,30,180
1277863336077753459,2025-12-24,f,,,30,180
1277863336077753459,2025-12-25,f,,,30,180
1277863336077753459,2025-12-26,f,,,30,180
1277863336077753459,2025-12-27,f,,,30,180
1277863336077753459,2025-12-28,f,,,30,180
1277863336077753459,2025-12-29,f,,,30,180
1277863336077753459,2025-12-30,f,,,30,180
1277863336077753459,2025-12-31,f,,,30,180
1277863336077753459,2026-01-01,f,,,30,180
1277863336077753459,2026-01-02,f,,,30,180
1277863336077753459,2026-01-03,f,,,30,180
1277863336077753459,2026-01-04,f,,,30,180
1277863336077753459,2026-01-05,f,,,30,180
1277863336077753459,2026-01-06,f,,,30,180
1277863336077753459,2026-01-07,f,,,30,180
1277863336077753459,2026-01-08,f,,,30,180
1277863336077753459,2026-01-09,f,,,30,180
1277863336077753459,2026-01-10,f,,,30,180
1277863336077753459,2026-01-11,f,,,30,180
1277863336077753459,2026-01-12,f,,,30,180
1277863336077753459,2026-01-13,f,,,30,180
1277863336077753459,2026-01-14,f,,,30,180
1277863336077753459,2026-01-15,f,,,30,180
1277863336077753459,2026-01-16,f,,,30,180
1277863336077753459,2026-01-17,f,,,30,180
1277863336077753459,2026-01-18,f,,,30,180
1277863336077753459,2026-01-19,f,,,30,180
1277863336077753459,2026-01-20,f,,,30,180
1277863336077753459,2026-01-21,f,,,30,180
1277863336077753459,2026-01-22,f,,,30,180
1277863336077753459,2026-01-23,f,,,30,180
1277863336077753459,2026-01-24,f,,,30,180
1277863336077753459,2026-01-25,f,,,30,180
1277863336077753459,2026-01-26,f,,,30,180
1277863336077753459,2026-01-27,f,,,30,180
1277863336077753459,2026-01-28,f,,,30,180
1277863336077753459,2026-01-29,f,,,30,180
1277863336077753459,2026-01-30,f,,,30,180
1277863336077753459,2026-01-31,f,,,30,180
1277863336077753459,2026-02-01,f,,,30,180
1277863336077753459,2026-02-02,f,,,30,180
1277863336077753459,2026-02-03,f,,,30,180
1277863336077753459,2026-02-04,f,,,30,180
1277863336077753459,2026-02-05,f,,,30,180
1277863336077753459,2026-02-06,f,,,30,180
1277863336077753459,2026-02-07,f,,,30,180
1277863336077753459,2026-02-08,f,,,30,180
1277863336077753459,2026-02-09,f,,,30,180
1277863336077753459,2026-02-10,f,,,30,180
1277863336077753459,2026-02-11,f,,,30,180
1277863336077753459,2026-02-12,f,,,30,180
1277863336077753459,2026-02-13,f,,,30,180
1277863336077753459,2026-02-14,f,,,30,180
1277863336077753459,2026-02-15,f,,,30,180
1277863336077753459,2026-02-16,f,,,30,180
1277863336077753459,2026-02-17,f,,,30,180
1277863336077753459,2026-02-18,f,,,30,180
1277863336077753459,2026-02-19,f,,,30,180
1277863336077753459,2026-02-20,f,,,30,180
1277863336077753459,2026-02-21,f,,,30,180
1277863336077753459,2026-02-22,f,,,30,180
1277863336077753459,2026-02-23,f,,,30,180
1277863336077753459,2026-02-24,f,,,30,180
1277863336077753459,2026-02-25,f,,,30,180
1277863336077753459,2026-02-26,f,,,30,180
1277863336077753459,2026-02-27,f,,,30,180
1277863336077753459,2026-02-28,f,,,30,180
1277863336077753459,2026-03-01,f,,,30,180
1277863336077753459,2026-03-02,f,,,30,180
1277863336077753459,2026-03-03,f,,,30,180
1277863336077753459,2026-03-04,f,,,30,180
1277863336077753459,2026-03-05,f,,,30,180
1277863336077753459,2026-03-06,f,,,30,180
1277863336077753459,2026-03-07,f,,,30,180
1277863336077753459,2026-03-08,f,,,30,180
1277863336077753459,2026-03-09,f,,,30,180
1277863336077753459,2026-03-10,f,,,30,180
1277863336077753459,2026-03-11,f,,,30,180
1277863336077753459,2026-03-12,f,,,30,180
1277863336077753459,2026-03-13,f,,,30,180
1277863336077753459,2026-03-14,f,,,30,180
1277863336077753459,2026-03-15,f,,,30,180
1277863336077753459,2026-03-16,f,,,30,180
1277863336077753459,2026-03-17,f,,,30,180
1277863336077753459,2026-03-18,f,,,30,180
1277863336077753459,2026-03-19,f,,,30,180
1277863336077753459,2026-03-20,f,,,30,180
1277863336077753459,2026-03-21,f,,,30,180
1277863336077753459,2026-03-22,f,,,30,180
1277863336077753459,2026-03-23,f,,,30,180
1277863336077753459,2026-03-24,f,,,30,180
1277863336077753459,2026-03-25,f,,,30,180
1277863336077753459,2026-03-26,f,,,30,180
1277863336077753459,2026-03-27,f,,,30,180
1277863336077753459,2026-03-28,f,,,30,180
1277863336077753459,2026-03-29,f,,,30,180
1277863336077753459,2026-03-30,f,,,30,180
1277863336077753459,2026-03-31,f,,,30,180
1277863336077753459,2026-04-01,f,,,30,180
1277863336077753459,2026-04-02,f,,,30,180
1277863336077753459,2026-04-03,f,,,30,180
1277863336077753459,2026-04-04,f,,,30,180
1277863336077753459,2026-04-05,f,,,30,180
1277863336077753459,2026-04-06,f,,,30,180
1277863336077753459,2026-04-07,f,,,30,180
1277863336077753459,2026-04-08,f,,,30,180
1277863336077753459,2026-04-09,f,,,30,180
1277863336077753459,2026-04-10,f,,,30,180
1277863336077753459,2026-04-11,f,,,30,180
1277863336077753459,2026-04-12,f,,,30,180
1277863336077753459,2026-04-13,f,,,30,180
1277863336077753459,2026-04-14,f,,,30,180
1277863336077753459,2026-04-15,f,,,30,180
1277863336077753459,2026-04-16,f,,,30,180
1277863336077753459,2026-04-17,f,,,30,180
1277863336077753459,2026-04-18,f,,,30,180
1277863336077753459,2026-04-19,f,,,30,180
1277863336077753459,2026-04-20,f,,,30,180
1277863336077753459,2026-04-21,f,,,30,180
1277863336077753459,2026-04-22,f,,,30,180
1277863336077753459,2026-04-23,f,,,30,180
1277863336077753459,2026-04-24,f,,,30,180
1277863336077753459,2026-04-25,f,,,30,180
1277863336077753459,2026-04-26,f,,,30,180
1277863336077753459,2026-04-27,f,,,30,180
1277863336077753459,2026-04-28,f,,,30,180
1277863336077753459,2026-04-29,f,,,30,180
1277863336077753459,2026-04-30,f,,,30,180
1277863336077753459,2026-05-01,f,,,30,180
1277863336077753459,2026-05-02,f,,,30,180
1277863336077753459,2026-05-03,f,,,30,180
1277863336077753459,2026-05-04,f,,,30,180
1277863336077753459,2026-05-05,f,,,30,180
1277863336077753459,2026-05-06,f,,,30,180
1277863336077753459,2026-05-07,f,,,30,180
1277863336077753459,2026-05-08,f,,,30,180
1277863336077753459,2026-05-09,f,,,30,180
1277863336077753459,2026-05-10,f,,,30,180
1277863336077753459,2026-05-11,f,,,30,180
1277863336077753459,2026-05-12,f,,,30,180
1277863336077753459,2026-05-13,f,,,30,180
1277863336077753459,2026-05-14,f,,,30,180
1277863336077753459,2026-05-15,f,,,30,180
1277863336077753459,2026-05-16,f,,,30,180
1277863336077753459,2026-05-17,f,,,30,180
1277863336077753459,2026-05-18,f,,,30,180
1277863336077753459,2026-05-19,f,,,30,180
1277863336077753459,2026-05-20,f,,,30,180
1277863336077753459,2026-05-21,f,,,30,180
1277863336077753459,2026-05-22,f,,,30,180
1277863336077753459,2026-05-23,f,,,30,180
1277863336077753459,2026-05-24,f,,,30,180
1277863336077753459,2026-05-25,f,,,30,180
1277863336077753459,2026-05-26,f,,,30,180
1277863336077753459,2026-05-27,f,,,30,180
1277863336077753459,2026-05-28,f,,,30,180
1277863336077753459,2026-05-29,f,,,30,180
1277863336077753459,2026-05-30,f,,,30,180
1277863336077753459,2026-05-31,f,,,30,180
1277863336077753459,2026-06-01,f,,,30,180
1277863336077753459,2026-06-02,f,,,30,180
1277863336077753459,2026-06-03,f,,,30,180
1277863336077753459,2026-06-04,f,,,30,180
1277863336077753459,2026-06-05,f,,,30,180
1277863336077753459,2026-06-06,f,,,30,180
1277863336077753459,2026-06-07,f,,,30,180
1277863336077753459,2026-06-08,f,,,30,180
1277863336077753459,2026-06-09,f,,,30,180
1277863336077753459,2026-06-10,f,,,30,180
1277863336077753459,2026-06-11,f,,,30,180
1277863336077753459,2026-06-12,f,,,30,180
1277863336077753459,2026-06-13,f,,,30,180
1277863336077753459,2026-06-14,f,,,30,180
1277863336077753459,2026-06-15,f,,,30,180
1277863336077753459,2026-06-16,f,,,30,180
1277863336077753459,2026-06-17,f,,,30,180
1277863336077753459,2026-06-18,f,,,30,180
1277863336077753459,2026-06-19,f,,,30,180
1277863336077753459,2026-06-20,f,,,30,180
1277863336077753459,2026-06-21,f,,,30,180
1277863336077753459,2026-06-22,f,,,30,180
1277863336077753459,2026-06-23,f,,,30,180
1289679147632177038,2025-06-24,f,,,30,365
1289679147632177038,2025-06-25,f,,,30,365
1289679147632177038,2025-06-26,t,,,30,365
1289679147632177038,2025-06-27,t,,,30,365
1289679147632177038,2025-06-28,t,,,30,365
1289679147632177038,2025-06-29,t,,,30,365
1289679147632177038,2025-06-30,t,,,30,365
1289679147632177038,2025-07-01,t,,,30,365
1289679147632177038,2025-07-02,t,,,30,365
1289679147632177038,2025-07-03,t,,,30,365
1289679147632177038,2025-07-04,t,,,30,365
1289679147632177038,2025-07-05,t,,,30,365
1289679147632177038,2025-07-06,t,,,30,365
1289679147632177038,2025-07-07,t,,,30,365
1289679147632177038,2025-07-08,t,,,30,365
1289679147632177038,2025-07-09,t,,,30,365
1289679147632177038,2025-07-10,t,,,30,365
1289679147632177038,2025-07-11,t,,,30,365
1289679147632177038,2025-07-12,t,,,30,365
1289679147632177038,2025-07-13,t,,,30,365
1289679147632177038,2025-07-14,t,,,30,365
1289679147632177038,2025-07-15,t,,,30,365
1289679147632177038,2025-07-16,t,,,30,365
1289679147632177038,2025-07-17,t,,,30,365
1289679147632177038,2025-07-18,t,,,30,365
1289679147632177038,2025-07-19,t,,,30,365
1289679147632177038,2025-07-20,t,,,30,365
1289679147632177038,2025-07-21,t,,,30,365
1289679147632177038,2025-07-22,t,,,30,365
1289679147632177038,2025-07-23,t,,,30,365
1289679147632177038,2025-07-24,t,,,30,365
1289679147632177038,2025-07-25,t,,,30,365
1289679147632177038,2025-07-26,t,,,30,365
1289679147632177038,2025-07-27,t,,,30,365
1289679147632177038,2025-07-28,t,,,30,365
1289679147632177038,2025-07-29,t,,,30,365
1289679147632177038,2025-07-30,t,,,30,365
1289679147632177038,2025-07-31,t,,,30,365
1289679147632177038,2025-08-01,t,,,30,365
1289679147632177038,2025-08-02,t,,,30,365
1289679147632177038,2025-08-03,t,,,30,365
1289679147632177038,2025-08-04,t,,,30,365
1289679147632177038,2025-08-05,t,,,30,365
1289679147632177038,2025-08-06,t,,,30,365
1289679147632177038,2025-08-07,t,,,30,365
1289679147632177038,2025-08-08,t,,,30,365
1289679147632177038,2025-08-09,t,,,30,365
1289679147632177038,2025-08-10,t,,,30,365
1289679147632177038,2025-08-11,t,,,30,365
1289679147632177038,2025-08-12,t,,,30,365
1289679147632177038,2025-08-13,t,,,30,365
1289679147632177038,2025-08-14,t,,,30,365
1289679147632177038,2025-08-15,t,,,30,365
1289679147632177038,2025-08-16,t,,,30,365
1289679147632177038,2025-08-17,t,,,30,365
1289679147632177038,2025-08-18,t,,,30,365
1289679147632177038,2025-08-19,t,,,30,365
1289679147632177038,2025-08-20,t,,,30,365
1289679147632177038,2025-08-21,t,,,30,365
1289679147632177038,2025-08-22,t,,,30,365
1289679147632177038,2025-08-23,t,,,30,365
1289679147632177038,2025-08-24,t,,,30,365
1289679147632177038,2025-08-25,t,,,30,365
1289679147632177038,2025-08-26,t,,,30,365
1289679147632177038,2025-08-27,t,,,30,365
1289679147632177038,2025-08-28,t,,,30,365
1289679147632177038,2025-08-29,t,,,30,365
1289679147632177038,2025-08-30,t,,,30,365
1289679147632177038,2025-08-31,t,,,30,365
1289679147632177038,2025-09-01,t,,,30,365
1289679147632177038,2025-09-02,t,,,30,365
1289679147632177038,2025-09-03,t,,,30,365
1289679147632177038,2025-09-04,t,,,30,365
1289679147632177038,2025-09-05,t,,,30,365
1289679147632177038,2025-09-06,t,,,30,365
1289679147632177038,2025-09-07,t,,,30,365
1289679147632177038,2025-09-08,t,,,30,365
1289679147632177038,2025-09-09,t,,,30,365
1289679147632177038,2025-09-10,t,,,30,365
1289679147632177038,2025-09-11,t,,,30,365
1289679147632177038,2025-09-12,t,,,30,365
1289679147632177038,2025-09-13,t,,,30,365
1289679147632177038,2025-09-14,t,,,30,365
1289679147632177038,2025-09-15,t,,,30,365
1289679147632177038,2025-09-16,t,,,30,365
1289679147632177038,2025-09-17,t,,,30,365
1289679147632177038,2025-09-18,t,,,30,365
1289679147632177038,2025-09-19,t,,,30,365
1289679147632177038,2025-09-20,t,,,30,365
1289679147632177038,2025-09-21,t,,,30,365
1289679147632177038,2025-09-22,t,,,30,365
1289679147632177038,2025-09-23,t,,,30,365
1289679147632177038,2025-09-24,t,,,30,365
1289679147632177038,2025-09-25,t,,,30,365
1289679147632177038,2025-09-26,t,,,30,365
1289679147632177038,2025-09-27,t,,,30,365
1289679147632177038,2025-09-28,t,,,30,365
1289679147632177038,2025-09-29,t,,,30,365
1289679147632177038,2025-09-30,t,,,30,365
1289679147632177038,2025-10-01,t,,,30,365
1289679147632177038,2025-10-02,t,,,30,365
1289679147632177038,2025-10-03,t,,,30,365
1289679147632177038,2025-10-04,t,,,30,365
1289679147632177038,2025-10-05,t,,,30,365
1289679147632177038,2025-10-06,t,,,30,365
1289679147632177038,2025-10-07,t,,,30,365
1289679147632177038,2025-10-08,t,,,30,365
1289679147632177038,2025-10-09,t,,,30,365
1289679147632177038,2025-10-10,t,,,30,365
1289679147632177038,2025-10-11,t,,,30,365
1289679147632177038,2025-10-12,t,,,30,365
1289679147632177038,2025-10-13,t,,,30,365
1289679147632177038,2025-10-14,t,,,30,365
1289679147632177038,2025-10-15,t,,,30,365
1289679147632177038,2025-10-16,t,,,30,365
1289679147632177038,2025-10-17,t,,,30,365
1289679147632177038,2025-10-18,t,,,30,365
1289679147632177038,2025-10-19,t,,,30,365
1289679147632177038,2025-10-20,t,,,30,365
1289679147632177038,2025-10-21,t,,,30,365
1289679147632177038,2025-10-22,t,,,30,365
1289679147632177038,2025-10-23,t,,,30,365
1289679147632177038,2025-10-24,t,,,30,365
1289679147632177038,2025-10-25,t,,,30,365
1289679147632177038,2025-10-26,t,,,30,365
1289679147632177038,2025-10-27,t,,,30,365
1289679147632177038,2025-10-28,t,,,30,365
1289679147632177038,2025-10-29,t,,,30,365
1289679147632177038,2025-10-30,t,,,30,365
1289679147632177038,2025-10-31,t,,,30,365
1289679147632177038,2025-11-01,t,,,30,365
1289679147632177038,2025-11-02,t,,,30,365
1289679147632177038,2025-11-03,t,,,30,365
1289679147632177038,2025-11-04,t,,,30,365
1289679147632177038,2025-11-05,t,,,30,365
1289679147632177038,2025-11-06,t,,,30,365
1289679147632177038,2025-11-07,t,,,30,365
1289679147632177038,2025-11-08,t,,,30,365
1289679147632177038,2025-11-09,t,,,30,365
1289679147632177038,2025-11-10,t,,,30,365
1289679147632177038,2025-11-11,t,,,30,365
1289679147632177038,2025-11-12,t,,,30,365
1289679147632177038,2025-11-13,t,,,30,365
1289679147632177038,2025-11-14,t,,,30,365
1289679147632177038,2025-11-15,t,,,30,365
1289679147632177038,2025-11-16,t,,,30,365
1289679147632177038,2025-11-17,t,,,30,365
1289679147632177038,2025-11-18,t,,,30,365
1289679147632177038,2025-11-19,t,,,30,365
1289679147632177038,2025-11-20,t,,,30,365
1289679147632177038,2025-11-21,t,,,30,365
1289679147632177038,2025-11-22,t,,,30,365
1289679147632177038,2025-11-23,t,,,30,365
1289679147632177038,2025-11-24,t,,,30,365
1289679147632177038,2025-11-25,t,,,30,365
1289679147632177038,2025-11-26,t,,,30,365
1289679147632177038,2025-11-27,t,,,30,365
1289679147632177038,2025-11-28,t,,,30,365
1289679147632177038,2025-11-29,t,,,30,365
1289679147632177038,2025-11-30,t,,,30,365
1289679147632177038,2025-12-01,t,,,30,365
1289679147632177038,2025-12-02,t,,,30,365
1289679147632177038,2025-12-03,t,,,30,365
1289679147632177038,2025-12-04,t,,,30,365
1289679147632177038,2025-12-05,t,,,30,365
1289679147632177038,2025-12-06,t,,,30,365
1289679147632177038,2025-12-07,t,,,30,365
1289679147632177038,2025-12-08,t,,,30,365
1289679147632177038,2025-12-09,t,,,30,365
1289679147632177038,2025-12-10,t,,,30,365
1289679147632177038,2025-12-11,t,,,30,365
1289679147632177038,2025-12-12,t,,,30,365
1289679147632177038,2025-12-13,t,,,30,365
1289679147632177038,2025-12-14,t,,,30,365
1289679147632177038,2025-12-15,t,,,30,365
1289679147632177038,2025-12-16,t,,,30,365
1289679147632177038,2025-12-17,t,,,30,365
1289679147632177038,2025-12-18,t,,,30,365
1289679147632177038,2025-12-19,t,,,30,365
1289679147632177038,2025-12-20,t,,,30,365
1289679147632177038,2025-12-21,t,,,30,365
1289679147632177038,2025-12-22,t,,,30,365
1289679147632177038,2025-12-23,t,,,30,365
1289679147632177038,2025-12-24,t,,,30,365
1289679147632177038,2025-12-25,t,,,30,365
1289679147632177038,2025-12-26,t,,,30,365
1289679147632177038,2025-12-27,t,,,30,365
1289679147632177038,2025-12-28,t,,,30,365
1289679147632177038,2025-12-29,t,,,30,365
1289679147632177038,2025-12-30,t,,,30,365
1289679147632177038,2025-12-31,t,,,30,365
1289679147632177038,2026-01-01,t,,,30,365
1289679147632177038,2026-01-02,t,,,30,365
1289679147632177038,2026-01-03,t,,,30,365
1289679147632177038,2026-01-04,t,,,30,365
1289679147632177038,2026-01-05,t,,,30,365
1289679147632177038,2026-01-06,t,,,30,365
1289679147632177038,2026-01-07,t,,,30,365
1289679147632177038,2026-01-08,t,,,30,365
1289679147632177038,2026-01-09,t,,,30,365
1289679147632177038,2026-01-10,t,,,30,365
1289679147632177038,2026-01-11,t,,,30,365
1289679147632177038,2026-01-12,t,,,30,365
1289679147632177038,2026-01-13,t,,,30,365
1289679147632177038,2026-01-14,t,,,30,365
1289679147632177038,2026-01-15,t,,,30,365
1289679147632177038,2026-01-16,t,,,30,365
1289679147632177038,2026-01-17,t,,,30,365
1289679147632177038,2026-01-18,t,,,30,365
1289679147632177038,2026-01-19,t,,,30,365
1289679147632177038,2026-01-20,t,,,30,365
1289679147632177038,2026-01-21,t,,,30,365
1289679147632177038,2026-01-22,t,,,30,365
1289679147632177038,2026-01-23,t,,,30,365
1289679147632177038,2026-01-24,t,,,30,365
1289679147632177038,2026-01-25,t,,,30,365
1289679147632177038,2026-01-26,t,,,30,365
1289679147632177038,2026-01-27,t,,,30,365
1289679147632177038,2026-01-28,t,,,30,365
1289679147632177038,2026-01-29,t,,,30,365
1289679147632177038,2026-01-30,t,,,30,365
1289679147632177038,2026-01-31,t,,,30,365
1289679147632177038,2026-02-01,t,,,30,365
1289679147632177038,2026-02-02,t,,,30,365
1289679147632177038,2026-02-03,t,,,30,365
1289679147632177038,2026-02-04,t,,,30,365
1289679147632177038,2026-02-05,t,,,30,365
1289679147632177038,2026-02-06,t,,,30,365
1289679147632177038,2026-02-07,t,,,30,365
1289679147632177038,2026-02-08,t,,,30,365
1289679147632177038,2026-02-09,t,,,30,365
1289679147632177038,2026-02-10,t,,,30,365
1289679147632177038,2026-02-11,t,,,30,365
1289679147632177038,2026-02-12,t,,,30,365
1289679147632177038,2026-02-13,t,,,30,365
1289679147632177038,2026-02-14,t,,,30,365
1289679147632177038,2026-02-15,t,,,30,365
1289679147632177038,2026-02-16,t,,,30,365
1289679147632177038,2026-02-17,t,,,30,365
1289679147632177038,2026-02-18,t,,,30,365
1289679147632177038,2026-02-19,t,,,30,365
1289679147632177038,2026-02-20,t,,,30,365
1289679147632177038,2026-02-21,t,,,30,365
1289679147632177038,2026-02-22,t,,,30,365
1289679147632177038,2026-02-23,t,,,30,365
1289679147632177038,2026-02-24,t,,,30,365
1289679147632177038,2026-02-25,t,,,30,365
1289679147632177038,2026-02-26,t,,,30,365
1289679147632177038,2026-02-27,t,,,30,365
1289679147632177038,2026-02-28,t,,,30,365
1289679147632177038,2026-03-01,t,,,30,365
1289679147632177038,2026-03-02,t,,,30,365
1289679147632177038,2026-03-03,t,,,30,365
1289679147632177038,2026-03-04,t,,,30,365
1289679147632177038,2026-03-05,t,,,30,365
1289679147632177038,2026-03-06,t,,,30,365
1289679147632177038,2026-03-07,t,,,30,365
1289679147632177038,2026-03-08,t,,,30,365
1289679147632177038,2026-03-09,t,,,30,365
1289679147632177038,2026-03-10,t,,,30,365
1289679147632177038,2026-03-11,t,,,30,365
1289679147632177038,2026-03-12,t,,,30,365
1289679147632177038,2026-03-13,t,,,30,365
1289679147632177038,2026-03-14,t,,,30,365
1289679147632177038,2026-03-15,t,,,30,365
1289679147632177038,2026-03-16,t,,,30,365
1289679147632177038,2026-03-17,t,,,30,365
1289679147632177038,2026-03-18,t,,,30,365
1289679147632177038,2026-03-19,t,,,30,365
1289679147632177038,2026-03-20,t,,,30,365
1289679147632177038,2026-03-21,t,,,30,365
1289679147632177038,2026-03-22,t,,,30,365
1289679147632177038,2026-03-23,t,,,30,365
1289679147632177038,2026-03-24,t,,,30,365
1289679147632177038,2026-03-25,t,,,30,365
1289679147632177038,2026-03-26,t,,,30,365
1289679147632177038,2026-03-27,t,,,30,365
1289679147632177038,2026-03-28,t,,,30,365
1289679147632177038,2026-03-29,t,,,30,365
1289679147632177038,2026-03-30,t,,,30,365
1289679147632177038,2026-03-31,t,,,30,365
1289679147632177038,2026-04-01,t,,,30,365
1289679147632177038,2026-04-02,t,,,30,365
1289679147632177038,2026-04-03,t,,,30,365
1289679147632177038,2026-04-04,t,,,30,365
1289679147632177038,2026-04-05,t,,,30,365
1289679147632177038,2026-04-06,t,,,30,365
1289679147632177038,2026-04-07,t,,,30,365
1289679147632177038,2026-04-08,t,,,30,365
1289679147632177038,2026-04-09,t,,,30,365
1289679147632177038,2026-04-10,t,,,30,365
1289679147632177038,2026-04-11,t,,,30,365
1289679147632177038,2026-04-12,t,,,30,365
1289679147632177038,2026-04-13,t,,,30,365
1289679147632177038,2026-04-14,t,,,30,365
1289679147632177038,2026-04-15,t,,,30,365
1289679147632177038,2026-04-16,t,,,30,365
1289679147632177038,2026-04-17,t,,,30,365
1289679147632177038,2026-04-18,t,,,30,365
1289679147632177038,2026-04-19,t,,,30,365
1289679147632177038,2026-04-20,t,,,30,365
1289679147632177038,2026-04-21,t,,,30,365
1289679147632177038,2026-04-22,t,,,30,365
1289679147632177038,2026-04-23,t,,,30,365
1289679147632177038,2026-04-24,t,,,30,365
1289679147632177038,2026-04-25,t,,,30,365
1289679147632177038,2026-04-26,t,,,30,365
1289679147632177038,2026-04-27,t,,,30,365
1289679147632177038,2026-04-28,t,,,30,365
1289679147632177038,2026-04-29,t,,,30,365
1289679147632177038,2026-04-30,t,,,30,365
1289679147632177038,2026-05-01,t,,,30,365
1289679147632177038,2026-05-02,t,,,30,365
1289679147632177038,2026-05-03,t,,,30,365
1289679147632177038,2026-05-04,t,,,30,365
1289679147632177038,2026-05-05,t,,,30,365
1289679147632177038,2026-05-06,t,,,30,365
1289679147632177038,2026-05-07,t,,,30,365
1289679147632177038,2026-05-08,t,,,30,365
1289679147632177038,2026-05-09,t,,,30,365
1289679147632177038,2026-05-10,t,,,30,365
1289679147632177038,2026-05-11,t,,,30,365
1289679147632177038,2026-05-12,t,,,30,365
1289679147632177038,2026-05-13,t,,,30,365
1289679147632177038,2026-05-14,t,,,30,365
1289679147632177038,2026-05-15,t,,,30,365
1289679147632177038,2026-05-16,t,,,30,365
1289679147632177038,2026-05-17,t,,,30,365
1289679147632177038,2026-05-18,t,,,30,365
1289679147632177038,2026-05-19,t,,,30,365
1289679147632177038,2026-05-20,t,,,30,365
1289679147632177038,2026-05-21,t,,,30,365
1289679147632177038,2026-05-22,t,,,30,365
1289679147632177038,2026-05-23,t,,,30,365
1289679147632177038,2026-05-24,t,,,30,365
1289679147632177038,2026-05-25,t,,,30,365
1289679147632177038,2026-05-26,t,,,30,365
1289679147632177038,2026-05-27,t,,,30,365
1289679147632177038,2026-05-28,t,,,30,365
1289679147632177038,2026-05-29,t,,,30,365
1289679147632177038,2026-05-30,t,,,30,365
1289679147632177038,2026-05-31,t,,,30,365
1289679147632177038,2026-06-01,t,,,30,365
1289679147632177038,2026-06-02,t,,,30,365
1289679147632177038,2026-06-03,t,,,30,365
1289679147632177038,2026-06-04,t,,,30,365
1289679147632177038,2026-06-05,t,,,30,365
1289679147632177038,2026-06-06,t,,,30,365
1289679147632177038,2026-06-07,t,,,30,365
1289679147632177038,2026-06-08,t,,,30,365
1289679147632177038,2026-06-09,t,,,30,365
1289679147632177038,2026-06-10,t,,,30,365
1289679147632177038,2026-06-11,t,,,30,365
1289679147632177038,2026-06-12,t,,,30,365
1289679147632177038,2026-06-13,t,,,30,365
1289679147632177038,2026-06-14,t,,,30,365
1289679147632177038,2026-06-15,t,,,30,365
1289679147632177038,2026-06-16,t,,,30,365
1289679147632177038,2026-06-17,t,,,30,365
1289679147632177038,2026-06-18,t,,,30,365
1289679147632177038,2026-06-19,t,,,30,365
1289679147632177038,2026-06-20,t,,,30,365
1289679147632177038,2026-06-21,t,,,30,365
1289679147632177038,2026-06-22,t,,,30,365
1289679147632177038,2026-06-23,t,,,30,365
1309754927693881733,2025-06-24,f,,,3,365
1309754927693881733,2025-06-25,t,,,3,365
1309754927693881733,2025-06-26,t,,,3,365
1309754927693881733,2025-06-27,t,,,3,365
1309754927693881733,2025-06-28,t,,,3,365
1309754927693881733,2025-06-29,t,,,3,365
1309754927693881733,2025-06-30,t,,,3,365
1309754927693881733,2025-07-01,t,,,3,365
1309754927693881733,2025-07-02,t,,,3,365
1309754927693881733,2025-07-03,t,,,3,365
1309754927693881733,2025-07-04,t,,,3,365
1309754927693881733,2025-07-05,t,,,3,365
1309754927693881733,2025-07-06,t,,,3,365
1309754927693881733,2025-07-07,t,,,3,365
1309754927693881733,2025-07-08,t,,,3,365
1309754927693881733,2025-07-09,t,,,3,365
1309754927693881733,2025-07-10,t,,,3,365
1309754927693881733,2025-07-11,t,,,3,365
1309754927693881733,2025-07-12,t,,,3,365
1309754927693881733,2025-07-13,t,,,3,365
1309754927693881733,2025-07-14,t,,,3,365
1309754927693881733,2025-07-15,t,,,3,365
1309754927693881733,2025-07-16,t,,,3,365
1309754927693881733,2025-07-17,t,,,3,365
1309754927693881733,2025-07-18,t,,,3,365
1309754927693881733,2025-07-19,t,,,3,365
1309754927693881733,2025-07-20,t,,,3,365
1309754927693881733,2025-07-21,t,,,3,365
1309754927693881733,2025-07-22,t,,,3,365
1309754927693881733,2025-07-23,t,,,3,365
1309754927693881733,2025-07-24,t,,,3,365
1309754927693881733,2025-07-25,t,,,3,365
1309754927693881733,2025-07-26,t,,,3,365
1309754927693881733,2025-07-27,t,,,3,365
1309754927693881733,2025-07-28,t,,,3,365
1309754927693881733,2025-07-29,t,,,3,365
1309754927693881733,2025-07-30,t,,,3,365
1309754927693881733,2025-07-31,t,,,3,365
1309754927693881733,2025-08-01,t,,,3,365
1309754927693881733,2025-08-02,t,,,3,365
1309754927693881733,2025-08-03,t,,,3,365
1309754927693881733,2025-08-04,t,,,3,365
1309754927693881733,2025-08-05,t,,,3,365
1309754927693881733,2025-08-06,t,,,3,365
1309754927693881733,2025-08-07,t,,,3,365
1309754927693881733,2025-08-08,t,,,3,365
1309754927693881733,2025-08-09,t,,,3,365
1309754927693881733,2025-08-10,t,,,3,365
1309754927693881733,2025-08-11,t,,,3,365
1309754927693881733,2025-08-12,t,,,3,365
1309754927693881733,2025-08-13,t,,,3,365
1309754927693881733,2025-08-14,t,,,3,365
1309754927693881733,2025-08-15,t,,,3,365
1309754927693881733,2025-08-16,t,,,3,365
1309754927693881733,2025-08-17,t,,,3,365
1309754927693881733,2025-08-18,t,,,3,365
1309754927693881733,2025-08-19,t,,,3,365
1309754927693881733,2025-08-20,t,,,3,365
1309754927693881733,2025-08-21,t,,,3,365
1309754927693881733,2025-08-22,t,,,3,365
1309754927693881733,2025-08-23,t,,,3,365
1309754927693881733,2025-08-24,t,,,3,365
1309754927693881733,2025-08-25,t,,,3,365
1309754927693881733,2025-08-26,t,,,3,365
1309754927693881733,2025-08-27,t,,,3,365
1309754927693881733,2025-08-28,t,,,3,365
1309754927693881733,2025-08-29,t,,,3,365
1309754927693881733,2025-08-30,t,,,3,365
1309754927693881733,2025-08-31,t,,,3,365
1309754927693881733,2025-09-01,t,,,3,365
1309754927693881733,2025-09-02,t,,,3,365
1309754927693881733,2025-09-03,t,,,3,365
1309754927693881733,2025-09-04,t,,,3,365
1309754927693881733,2025-09-05,t,,,3,365
1309754927693881733,2025-09-06,t,,,3,365
1309754927693881733,2025-09-07,t,,,3,365
1309754927693881733,2025-09-08,t,,,3,365
1309754927693881733,2025-09-09,t,,,3,365
1309754927693881733,2025-09-10,t,,,3,365
1309754927693881733,2025-09-11,t,,,3,365
1309754927693881733,2025-09-12,t,,,3,365
1309754927693881733,2025-09-13,t,,,3,365
1309754927693881733,2025-09-14,t,,,3,365
1309754927693881733,2025-09-15,t,,,3,365
1309754927693881733,2025-09-16,t,,,3,365
1309754927693881733,2025-09-17,t,,,3,365
1309754927693881733,2025-09-18,t,,,3,365
1309754927693881733,2025-09-19,t,,,3,365
1309754927693881733,2025-09-20,t,,,3,365
1309754927693881733,2025-09-21,t,,,3,365
1309754927693881733,2025-09-22,t,,,3,365
1309754927693881733,2025-09-23,t,,,3,365
1309754927693881733,2025-09-24,t,,,3,365
1309754927693881733,2025-09-25,t,,,3,365
1309754927693881733,2025-09-26,t,,,3,365
1309754927693881733,2025-09-27,t,,,3,365
1309754927693881733,2025-09-28,t,,,3,365
1309754927693881733,2025-09-29,t,,,3,365
1309754927693881733,2025-09-30,t,,,3,365
1309754927693881733,2025-10-01,t,,,3,365
1309754927693881733,2025-10-02,t,,,3,365
1309754927693881733,2025-10-03,t,,,3,365
1309754927693881733,2025-10-04,t,,,3,365
1309754927693881733,2025-10-05,t,,,3,365
1309754927693881733,2025-10-06,t,,,3,365
1309754927693881733,2025-10-07,t,,,3,365
1309754927693881733,2025-10-08,t,,,3,365
1309754927693881733,2025-10-09,t,,,3,365
1309754927693881733,2025-10-10,t,,,3,365
1309754927693881733,2025-10-11,t,,,3,365
1309754927693881733,2025-10-12,t,,,3,365
1309754927693881733,2025-10-13,t,,,3,365
1309754927693881733,2025-10-14,t,,,3,365
1309754927693881733,2025-10-15,t,,,3,365
1309754927693881733,2025-10-16,t,,,3,365
1309754927693881733,2025-10-17,t,,,3,365
1309754927693881733,2025-10-18,t,,,3,365
1309754927693881733,2025-10-19,t,,,3,365
1309754927693881733,2025-10-20,t,,,3,365
1309754927693881733,2025-10-21,t,,,3,365
1309754927693881733,2025-10-22,t,,,3,365
1309754927693881733,2025-10-23,t,,,3,365
1309754927693881733,2025-10-24,t,,,3,365
1309754927693881733,2025-10-25,t,,,3,365
1309754927693881733,2025-10-26,t,,,3,365
1309754927693881733,2025-10-27,t,,,3,365
1309754927693881733,2025-10-28,t,,,3,365
1309754927693881733,2025-10-29,t,,,3,365
1309754927693881733,2025-10-30,t,,,3,365
1309754927693881733,2025-10-31,t,,,3,365
1309754927693881733,2025-11-01,t,,,3,365
1309754927693881733,2025-11-02,t,,,3,365
1309754927693881733,2025-11-03,t,,,3,365
1309754927693881733,2025-11-04,t,,,3,365
1309754927693881733,2025-11-05,t,,,3,365
1309754927693881733,2025-11-06,t,,,3,365
1309754927693881733,2025-11-07,t,,,3,365
1309754927693881733,2025-11-08,t,,,3,365
1309754927693881733,2025-11-09,t,,,3,365
1309754927693881733,2025-11-10,t,,,3,365
1309754927693881733,2025-11-11,t,,,3,365
1309754927693881733,2025-11-12,t,,,3,365
1309754927693881733,2025-11-13,t,,,3,365
1309754927693881733,2025-11-14,t,,,3,365
1309754927693881733,2025-11-15,t,,,3,365
1309754927693881733,2025-11-16,t,,,3,365
1309754927693881733,2025-11-17,t,,,3,365
1309754927693881733,2025-11-18,t,,,3,365
1309754927693881733,2025-11-19,t,,,3,365
1309754927693881733,2025-11-20,t,,,3,365
1309754927693881733,2025-11-21,t,,,3,365
1309754927693881733,2025-11-22,t,,,3,365
1309754927693881733,2025-11-23,t,,,3,365
1309754927693881733,2025-11-24,t,,,3,365
1309754927693881733,2025-11-25,t,,,3,365
1309754927693881733,2025-11-26,t,,,3,365
1309754927693881733,2025-11-27,t,,,3,365
1309754927693881733,2025-11-28,t,,,3,365
1309754927693881733,2025-11-29,t,,,3,365
1309754927693881733,2025-11-30,t,,,3,365
1309754927693881733,2025-12-01,t,,,3,365
1309754927693881733,2025-12-02,t,,,3,365
1309754927693881733,2025-12-03,t,,,3,365
1309754927693881733,2025-12-04,t,,,3,365
1309754927693881733,2025-12-05,t,,,3,365
1309754927693881733,2025-12-06,t,,,3,365
1309754927693881733,2025-12-07,t,,,3,365
1309754927693881733,2025-12-08,t,,,3,365
1309754927693881733,2025-12-09,t,,,3,365
1309754927693881733,2025-12-10,t,,,3,365
1309754927693881733,2025-12-11,t,,,3,365
1309754927693881733,2025-12-12,t,,,3,365
1309754927693881733,2025-12-13,t,,,3,365
1309754927693881733,2025-12-14,t,,,3,365
1309754927693881733,2025-12-15,t,,,3,365
1309754927693881733,2025-12-16,t,,,3,365
1309754927693881733,2025-12-17,t,,,3,365
1309754927693881733,2025-12-18,t,,,3,365
1309754927693881733,2025-12-19,t,,,3,365
1309754927693881733,2025-12-20,t,,,3,365
1309754927693881733,2025-12-21,t,,,3,365
1309754927693881733,2025-12-22,t,,,3,365
1309754927693881733,2025-12-23,t,,,3,365
1309754927693881733,2025-12-24,t,,,3,365
1309754927693881733,2025-12-25,t,,,3,365
1309754927693881733,2025-12-26,t,,,3,365
1309754927693881733,2025-12-27,t,,,3,365
1309754927693881733,2025-12-28,t,,,3,365
1309754927693881733,2025-12-29,t,,,3,365
1309754927693881733,2025-12-30,t,,,3,365
1309754927693881733,2025-12-31,t,,,3,365
1309754927693881733,2026-01-01,t,,,3,365
1309754927693881733,2026-01-02,t,,,3,365
1309754927693881733,2026-01-03,t,,,3,365
1309754927693881733,2026-01-04,t,,,3,365
1309754927693881733,2026-01-05,t,,,3,365
1309754927693881733,2026-01-06,t,,,3,365
1309754927693881733,2026-01-07,t,,,3,365
1309754927693881733,2026-01-08,t,,,3,365
1309754927693881733,2026-01-09,t,,,3,365
1309754927693881733,2026-01-10,t,,,3,365
1309754927693881733,2026-01-11,t,,,3,365
1309754927693881733,2026-01-12,t,,,3,365
1309754927693881733,2026-01-13,t,,,3,365
1309754927693881733,2026-01-14,t,,,3,365
1309754927693881733,2026-01-15,t,,,3,365
1309754927693881733,2026-01-16,t,,,3,365
1309754927693881733,2026-01-17,t,,,3,365
1309754927693881733,2026-01-18,t,,,3,365
1309754927693881733,2026-01-19,t,,,3,365
1309754927693881733,2026-01-20,t,,,3,365
1309754927693881733,2026-01-21,t,,,3,365
1309754927693881733,2026-01-22,t,,,3,365
1309754927693881733,2026-01-23,t,,,3,365
1309754927693881733,2026-01-24,t,,,3,365
1309754927693881733,2026-01-25,t,,,3,365
1309754927693881733,2026-01-26,t,,,3,365
1309754927693881733,2026-01-27,t,,,3,365
1309754927693881733,2026-01-28,t,,,3,365
1309754927693881733,2026-01-29,t,,,3,365
1309754927693881733,2026-01-30,t,,,3,365
1309754927693881733,2026-01-31,t,,,3,365
1309754927693881733,2026-02-01,t,,,3,365
1309754927693881733,2026-02-02,t,,,3,365
1309754927693881733,2026-02-03,t,,,3,365
1309754927693881733,2026-02-04,t,,,3,365
1309754927693881733,2026-02-05,t,,,3,365
1309754927693881733,2026-02-06,t,,,3,365
1309754927693881733,2026-02-07,t,,,3,365
1309754927693881733,2026-02-08,t,,,3,365
1309754927693881733,2026-02-09,t,,,3,365
1309754927693881733,2026-02-10,t,,,3,365
1309754927693881733,2026-02-11,t,,,3,365
1309754927693881733,2026-02-12,t,,,3,365
1309754927693881733,2026-02-13,t,,,3,365
1309754927693881733,2026-02-14,t,,,3,365
1309754927693881733,2026-02-15,t,,,3,365
1309754927693881733,2026-02-16,t,,,3,365
1309754927693881733,2026-02-17,t,,,3,365
1309754927693881733,2026-02-18,t,,,3,365
1309754927693881733,2026-02-19,t,,,3,365
1309754927693881733,2026-02-20,t,,,3,365
1309754927693881733,2026-02-21,t,,,3,365
1309754927693881733,2026-02-22,t,,,3,365
1309754927693881733,2026-02-23,t,,,3,365
1309754927693881733,2026-02-24,t,,,3,365
1309754927693881733,2026-02-25,t,,,3,365
1309754927693881733,2026-02-26,t,,,3,365
1309754927693881733,2026-02-27,t,,,3,365
1309754927693881733,2026-02-28,t,,,3,365
1309754927693881733,2026-03-01,t,,,3,365
1309754927693881733,2026-03-02,t,,,3,365
1309754927693881733,2026-03-03,t,,,3,365
1309754927693881733,2026-03-04,t,,,3,365
1309754927693881733,2026-03-05,t,,,3,365
1309754927693881733,2026-03-06,t,,,3,365
1309754927693881733,2026-03-07,t,,,3,365
1309754927693881733,2026-03-08,t,,,3,365
1309754927693881733,2026-03-09,t,,,3,365
1309754927693881733,2026-03-10,t,,,3,365
1309754927693881733,2026-03-11,t,,,3,365
1309754927693881733,2026-03-12,t,,,3,365
1309754927693881733,2026-03-13,t,,,3,365
1309754927693881733,2026-03-14,t,,,3,365
1309754927693881733,2026-03-15,t,,,3,365
1309754927693881733,2026-03-16,t,,,3,365
1309754927693881733,2026-03-17,t,,,3,365
1309754927693881733,2026-03-18,t,,,3,365
1309754927693881733,2026-03-19,t,,,3,365
1309754927693881733,2026-03-20,t,,,3,365
1309754927693881733,2026-03-21,t,,,3,365
1309754927693881733,2026-03-22,t,,,3,365
1309754927693881733,2026-03-23,t,,,3,365
1309754927693881733,2026-03-24,t,,,3,365
1309754927693881733,2026-03-25,t,,,3,365
1309754927693881733,2026-03-26,t,,,3,365
1309754927693881733,2026-03-27,t,,,3,365
1309754927693881733,2026-03-28,t,,,3,365
1309754927693881733,2026-03-29,t,,,3,365
1309754927693881733,2026-03-30,t,,,3,365
1309754927693881733,2026-03-31,t,,,3,365
1309754927693881733,2026-04-01,t,,,3,365
1309754927693881733,2026-04-02,t,,,3,365
1309754927693881733,2026-04-03,t,,,3,365
1309754927693881733,2026-04-04,t,,,3,365
1309754927693881733,2026-04-05,t,,,3,365
1309754927693881733,2026-04-06,t,,,3,365
1309754927693881733,2026-04-07,t,,,3,365
1309754927693881733,2026-04-08,t,,,3,365
1309754927693881733,2026-04-09,t,,,3,365
1309754927693881733,2026-04-10,t,,,3,365
1309754927693881733,2026-04-11,t,,,3,365
1309754927693881733,2026-04-12,t,,,3,365
1309754927693881733,2026-04-13,t,,,3,365
1309754927693881733,2026-04-14,t,,,3,365
1309754927693881733,2026-04-15,t,,,3,365
1309754927693881733,2026-04-16,t,,,3,365
1309754927693881733,2026-04-17,t,,,3,365
1309754927693881733,2026-04-18,t,,,3,365
1309754927693881733,2026-04-19,t,,,3,365
1309754927693881733,2026-04-20,t,,,3,365
1309754927693881733,2026-04-21,t,,,3,365
1309754927693881733,2026-04-22,t,,,3,365
1309754927693881733,2026-04-23,t,,,3,365
1309754927693881733,2026-04-24,t,,,3,365
1309754927693881733,2026-04-25,t,,,3,365
1309754927693881733,2026-04-26,t,,,3,365
1309754927693881733,2026-04-27,t,,,3,365
1309754927693881733,2026-04-28,t,,,3,365
1309754927693881733,2026-04-29,t,,,3,365
1309754927693881733,2026-04-30,t,,,3,365
1309754927693881733,2026-05-01,t,,,3,365
1309754927693881733,2026-05-02,t,,,3,365
1309754927693881733,2026-05-03,t,,,3,365
1309754927693881733,2026-05-04,t,,,3,365
1309754927693881733,2026-05-05,t,,,3,365
1309754927693881733,2026-05-06,t,,,3,365
1309754927693881733,2026-05-07,t,,,3,365
1309754927693881733,2026-05-08,t,,,3,365
1309754927693881733,2026-05-09,t,,,3,365
1309754927693881733,2026-05-10,t,,,3,365
1309754927693881733,2026-05-11,t,,,3,365
1309754927693881733,2026-05-12,t,,,3,365
1309754927693881733,2026-05-13,t,,,3,365
1309754927693881733,2026-05-14,t,,,3,365
1309754927693881733,2026-05-15,t,,,3,365
1309754927693881733,2026-05-16,t,,,3,365
1309754927693881733,2026-05-17,t,,,3,365
1309754927693881733,2026-05-18,t,,,3,365
1309754927693881733,2026-05-19,t,,,3,365
1309754927693881733,2026-05-20,t,,,3,365
1309754927693881733,2026-05-21,t,,,3,365
1309754927693881733,2026-05-22,t,,,3,365
1309754927693881733,2026-05-23,t,,,3,365
1309754927693881733,2026-05-24,t,,,3,365
1309754927693881733,2026-05-25,t,,,3,365
1309754927693881733,2026-05-26,t,,,3,365
1309754927693881733,2026-05-27,t,,,3,365
1309754927693881733,2026-05-28,t,,,3,365
1309754927693881733,2026-05-29,t,,,3,365
1309754927693881733,2026-05-30,t,,,3,365
1309754927693881733,2026-05-31,t,,,3,365
1309754927693881733,2026-06-01,t,,,3,365
1309754927693881733,2026-06-02,t,,,3,365
1309754927693881733,2026-06-03,t,,,3,365
1309754927693881733,2026-06-04,t,,,3,365
1309754927693881733,2026-06-05,t,,,3,365
1309754927693881733,2026-06-06,t,,,3,365
1309754927693881733,2026-06-07,t,,,3,365
1309754927693881733,2026-06-08,t,,,3,365
1309754927693881733,2026-06-09,t,,,3,365
1309754927693881733,2026-06-10,t,,,3,365
1309754927693881733,2026-06-11,t,,,3,365
1309754927693881733,2026-06-12,t,,,3,365
1309754927693881733,2026-06-13,t,,,3,365
1309754927693881733,2026-06-14,t,,,3,365
1309754927693881733,2026-06-15,t,,,3,365
1309754927693881733,2026-06-16,t,,,3,365
1309754927693881733,2026-06-17,t,,,3,365
1309754927693881733,2026-06-18,t,,,3,365
1309754927693881733,2026-06-19,t,,,3,365
1309754927693881733,2026-06-20,t,,,3,365
1309754927693881733,2026-06-21,t,,,3,365
1309754927693881733,2026-06-22,t,,,3,365
1309754927693881733,2026-06-23,t,,,3,365
1333086693112460939,2025-06-24,f,,,1,365
1333086693112460939,2025-06-25,f,,,1,365
1333086693112460939,2025-06-26,f,,,1,365
1333086693112460939,2025-06-27,f,,,1,365
1333086693112460939,2025-06-28,f,,,1,365
1333086693112460939,2025-06-29,t,,,1,365
1333086693112460939,2025-06-30,t,,,1,365
1333086693112460939,2025-07-01,f,,,1,365
1333086693112460939,2025-07-02,f,,,1,365
1333086693112460939,2025-07-03,f,,,1,365
1333086693112460939,2025-07-04,f,,,1,365
1333086693112460939,2025-07-05,f,,,1,365
1333086693112460939,2025-07-06,t,,,1,365
1333086693112460939,2025-07-07,t,,,1,365
1333086693112460939,2025-07-08,t,,,1,365
1333086693112460939,2025-07-09,t,,,1,365
1333086693112460939,2025-07-10,f,,,1,365
1333086693112460939,2025-07-11,f,,,1,365
1333086693112460939,2025-07-12,f,,,1,365
1333086693112460939,2025-07-13,f,,,1,365
1333086693112460939,2025-07-14,f,,,1,365
1333086693112460939,2025-07-15,f,,,1,365
1333086693112460939,2025-07-16,f,,,1,365
1333086693112460939,2025-07-17,t,,,1,365
1333086693112460939,2025-07-18,f,,,1,365
1333086693112460939,2025-07-19,f,,,1,365
1333086693112460939,2025-07-20,f,,,1,365
1333086693112460939,2025-07-21,f,,,1,365
1333086693112460939,2025-07-22,f,,,1,365
1333086693112460939,2025-07-23,t,,,1,365
1333086693112460939,2025-07-24,t,,,1,365
1333086693112460939,2025-07-25,t,,,2,365
1333086693112460939,2025-07-26,t,,,2,365
1333086693112460939,2025-07-27,t,,,2,365
1333086693112460939,2025-07-28,t,,,2,365
1333086693112460939,2025-07-29,t,,,2,365
1333086693112460939,2025-07-30,t,,,1,365
1333086693112460939,2025-07-31,t,,,2,365
1333086693112460939,2025-08-01,t,,,2,365
1333086693112460939,2025-08-02,f,,,2,365
1333086693112460939,2025-08-03,f,,,2,365
1333086693112460939,2025-08-04,f,,,2,365
1333086693112460939,2025-08-05,f,,,2,365
1333086693112460939,2025-08-06,f,,,2,365
1333086693112460939,2025-08-07,f,,,2,365
1333086693112460939,2025-08-08,f,,,2,365
1333086693112460939,2025-08-09,f,,,2,365
1333086693112460939,2025-08-10,f,,,2,365
1333086693112460939,2025-08-11,t,,,2,365
1333086693112460939,2025-08-12,t,,,2,365
1333086693112460939,2025-08-13,t,,,2,365
1333086693112460939,2025-08-14,f,,,2,365
1333086693112460939,2025-08-15,f,,,2,365
1333086693112460939,2025-08-16,f,,,2,365
1333086693112460939,2025-08-17,t,,,2,365
1333086693112460939,2025-08-18,t,,,2,365
1333086693112460939,2025-08-19,t,,,2,365
1333086693112460939,2025-08-20,t,,,2,365
1333086693112460939,2025-08-21,f,,,2,365
1333086693112460939,2025-08-22,f,,,2,365
1333086693112460939,2025-08-23,f,,,2,365
1333086693112460939,2025-08-24,f,,,2,365
1333086693112460939,2025-08-25,f,,,2,365
1333086693112460939,2025-08-26,f,,,2,365
1333086693112460939,2025-08-27,f,,,2,365
1333086693112460939,2025-08-28,t,,,2,365
1333086693112460939,2025-08-29,t,,,2,365
1333086693112460939,2025-08-30,t,,,2,365
1333086693112460939,2025-08-31,t,,,2,365
1333086693112460939,2025-09-01,t,,,2,365
1333086693112460939,2025-09-02,t,,,2,365
1333086693112460939,2025-09-03,t,,,2,365
1333086693112460939,2025-09-04,t,,,2,365
1333086693112460939,2025-09-05,t,,,2,365
1333086693112460939,2025-09-06,t,,,2,365
1333086693112460939,2025-09-07,t,,,2,365
1333086693112460939,2025-09-08,t,,,2,365
1333086693112460939,2025-09-09,t,,,2,365
1333086693112460939,2025-09-10,t,,,2,365
1333086693112460939,2025-09-11,t,,,2,365
1333086693112460939,2025-09-12,t,,,2,365
1333086693112460939,2025-09-13,f,,,2,365
1333086693112460939,2025-09-14,f,,,2,365
1333086693112460939,2025-09-15,f,,,2,365
1333086693112460939,2025-09-16,f,,,2,365
1333086693112460939,2025-09-17,f,,,2,365
1333086693112460939,2025-09-18,f,,,2,365
1333086693112460939,2025-09-19,f,,,2,365
1333086693112460939,2025-09-20,f,,,2,365
1333086693112460939,2025-09-21,t,,,2,365
1333086693112460939,2025-09-22,t,,,2,365
1333086693112460939,2025-09-23,t,,,2,365
1333086693112460939,2025-09-24,t,,,2,365
1333086693112460939,2025-09-25,t,,,2,365
1333086693112460939,2025-09-26,t,,,2,365
1333086693112460939,2025-09-27,t,,,2,365
1333086693112460939,2025-09-28,t,,,2,365
1333086693112460939,2025-09-29,t,,,2,365
1333086693112460939,2025-09-30,t,,,4,365
1333086693112460939,2025-10-01,t,,,4,365
1333086693112460939,2025-10-02,t,,,4,365
1333086693112460939,2025-10-03,t,,,4,365
1333086693112460939,2025-10-04,t,,,4,365
1333086693112460939,2025-10-05,t,,,4,365
1333086693112460939,2025-10-06,t,,,4,365
1333086693112460939,2025-10-07,t,,,2,365
1333086693112460939,2025-10-08,t,,,2,365
1333086693112460939,2025-10-09,t,,,2,365
1333086693112460939,2025-10-10,t,,,2,365
1333086693112460939,2025-10-11,t,,,2,365
1333086693112460939,2025-10-12,t,,,2,365
1333086693112460939,2025-10-13,t,,,2,365
1333086693112460939,2025-10-14,t,,,2,365
1333086693112460939,2025-10-15,t,,,2,365
1333086693112460939,2025-10-16,t,,,2,365
1333086693112460939,2025-10-17,t,,,2,365
1333086693112460939,2025-10-18,t,,,2,365
1333086693112460939,2025-10-19,t,,,2,365
1333086693112460939,2025-10-20,t,,,2,365
1333086693112460939,2025-10-21,t,,,2,365
1333086693112460939,2025-10-22,t,,,2,365
1333086693112460939,2025-10-23,t,,,2,365
1333086693112460939,2025-10-24,t,,,2,365
1333086693112460939,2025-10-25,t,,,2,365
1333086693112460939,2025-10-26,t,,,2,365
1333086693112460939,2025-10-27,t,,,2,365
1333086693112460939,2025-10-28,t,,,2,365
1333086693112460939,2025-10-29,t,,,2,365
1333086693112460939,2025-10-30,t,,,2,365
1333086693112460939,2025-10-31,t,,,2,365
1333086693112460939,2025-11-01,t,,,2,365
1333086693112460939,2025-11-02,t,,,2,365
1333086693112460939,2025-11-03,t,,,2,365
1333086693112460939,2025-11-04,t,,,2,365
1333086693112460939,2025-11-05,t,,,2,365
1333086693112460939,2025-11-06,t,,,2,365
1333086693112460939,2025-11-07,t,,,2,365
1333086693112460939,2025-11-08,t,,,2,365
1333086693112460939,2025-11-09,t,,,2,365
1333086693112460939,2025-11-10,t,,,2,365
1333086693112460939,2025-11-11,t,,,2,365
1333086693112460939,2025-11-12,t,,,2,365
1333086693112460939,2025-11-13,t,,,2,365
1333086693112460939,2025-11-14,t,,,2,365
1333086693112460939,2025-11-15,t,,,2,365
1333086693112460939,2025-11-16,t,,,2,365
1333086693112460939,2025-11-17,t,,,2,365
1333086693112460939,2025-11-18,t,,,2,365
1333086693112460939,2025-11-19,t,,,2,365
1333086693112460939,2025-11-20,t,,,2,365
1333086693112460939,2025-11-21,t,,,2,365
1333086693112460939,2025-11-22,t,,,2,365
1333086693112460939,2025-11-23,t,,,2,365
1333086693112460939,2025-11-24,t,,,2,365
1333086693112460939,2025-11-25,t,,,2,365
1333086693112460939,2025-11-26,t,,,2,365
1333086693112460939,2025-11-27,t,,,2,365
1333086693112460939,2025-11-28,t,,,2,365
1333086693112460939,2025-11-29,t,,,2,365
1333086693112460939,2025-11-30,t,,,2,365
1333086693112460939,2025-12-01,t,,,2,365
1333086693112460939,2025-12-02,t,,,2,365
1333086693112460939,2025-12-03,t,,,2,365
1333086693112460939,2025-12-04,t,,,2,365
1333086693112460939,2025-12-05,t,,,2,365
1333086693112460939,2025-12-06,t,,,2,365
1333086693112460939,2025-12-07,t,,,2,365
1333086693112460939,2025-12-08,t,,,2,365
1333086693112460939,2025-12-09,t,,,2,365
1333086693112460939,2025-12-10,t,,,2,365
1333086693112460939,2025-12-11,t,,,2,365
1333086693112460939,2025-12-12,t,,,2,365
1333086693112460939,2025-12-13,t,,,2,365
1333086693112460939,2025-12-14,t,,,2,365
1333086693112460939,2025-12-15,t,,,2,365
1333086693112460939,2025-12-16,t,,,2,365
1333086693112460939,2025-12-17,t,,,2,365
1333086693112460939,2025-12-18,t,,,2,365
1333086693112460939,2025-12-19,f,,,2,365
1333086693112460939,2025-12-20,f,,,2,365
1333086693112460939,2025-12-21,f,,,2,365
1333086693112460939,2025-12-22,f,,,2,365
1333086693112460939,2025-12-23,f,,,2,365
1333086693112460939,2025-12-24,f,,,4,365
1333086693112460939,2025-12-25,t,,,4,365
1333086693112460939,2025-12-26,t,,,4,365
1333086693112460939,2025-12-27,t,,,4,365
1333086693112460939,2025-12-28,t,,,4,365
1333086693112460939,2025-12-29,t,,,4,365
1333086693112460939,2025-12-30,t,,,4,365
1333086693112460939,2025-12-31,t,,,4,365
1333086693112460939,2026-01-01,t,,,2,365
1333086693112460939,2026-01-02,t,,,2,365
1333086693112460939,2026-01-03,t,,,2,365
1333086693112460939,2026-01-04,t,,,2,365
1333086693112460939,2026-01-05,t,,,2,365
1333086693112460939,2026-01-06,t,,,2,365
1333086693112460939,2026-01-07,t,,,2,365
1333086693112460939,2026-01-08,t,,,2,365
1333086693112460939,2026-01-09,t,,,2,365
1333086693112460939,2026-01-10,t,,,2,365
1333086693112460939,2026-01-11,t,,,2,365
1333086693112460939,2026-01-12,t,,,2,365
1333086693112460939,2026-01-13,t,,,2,365
1333086693112460939,2026-01-14,t,,,2,365
1333086693112460939,2026-01-15,t,,,2,365
1333086693112460939,2026-01-16,t,,,2,365
1333086693112460939,2026-01-17,t,,,2,365
1333086693112460939,2026-01-18,t,,,2,365
1333086693112460939,2026-01-19,t,,,2,365
1333086693112460939,2026-01-20,t,,,2,365
1333086693112460939,2026-01-21,t,,,2,365
1333086693112460939,2026-01-22,t,,,2,365
1333086693112460939,2026-01-23,t,,,2,365
1333086693112460939,2026-01-24,t,,,2,365
1333086693112460939,2026-01-25,t,,,2,365
1333086693112460939,2026-01-26,t,,,2,365
1333086693112460939,2026-01-27,t,,,2,365
1333086693112460939,2026-01-28,t,,,2,365
1333086693112460939,2026-01-29,t,,,2,365
1333086693112460939,2026-01-30,t,,,2,365
1333086693112460939,2026-01-31,t,,,2,365
1333086693112460939,2026-02-01,t,,,2,365
1333086693112460939,2026-02-02,t,,,2,365
1333086693112460939,2026-02-03,t,,,2,365
1333086693112460939,2026-02-04,t,,,2,365
1333086693112460939,2026-02-05,t,,,2,365
1333086693112460939,2026-02-06,t,,,2,365
1333086693112460939,2026-02-07,t,,,2,365
1333086693112460939,2026-02-08,t,,,2,365
1333086693112460939,2026-02-09,t,,,2,365
1333086693112460939,2026-02-10,t,,,2,365
1333086693112460939,2026-02-11,t,,,2,365
1333086693112460939,2026-02-12,t,,,2,365
1333086693112460939,2026-02-13,t,,,2,365
1333086693112460939,2026-02-14,t,,,2,365
1333086693112460939,2026-02-15,t,,,2,365
1333086693112460939,2026-02-16,t,,,4,365
1333086693112460939,2026-02-17,t,,,4,365
1333086693112460939,2026-02-18,t,,,4,365
1333086693112460939,2026-02-19,t,,,4,365
1333086693112460939,2026-02-20,t,,,4,365
1333086693112460939,2026-02-21,t,,,4,365
1333086693112460939,2026-02-22,t,,,2,365
1333086693112460939,2026-02-23,t,,,2,365
1333086693112460939,2026-02-24,t,,,2,365
1333086693112460939,2026-02-25,t,,,2,365
1333086693112460939,2026-02-26,t,,,2,365
1333086693112460939,2026-02-27,t,,,2,365
1333086693112460939,2026-02-28,t,,,2,365
1333086693112460939,2026-03-01,t,,,2,365
1333086693112460939,2026-03-02,t,,,2,365
1333086693112460939,2026-03-03,t,,,2,365
1333086693112460939,2026-03-04,t,,,2,365
1333086693112460939,2026-03-05,t,,,2,365
1333086693112460939,2026-03-06,t,,,2,365
1333086693112460939,2026-03-07,t,,,2,365
1333086693112460939,2026-03-08,t,,,2,365
1333086693112460939,2026-03-09,t,,,2,365
1333086693112460939,2026-03-10,t,,,2,365
1333086693112460939,2026-03-11,t,,,2,365
1333086693112460939,2026-03-12,t,,,2,365
1333086693112460939,2026-03-13,t,,,2,365
1333086693112460939,2026-03-14,t,,,2,365
1333086693112460939,2026-03-15,t,,,2,365
1333086693112460939,2026-03-16,t,,,2,365
1333086693112460939,2026-03-17,t,,,2,365
1333086693112460939,2026-03-18,t,,,2,365
1333086693112460939,2026-03-19,t,,,2,365
1333086693112460939,2026-03-20,t,,,2,365
1333086693112460939,2026-03-21,t,,,2,365
1333086693112460939,2026-03-22,t,,,2,365
1333086693112460939,2026-03-23,t,,,2,365
1333086693112460939,2026-03-24,t,,,2,365
1333086693112460939,2026-03-25,t,,,2,365
1333086693112460939,2026-03-26,t,,,2,365
1333086693112460939,2026-03-27,t,,,2,365
1333086693112460939,2026-03-28,t,,,2,365
1333086693112460939,2026-03-29,t,,,2,365
1333086693112460939,2026-03-30,t,,,2,365
1333086693112460939,2026-03-31,t,,,2,365
1333086693112460939,2026-04-01,t,,,2,365
1333086693112460939,2026-04-02,t,,,2,365
1333086693112460939,2026-04-03,f,,,2,365
1333086693112460939,2026-04-04,f,,,2,365
1333086693112460939,2026-04-05,f,,,2,365
1333086693112460939,2026-04-06,f,,,2,365
1333086693112460939,2026-04-07,f,,,2,365
1333086693112460939,2026-04-08,f,,,2,365
1333086693112460939,2026-04-09,f,,,2,365
1333086693112460939,2026-04-10,f,,,2,365
1333086693112460939,2026-04-11,f,,,2,365
1333086693112460939,2026-04-12,f,,,2,365
1333086693112460939,2026-04-13,f,,,2,365
1333086693112460939,2026-04-14,f,,,2,365
1333086693112460939,2026-04-15,f,,,2,365
1333086693112460939,2026-04-16,t,,,2,365
1333086693112460939,2026-04-17,t,,,2,365
1333086693112460939,2026-04-18,t,,,2,365
1333086693112460939,2026-04-19,t,,,2,365
1333086693112460939,2026-04-20,t,,,2,365
1333086693112460939,2026-04-21,t,,,2,365
1333086693112460939,2026-04-22,t,,,2,365
1333086693112460939,2026-04-23,t,,,2,365
1333086693112460939,2026-04-24,t,,,2,365
1333086693112460939,2026-04-25,t,,,2,365
1333086693112460939,2026-04-26,t,,,2,365
1333086693112460939,2026-04-27,t,,,2,365
1333086693112460939,2026-04-28,t,,,2,365
1333086693112460939,2026-04-29,t,,,2,365
1333086693112460939,2026-04-30,t,,,2,365
1333086693112460939,2026-05-01,t,,,4,365
1333086693112460939,2026-05-02,t,,,4,365
1333086693112460939,2026-05-03,t,,,4,365
1333086693112460939,2026-05-04,t,,,2,365
1333086693112460939,2026-05-05,t,,,2,365
1333086693112460939,2026-05-06,t,,,2,365
1333086693112460939,2026-05-07,t,,,2,365
1333086693112460939,2026-05-08,t,,,2,365
1333086693112460939,2026-05-09,t,,,2,365
1333086693112460939,2026-05-10,t,,,2,365
1333086693112460939,2026-05-11,t,,,2,365
1333086693112460939,2026-05-12,t,,,2,365
1333086693112460939,2026-05-13,t,,,2,365
1333086693112460939,2026-05-14,t,,,2,365
1333086693112460939,2026-05-15,t,,,2,365
1333086693112460939,2026-05-16,t,,,2,365
1333086693112460939,2026-05-17,t,,,2,365
1333086693112460939,2026-05-18,t,,,2,365
1333086693112460939,2026-05-19,t,,,2,365
1333086693112460939,2026-05-20,t,,,2,365
1333086693112460939,2026-05-21,t,,,2,365
1333086693112460939,2026-05-22,t,,,2,365
1333086693112460939,2026-05-23,t,,,2,365
1333086693112460939,2026-05-24,t,,,2,365
1333086693112460939,2026-05-25,t,,,2,365
1333086693112460939,2026-05-26,t,,,2,365
1333086693112460939,2026-05-27,t,,,2,365
1333086693112460939,2026-05-28,t,,,2,365
1333086693112460939,2026-05-29,t,,,2,365
1333086693112460939,2026-05-30,t,,,2,365
1333086693112460939,2026-05-31,t,,,2,365
1333086693112460939,2026-06-01,t,,,2,365
1333086693112460939,2026-06-02,t,,,2,365
1333086693112460939,2026-06-03,t,,,2,365
1333086693112460939,2026-06-04,t,,,2,365
1333086693112460939,2026-06-05,t,,,2,365
1333086693112460939,2026-06-06,t,,,2,365
1333086693112460939,2026-06-07,t,,,2,365
1333086693112460939,2026-06-08,t,,,2,365
1333086693112460939,2026-06-09,t,,,2,365
1333086693112460939,2026-06-10,t,,,2,365
1333086693112460939,2026-06-11,t,,,2,365
1333086693112460939,2026-06-12,t,,,2,365
1333086693112460939,2026-06-13,t,,,2,365
1333086693112460939,2026-06-14,t,,,2,365
1333086693112460939,2026-06-15,t,,,2,365
1333086693112460939,2026-06-16,t,,,2,365
1333086693112460939,2026-06-17,t,,,2,365
1333086693112460939,2026-06-18,t,,,2,365
1333086693112460939,2026-06-19,t,,,2,365
1333086693112460939,2026-06-20,t,,,2,365
1333086693112460939,2026-06-21,t,,,2,365
1333086693112460939,2026-06-22,t,,,2,365
1333086693112460939,2026-06-23,t,,,2,365
1388535490056312633,2025-06-24,f,,,5,30
1388535490056312633,2025-06-25,f,,,5,30
1388535490056312633,2025-06-26,f,,,5,30
1388535490056312633,2025-06-27,f,,,5,30
1388535490056312633,2025-06-28,f,,,5,30
1388535490056312633,2025-06-29,f,,,5,30
1388535490056312633,2025-06-30,f,,,5,30
1388535490056312633,2025-07-01,f,,,5,30
1388535490056312633,2025-07-02,f,,,5,30
1388535490056312633,2025-07-03,f,,,5,30
1388535490056312633,2025-07-04,f,,,5,30
1388535490056312633,2025-07-05,f,,,5,30
1388535490056312633,2025-07-06,f,,,5,30
1388535490056312633,2025-07-07,f,,,5,30
1388535490056312633,2025-07-08,f,,,5,30
1388535490056312633,2025-07-09,f,,,5,30
1388535490056312633,2025-07-10,f,,,5,30
1388535490056312633,2025-07-11,f,,,5,30
1388535490056312633,2025-07-12,f,,,5,30
1388535490056312633,2025-07-13,f,,,5,30
1388535490056312633,2025-07-14,f,,,5,30
1388535490056312633,2025-07-15,f,,,5,30
1388535490056312633,2025-07-16,f,,,5,30
1388535490056312633,2025-07-17,f,,,5,30
1388535490056312633,2025-07-18,f,,,5,30
1388535490056312633,2025-07-19,f,,,5,30
1388535490056312633,2025-07-20,f,,,5,30
1388535490056312633,2025-07-21,f,,,5,30
1388535490056312633,2025-07-22,f,,,5,30
1388535490056312633,2025-07-23,f,,,5,30
1388535490056312633,2025-07-24,f,,,5,30
1388535490056312633,2025-07-25,f,,,5,30
1388535490056312633,2025-07-26,f,,,5,30
1388535490056312633,2025-07-27,f,,,5,30
1388535490056312633,2025-07-28,f,,,5,30
1388535490056312633,2025-07-29,f,,,5,30
1388535490056312633,2025-07-30,f,,,5,30
1388535490056312633,2025-07-31,f,,,5,30
1388535490056312633,2025-08-01,f,,,5,30
1388535490056312633,2025-08-02,f,,,5,30
1388535490056312633,2025-08-03,f,,,5,30
1388535490056312633,2025-08-04,f,,,5,30
1388535490056312633,2025-08-05,f,,,5,30
1388535490056312633,2025-08-06,f,,,5,30
1388535490056312633,2025-08-07,f,,,5,30
1388535490056312633,2025-08-08,f,,,5,30
1388535490056312633,2025-08-09,f,,,5,30
1388535490056312633,2025-08-10,f,,,5,30
1388535490056312633,2025-08-11,f,,,5,30
1388535490056312633,2025-08-12,f,,,5,30
1388535490056312633,2025-08-13,f,,,5,30
1388535490056312633,2025-08-14,f,,,5,30
1388535490056312633,2025-08-15,f,,,5,30
1388535490056312633,2025-08-16,f,,,5,30
1388535490056312633,2025-08-17,f,,,5,30
1388535490056312633,2025-08-18,f,,,5,30
1388535490056312633,2025-08-19,f,,,5,30
1388535490056312633,2025-08-20,f,,,5,30
1388535490056312633,2025-08-21,f,,,5,30
1388535490056312633,2025-08-22,f,,,5,30
1388535490056312633,2025-08-23,f,,,5,30
1388535490056312633,2025-08-24,f,,,5,30
1388535490056312633,2025-08-25,f,,,5,30
1388535490056312633,2025-08-26,t,,,5,30
1388535490056312633,2025-08-27,t,,,5,30
1388535490056312633,2025-08-28,t,,,5,30
1388535490056312633,2025-08-29,t,,,5,30
1388535490056312633,2025-08-30,t,,,5,30
1388535490056312633,2025-08-31,t,,,5,30
1388535490056312633,2025-09-01,t,,,5,30
1388535490056312633,2025-09-02,t,,,5,30
1388535490056312633,2025-09-03,t,,,5,30
1388535490056312633,2025-09-04,t,,,5,30
1388535490056312633,2025-09-05,t,,,5,30
1388535490056312633,2025-09-06,t,,,5,30
1388535490056312633,2025-09-07,t,,,5,30
1388535490056312633,2025-09-08,t,,,5,30
1388535490056312633,2025-09-09,t,,,5,30
1388535490056312633,2025-09-10,t,,,5,30
1388535490056312633,2025-09-11,t,,,5,30
1388535490056312633,2025-09-12,t,,,5,30
1388535490056312633,2025-09-13,t,,,5,30
1388535490056312633,2025-09-14,t,,,5,30
1388535490056312633,2025-09-15,t,,,5,30
1388535490056312633,2025-09-16,t,,,5,30
1388535490056312633,2025-09-17,t,,,5,30
1388535490056312633,2025-09-18,t,,,5,30
1388535490056312633,2025-09-19,t,,,5,30
1388535490056312633,2025-09-20,t,,,5,30
1388535490056312633,2025-09-21,t,,,5,30
1388535490056312633,2025-09-22,t,,,5,30
1388535490056312633,2025-09-23,t,,,5,30
1388535490056312633,2025-09-24,t,,,5,30
1388535490056312633,2025-09-25,t,,,5,30
1388535490056312633,2025-09-26,t,,,5,30
1388535490056312633,2025-09-27,t,,,5,30
1388535490056312633,2025-09-28,t,,,5,30
1388535490056312633,2025-09-29,t,,,5,30
1388535490056312633,2025-09-30,t,,,5,30
1388535490056312633,2025-10-01,t,,,5,30
1388535490056312633,2025-10-02,t,,,5,30
1388535490056312633,2025-10-03,t,,,5,30
1388535490056312633,2025-10-04,t,,,5,30
1388535490056312633,2025-10-05,t,,,5,30
1388535490056312633,2025-10-06,t,,,5,30
1388535490056312633,2025-10-07,t,,,5,30
1388535490056312633,2025-10-08,t,,,5,30
1388535490056312633,2025-10-09,t,,,5,30
1388535490056312633,2025-10-10,t,,,5,30
1388535490056312633,2025-10-11,t,,,5,30
1388535490056312633,2025-10-12,t,,,5,30
1388535490056312633,2025-10-13,t,,,5,30
1388535490056312633,2025-10-14,t,,,5,30
1388535490056312633,2025-10-15,t,,,5,30
1388535490056312633,2025-10-16,t,,,5,30
1388535490056312633,2025-10-17,t,,,5,30
1388535490056312633,2025-10-18,t,,,5,30
1388535490056312633,2025-10-19,t,,,5,30
1388535490056312633,2025-10-20,f,,,5,30
1388535490056312633,2025-10-21,f,,,5,30
1388535490056312633,2025-10-22,f,,,5,30
1388535490056312633,2025-10-23,f,,,5,30
1388535490056312633,2025-10-24,f,,,5,30
1388535490056312633,2025-10-25,f,,,5,30
1388535490056312633,2025-10-26,f,,,5,30
1388535490056312633,2025-10-27,f,,,5,30
1388535490056312633,2025-10-28,f,,,5,30
1388535490056312633,2025-10-29,f,,,5,30
1388535490056312633,2025-10-30,f,,,5,30
1388535490056312633,2025-10-31,f,,,5,30
1388535490056312633,2025-11-01,f,,,5,30
1388535490056312633,2025-11-02,f,,,5,30
1388535490056312633,2025-11-03,f,,,5,30
1388535490056312633,2025-11-04,f,,,5,30
1388535490056312633,2025-11-05,f,,,5,30
1388535490056312633,2025-11-06,f,,,5,30
1388535490056312633,2025-11-07,f,,,5,30
1388535490056312633,2025-11-08,f,,,5,30
1388535490056312633,2025-11-09,f,,,5,30
1388535490056312633,2025-11-10,f,,,5,30
1388535490056312633,2025-11-11,f,,,5,30
1388535490056312633,2025-11-12,f,,,5,30
1388535490056312633,2025-11-13,f,,,5,30
1388535490056312633,2025-11-14,f,,,5,30
1388535490056312633,2025-11-15,f,,,5,30
1388535490056312633,2025-11-16,f,,,5,30
1388535490056312633,2025-11-17,f,,,5,30
1388535490056312633,2025-11-18,f,,,5,30
1388535490056312633,2025-11-19,f,,,5,30
1388535490056312633,2025-11-20,f,,,5,30
1388535490056312633,2025-11-21,f,,,5,30
1388535490056312633,2025-11-22,f,,,5,30
1388535490056312633,2025-11-23,f,,,5,30
1388535490056312633,2025-11-24,f,,,5,30
1388535490056312633,2025-11-25,f,,,5,30
1388535490056312633,2025-11-26,f,,,5,30
1388535490056312633,2025-11-27,f,,,5,30
1388535490056312633,2025-11-28,f,,,5,30
1388535490056312633,2025-11-29,f,,,5,30
1388535490056312633,2025-11-30,f,,,5,30
1388535490056312633,2025-12-01,f,,,5,30
1388535490056312633,2025-12-02,f,,,5,30
1388535490056312633,2025-12-03,f,,,5,30
1388535490056312633,2025-12-04,f,,,5,30
1388535490056312633,2025-12-05,f,,,5,30
1388535490056312633,2025-12-06,f,,,5,30
1388535490056312633,2025-12-07,f,,,5,30
1388535490056312633,2025-12-08,f,,,5,30
1388535490056312633,2025-12-09,f,,,5,30
1388535490056312633,2025-12-10,f,,,5,30
1388535490056312633,2025-12-11,f,,,5,30
1388535490056312633,2025-12-12,f,,,5,30
1388535490056312633,2025-12-13,f,,,5,30
1388535490056312633,2025-12-14,f,,,5,30
1388535490056312633,2025-12-15,f,,,5,30
1388535490056312633,2025-12-16,f,,,5,30
1388535490056312633,2025-12-17,f,,,5,30
1388535490056312633,2025-12-18,f,,,5,30
1388535490056312633,2025-12-19,f,,,5,30
1388535490056312633,2025-12-20,f,,,5,30
1388535490056312633,2025-12-21,f,,,5,30
1388535490056312633,2025-12-22,f,,,5,30
1388535490056312633,2025-12-23,f,,,5,30
1388535490056312633,2025-12-24,f,,,5,30
1388535490056312633,2025-12-25,f,,,5,30
1388535490056312633,2025-12-26,f,,,5,30
1388535490056312633,2025-12-27,f,,,5,30
1388535490056312633,2025-12-28,f,,,5,30
1388535490056312633,2025-12-29,f,,,5,30
1388535490056312633,2025-12-30,f,,,5,30
1388535490056312633,2025-12-31,f,,,5,30
1388535490056312633,2026-01-01,f,,,5,30
1388535490056312633,2026-01-02,f,,,5,30
1388535490056312633,2026-01-03,f,,,5,30
1388535490056312633,2026-01-04,f,,,5,30
1388535490056312633,2026-01-05,f,,,5,30
1388535490056312633,2026-01-06,f,,,5,30
1388535490056312633,2026-01-07,f,,,5,30
1388535490056312633,2026-01-08,f,,,5,30
1388535490056312633,2026-01-09,f,,,5,30
1388535490056312633,2026-01-10,f,,,5,30
1388535490056312633,2026-01-11,f,,,5,30
1388535490056312633,2026-01-12,f,,,5,30
1388535490056312633,2026-01-13,f,,,5,30
1388535490056312633,2026-01-14,f,,,5,30
1388535490056312633,2026-01-15,f,,,5,30
1388535490056312633,2026-01-16,f,,,5,30
1388535490056312633,2026-01-17,f,,,5,30
1388535490056312633,2026-01-18,f,,,5,30
1388535490056312633,2026-01-19,f,,,5,30
1388535490056312633,2026-01-20,f,,,5,30
1388535490056312633,2026-01-21,f,,,5,30
1388535490056312633,2026-01-22,f,,,5,30
1388535490056312633,2026-01-23,f,,,5,30
1388535490056312633,2026-01-24,f,,,5,30
1388535490056312633,2026-01-25,f,,,5,30
1388535490056312633,2026-01-26,f,,,5,30
1388535490056312633,2026-01-27,f,,,5,30
1388535490056312633,2026-01-28,f,,,5,30
1388535490056312633,2026-01-29,f,,,5,30
1388535490056312633,2026-01-30,f,,,5,30
1388535490056312633,2026-01-31,f,,,5,30
1388535490056312633,2026-02-01,f,,,5,30
1388535490056312633,2026-02-02,f,,,5,30
1388535490056312633,2026-02-03,f,,,5,30
1388535490056312633,2026-02-04,f,,,5,30
1388535490056312633,2026-02-05,f,,,5,30
1388535490056312633,2026-02-06,f,,,5,30
1388535490056312633,2026-02-07,f,,,5,30
1388535490056312633,2026-02-08,f,,,5,30
1388535490056312633,2026-02-09,f,,,5,30
1388535490056312633,2026-02-10,f,,,5,30
1388535490056312633,2026-02-11,f,,,5,30
1388535490056312633,2026-02-12,f,,,5,30
1388535490056312633,2026-02-13,f,,,5,30
1388535490056312633,2026-02-14,f,,,5,30
1388535490056312633,2026-02-15,f,,,5,30
1388535490056312633,2026-02-16,f,,,5,30
1388535490056312633,2026-02-17,f,,,5,30
1388535490056312633,2026-02-18,f,,,5,30
1388535490056312633,2026-02-19,f,,,5,30
1388535490056312633,2026-02-20,f,,,5,30
1388535490056312633,2026-02-21,f,,,5,30
1388535490056312633,2026-02-22,f,,,5,30
1388535490056312633,2026-02-23,f,,,5,30
1388535490056312633,2026-02-24,f,,,5,30
1388535490056312633,2026-02-25,f,,,5,30
1388535490056312633,2026-02-26,f,,,5,30
1388535490056312633,2026-02-27,f,,,5,30
1388535490056312633,2026-02-28,f,,,5,30
1388535490056312633,2026-03-01,f,,,5,30
1388535490056312633,2026-03-02,f,,,5,30
1388535490056312633,2026-03-03,f,,,5,30
1388535490056312633,2026-03-04,f,,,5,30
1388535490056312633,2026-03-05,f,,,5,30
1388535490056312633,2026-03-06,f,,,5,30
1388535490056312633,2026-03-07,f,,,5,30
1388535490056312633,2026-03-08,f,,,5,30
1388535490056312633,2026-03-09,f,,,5,30
1388535490056312633,2026-03-10,f,,,5,30
1388535490056312633,2026-03-11,f,,,5,30
1388535490056312633,2026-03-12,f,,,5,30
1388535490056312633,2026-03-13,f,,,5,30
1388535490056312633,2026-03-14,f,,,5,30
1388535490056312633,2026-03-15,f,,,5,30
1388535490056312633,2026-03-16,f,,,5,30
1388535490056312633,2026-03-17,f,,,5,30
1388535490056312633,2026-03-18,f,,,5,30
1388535490056312633,2026-03-19,f,,,5,30
1388535490056312633,2026-03-20,f,,,5,30
1388535490056312633,2026-03-21,f,,,5,30
1388535490056312633,2026-03-22,f,,,5,30
1388535490056312633,2026-03-23,f,,,5,30
1388535490056312633,2026-03-24,f,,,5,30
1388535490056312633,2026-03-25,f,,,5,30
1388535490056312633,2026-03-26,f,,,5,30
1388535490056312633,2026-03-27,f,,,5,30
1388535490056312633,2026-03-28,f,,,5,30
1388535490056312633,2026-03-29,f,,,5,30
1388535490056312633,2026-03-30,f,,,5,30
1388535490056312633,2026-03-31,f,,,5,30
1388535490056312633,2026-04-01,f,,,5,30
1388535490056312633,2026-04-02,f,,,5,30
1388535490056312633,2026-04-03,f,,,5,30
1388535490056312633,2026-04-04,f,,,5,30
1388535490056312633,2026-04-05,f,,,5,30
1388535490056312633,2026-04-06,f,,,5,30
1388535490056312633,2026-04-07,f,,,5,30
1388535490056312633,2026-04-08,f,,,5,30
1388535490056312633,2026-04-09,f,,,5,30
1388535490056312633,2026-04-10,f,,,5,30
1388535490056312633,2026-04-11,f,,,5,30
1388535490056312633,2026-04-12,f,,,5,30
1388535490056312633,2026-04-13,f,,,5,30
1388535490056312633,2026-04-14,f,,,5,30
1388535490056312633,2026-04-15,f,,,5,30
1388535490056312633,2026-04-16,f,,,5,30
1388535490056312633,2026-04-17,f,,,5,30
1388535490056312633,2026-04-18,f,,,5,30
1388535490056312633,2026-04-19,f,,,5,30
1388535490056312633,2026-04-20,f,,,5,30
1388535490056312633,2026-04-21,f,,,5,30
1388535490056312633,2026-04-22,f,,,5,30
1388535490056312633,2026-04-23,f,,,5,30
1388535490056312633,2026-04-24,f,,,5,30
1388535490056312633,2026-04-25,f,,,5,30
1388535490056312633,2026-04-26,f,,,5,30
1388535490056312633,2026-04-27,f,,,5,30
1388535490056312633,2026-04-28,f,,,5,30
1388535490056312633,2026-04-29,f,,,5,30
1388535490056312633,2026-04-30,f,,,5,30
1388535490056312633,2026-05-01,f,,,5,30
1388535490056312633,2026-05-02,f,,,5,30
1388535490056312633,2026-05-03,f,,,5,30
1388535490056312633,2026-05-04,f,,,5,30
1388535490056312633,2026-05-05,f,,,5,30
1388535490056312633,2026-05-06,f,,,5,30
1388535490056312633,2026-05-07,f,,,5,30
1388535490056312633,2026-05-08,f,,,5,30
1388535490056312633,2026-05-09,f,,,5,30
1388535490056312633,2026-05-10,f,,,5,30
1388535490056312633,2026-05-11,f,,,5,30
1388535490056312633,2026-05-12,f,,,5,30
1388535490056312633,2026-05-13,f,,,5,30
1388535490056312633,2026-05-14,f,,,5,30
1388535490056312633,2026-05-15,f,,,5,30
1388535490056312633,2026-05-16,f,,,5,30
1388535490056312633,2026-05-17,f,,,5,30
1388535490056312633,2026-05-18,f,,,5,30
1388535490056312633,2026-05-19,f,,,5,30
1388535490056312633,2026-05-20,f,,,5,30
1388535490056312633,2026-05-21,f,,,5,30
1388535490056312633,2026-05-22,f,,,5,30
1388535490056312633,2026-05-23,f,,,5,30
1388535490056312633,2026-05-24,f,,,5,30
1388535490056312633,2026-05-25,f,,,5,30
1388535490056312633,2026-05-26,f,,,5,30
1388535490056312633,2026-05-27,f,,,5,30
1388535490056312633,2026-05-28,f,,,5,30
1388535490056312633,2026-05-29,f,,,5,30
1388535490056312633,2026-05-30,f,,,5,30
1388535490056312633,2026-05-31,f,,,5,30
1388535490056312633,2026-06-01,f,,,5,30
1388535490056312633,2026-06-02,f,,,5,30
1388535490056312633,2026-06-03,f,,,5,30
1388535490056312633,2026-06-04,f,,,5,30
1388535490056312633,2026-06-05,f,,,5,30
1388535490056312633,2026-06-06,f,,,5,30
1388535490056312633,2026-06-07,f,,,5,30
1388535490056312633,2026-06-08,f,,,5,30
1388535490056312633,2026-06-09,f,,,5,30
1388535490056312633,2026-06-10,f,,,5,30
1388535490056312633,2026-06-11,f,,,5,30
1388535490056312633,2026-06-12,f,,,5,30
1388535490056312633,2026-06-13,f,,,5,30
1388535490056312633,2026-06-14,f,,,5,30
1388535490056312633,2026-06-15,f,,,5,30
1388535490056312633,2026-06-16,f,,,5,30
1388535490056312633,2026-06-17,f,,,5,30
1388535490056312633,2026-06-18,f,,,5,30
1388535490056312633,2026-06-19,f,,,5,30
1388535490056312633,2026-06-20,f,,,5,30
1388535490056312633,2026-06-21,f,,,5,30
1388535490056312633,2026-06-22,f,,,5,30
1388535490056312633,2026-06-23,f,,,5,30
1400021906643097534,2025-06-24,f,,,1,365
1400021906643097534,2025-06-25,t,,,1,365
1400021906643097534,2025-06-26,f,,,1,365
1400021906643097534,2025-06-27,f,,,1,365
1400021906643097534,2025-06-28,f,,,1,365
1400021906643097534,2025-06-29,f,,,1,365
1400021906643097534,2025-06-30,f,,,1,365
1400021906643097534,2025-07-01,f,,,1,365
1400021906643097534,2025-07-02,f,,,1,365
1400021906643097534,2025-07-03,t,,,1,365
1400021906643097534,2025-07-04,t,,,1,365
1400021906643097534,2025-07-05,t,,,1,365
1400021906643097534,2025-07-06,t,,,1,365
1400021906643097534,2025-07-07,t,,,1,365
1400021906643097534,2025-07-08,t,,,1,365
1400021906643097534,2025-07-09,t,,,1,365
1400021906643097534,2025-07-10,t,,,1,365
1400021906643097534,2025-07-11,t,,,1,365
1400021906643097534,2025-07-12,t,,,1,365
1400021906643097534,2025-07-13,t,,,1,365
1400021906643097534,2025-07-14,t,,,1,365
1400021906643097534,2025-07-15,t,,,1,365
1400021906643097534,2025-07-16,t,,,1,365
1400021906643097534,2025-07-17,t,,,1,365
1400021906643097534,2025-07-18,t,,,1,365
1400021906643097534,2025-07-19,t,,,1,365
1400021906643097534,2025-07-20,t,,,1,365
1400021906643097534,2025-07-21,t,,,1,365
1400021906643097534,2025-07-22,t,,,1,365
1400021906643097534,2025-07-23,t,,,1,365
1400021906643097534,2025-07-24,t,,,1,365
1400021906643097534,2025-07-25,t,,,1,365
1400021906643097534,2025-07-26,t,,,1,365
1400021906643097534,2025-07-27,f,,,1,365
1400021906643097534,2025-07-28,f,,,1,365
1400021906643097534,2025-07-29,f,,,1,365
1400021906643097534,2025-07-30,f,,,1,365
1400021906643097534,2025-07-31,t,,,1,365
1400021906643097534,2025-08-01,t,,,1,365
1400021906643097534,2025-08-02,t,,,1,365
1400021906643097534,2025-08-03,t,,,1,365
1400021906643097534,2025-08-04,t,,,1,365
1400021906643097534,2025-08-05,t,,,1,365
1400021906643097534,2025-08-06,t,,,1,365
1400021906643097534,2025-08-07,t,,,1,365
1400021906643097534,2025-08-08,t,,,1,365
1400021906643097534,2025-08-09,t,,,1,365
1400021906643097534,2025-08-10,t,,,1,365
1400021906643097534,2025-08-11,t,,,1,365
1400021906643097534,2025-08-12,t,,,1,365
1400021906643097534,2025-08-13,t,,,1,365
1400021906643097534,2025-08-14,t,,,1,365
1400021906643097534,2025-08-15,t,,,1,365
1400021906643097534,2025-08-16,t,,,1,365
1400021906643097534,2025-08-17,t,,,1,365
1400021906643097534,2025-08-18,t,,,1,365
1400021906643097534,2025-08-19,t,,,1,365
1400021906643097534,2025-08-20,t,,,1,365
1400021906643097534,2025-08-21,t,,,1,365
1400021906643097534,2025-08-22,t,,,1,365
1400021906643097534,2025-08-23,t,,,1,365
1400021906643097534,2025-08-24,t,,,1,365
1400021906643097534,2025-08-25,t,,,1,365
1400021906643097534,2025-08-26,t,,,1,365
1400021906643097534,2025-08-27,t,,,1,365
1400021906643097534,2025-08-28,t,,,1,365
1400021906643097534,2025-08-29,t,,,1,365
1400021906643097534,2025-08-30,t,,,1,365
1400021906643097534,2025-08-31,t,,,1,365
1400021906643097534,2025-09-01,f,,,1,365
1400021906643097534,2025-09-02,f,,,1,365
1400021906643097534,2025-09-03,f,,,1,365
1400021906643097534,2025-09-04,f,,,1,365
1400021906643097534,2025-09-05,f,,,1,365
1400021906643097534,2025-09-06,f,,,1,365
1400021906643097534,2025-09-07,f,,,1,365
1400021906643097534,2025-09-08,f,,,1,365
1400021906643097534,2025-09-09,f,,,1,365
1400021906643097534,2025-09-10,f,,,1,365
1400021906643097534,2025-09-11,f,,,1,365
1400021906643097534,2025-09-12,f,,,1,365
1400021906643097534,2025-09-13,f,,,1,365
1400021906643097534,2025-09-14,f,,,1,365
1400021906643097534,2025-09-15,f,,,1,365
1400021906643097534,2025-09-16,f,,,1,365
1400021906643097534,2025-09-17,f,,,1,365
1400021906643097534,2025-09-18,f,,,1,365
1400021906643097534,2025-09-19,f,,,1,365
1400021906643097534,2025-09-20,f,,,1,365
1400021906643097534,2025-09-21,f,,,1,365
1400021906643097534,2025-09-22,f,,,1,365
1400021906643097534,2025-09-23,f,,,1,365
1400021906643097534,2025-09-24,f,,,1,365
1400021906643097534,2025-09-25,f,,,1,365
1400021906643097534,2025-09-26,f,,,1,365
1400021906643097534,2025-09-27,f,,,1,365
1400021906643097534,2025-09-28,f,,,1,365
1400021906643097534,2025-09-29,f,,,1,365
1400021906643097534,2025-09-30,f,,,1,365
1400021906643097534,2025-10-01,f,,,1,365
1400021906643097534,2025-10-02,f,,,1,365
1400021906643097534,2025-10-03,f,,,1,365
1400021906643097534,2025-10-04,f,,,1,365
1400021906643097534,2025-10-05,f,,,1,365
1400021906643097534,2025-10-06,f,,,1,365
1400021906643097534,2025-10-07,f,,,1,365
1400021906643097534,2025-10-08,f,,,1,365
1400021906643097534,2025-10-09,f,,,1,365
1400021906643097534,2025-10-10,f,,,1,365
1400021906643097534,2025-10-11,f,,,1,365
1400021906643097534,2025-10-12,f,,,1,365
1400021906643097534,2025-10-13,f,,,1,365
1400021906643097534,2025-10-14,f,,,1,365
1400021906643097534,2025-10-15,f,,,1,365
1400021906643097534,2025-10-16,f,,,1,365
1400021906643097534,2025-10-17,f,,,1,365
1400021906643097534,2025-10-18,f,,,1,365
1400021906643097534,2025-10-19,f,,,1,365
1400021906643097534,2025-10-20,f,,,1,365
1400021906643097534,2025-10-21,f,,,1,365
1400021906643097534,2025-10-22,f,,,1,365
1400021906643097534,2025-10-23,f,,,1,365
1400021906643097534,2025-10-24,f,,,1,365
1400021906643097534,2025-10-25,f,,,1,365
1400021906643097534,2025-10-26,f,,,1,365
1400021906643097534,2025-10-27,f,,,1,365
1400021906643097534,2025-10-28,f,,,1,365
1400021906643097534,2025-10-29,f,,,1,365
1400021906643097534,2025-10-30,f,,,1,365
1400021906643097534,2025-10-31,f,,,1,365
1400021906643097534,2025-11-01,f,,,1,365
1400021906643097534,2025-11-02,f,,,1,365
1400021906643097534,2025-11-03,f,,,1,365
1400021906643097534,2025-11-04,f,,,1,365
1400021906643097534,2025-11-05,f,,,1,365
1400021906643097534,2025-11-06,f,,,1,365
1400021906643097534,2025-11-07,f,,,1,365
1400021906643097534,2025-11-08,f,,,1,365
1400021906643097534,2025-11-09,f,,,1,365
1400021906643097534,2025-11-10,f,,,1,365
1400021906643097534,2025-11-11,f,,,1,365
1400021906643097534,2025-11-12,f,,,1,365
1400021906643097534,2025-11-13,f,,,1,365
1400021906643097534,2025-11-14,f,,,1,365
1400021906643097534,2025-11-15,f,,,1,365
1400021906643097534,2025-11-16,f,,,1,365
1400021906643097534,2025-11-17,f,,,1,365
1400021906643097534,2025-11-18,f,,,1,365
1400021906643097534,2025-11-19,f,,,1,365
1400021906643097534,2025-11-20,f,,,1,365
1400021906643097534,2025-11-21,f,,,1,365
1400021906643097534,2025-11-22,f,,,1,365
1400021906643097534,2025-11-23,f,,,1,365
1400021906643097534,2025-11-24,f,,,1,365
1400021906643097534,2025-11-25,f,,,1,365
1400021906643097534,2025-11-26,f,,,1,365
1400021906643097534,2025-11-27,f,,,1,365
1400021906643097534,2025-11-28,f,,,1,365
1400021906643097534,2025-11-29,f,,,1,365
1400021906643097534,2025-11-30,f,,,1,365
1400021906643097534,2025-12-01,f,,,1,365
1400021906643097534,2025-12-02,f,,,1,365
1400021906643097534,2025-12-03,f,,,1,365
1400021906643097534,2025-12-04,f,,,1,365
1400021906643097534,2025-12-05,f,,,1,365
1400021906643097534,2025-12-06,f,,,1,365
1400021906643097534,2025-12-07,f,,,1,365
1400021906643097534,2025-12-08,f,,,1,365
1400021906643097534,2025-12-09,f,,,1,365
1400021906643097534,2025-12-10,f,,,1,365
1400021906643097534,2025-12-11,f,,,1,365
1400021906643097534,2025-12-12,f,,,1,365
1400021906643097534,2025-12-13,f,,,1,365
1400021906643097534,2025-12-14,f,,,1,365
1400021906643097534,2025-12-15,f,,,1,365
1400021906643097534,2025-12-16,f,,,1,365
1400021906643097534,2025-12-17,f,,,1,365
1400021906643097534,2025-12-18,f,,,1,365
1400021906643097534,2025-12-19,f,,,1,365
1400021906643097534,2025-12-20,f,,,1,365
1400021906643097534,2025-12-21,f,,,1,365
1400021906643097534,2025-12-22,f,,,1,365
1400021906643097534,2025-12-23,f,,,1,365
1400021906643097534,2025-12-24,f,,,1,365
1400021906643097534,2025-12-25,f,,,1,365
1400021906643097534,2025-12-26,f,,,1,365
1400021906643097534,2025-12-27,f,,,1,365
1400021906643097534,2025-12-28,f,,,1,365
1400021906643097534,2025-12-29,f,,,1,365
1400021906643097534,2025-12-30,f,,,1,365
1400021906643097534,2025-12-31,f,,,1,365
1400021906643097534,2026-01-01,f,,,1,365
1400021906643097534,2026-01-02,f,,,1,365
1400021906643097534,2026-01-03,f,,,1,365
1400021906643097534,2026-01-04,f,,,1,365
1400021906643097534,2026-01-05,f,,,1,365
1400021906643097534,2026-01-06,f,,,1,365
1400021906643097534,2026-01-07,f,,,1,365
1400021906643097534,2026-01-08,f,,,1,365
1400021906643097534,2026-01-09,f,,,1,365
1400021906643097534,2026-01-10,f,,,1,365
1400021906643097534,2026-01-11,f,,,1,365
1400021906643097534,2026-01-12,f,,,1,365
1400021906643097534,2026-01-13,f,,,1,365
1400021906643097534,2026-01-14,f,,,1,365
1400021906643097534,2026-01-15,f,,,1,365
1400021906643097534,2026-01-16,f,,,1,365
1400021906643097534,2026-01-17,f,,,1,365
1400021906643097534,2026-01-18,f,,,1,365
1400021906643097534,2026-01-19,f,,,1,365
1400021906643097534,2026-01-20,f,,,1,365
1400021906643097534,2026-01-21,f,,,1,365
1400021906643097534,2026-01-22,f,,,1,365
1400021906643097534,2026-01-23,f,,,1,365
1400021906643097534,2026-01-24,f,,,1,365
1400021906643097534,2026-01-25,f,,,1,365
1400021906643097534,2026-01-26,f,,,1,365
1400021906643097534,2026-01-27,f,,,1,365
1400021906643097534,2026-01-28,f,,,1,365
1400021906643097534,2026-01-29,f,,,1,365
1400021906643097534,2026-01-30,f,,,1,365
1400021906643097534,2026-01-31,f,,,1,365
1400021906643097534,2026-02-01,f,,,1,365
1400021906643097534,2026-02-02,f,,,1,365
1400021906643097534,2026-02-03,f,,,1,365
1400021906643097534,2026-02-04,f,,,1,365
1400021906643097534,2026-02-05,f,,,1,365
1400021906643097534,2026-02-06,f,,,1,365
1400021906643097534,2026-02-07,f,,,1,365
1400021906643097534,2026-02-08,f,,,1,365
1400021906643097534,2026-02-09,f,,,1,365
1400021906643097534,2026-02-10,f,,,1,365
1400021906643097534,2026-02-11,f,,,1,365
1400021906643097534,2026-02-12,f,,,1,365
1400021906643097534,2026-02-13,f,,,1,365
1400021906643097534,2026-02-14,f,,,1,365
1400021906643097534,2026-02-15,f,,,1,365
1400021906643097534,2026-02-16,f,,,1,365
1400021906643097534,2026-02-17,f,,,1,365
1400021906643097534,2026-02-18,f,,,1,365
1400021906643097534,2026-02-19,f,,,1,365
1400021906643097534,2026-02-20,f,,,1,365
1400021906643097534,2026-02-21,f,,,1,365
1400021906643097534,2026-02-22,f,,,1,365
1400021906643097534,2026-02-23,f,,,1,365
1400021906643097534,2026-02-24,f,,,1,365
1400021906643097534,2026-02-25,f,,,1,365
1400021906643097534,2026-02-26,f,,,1,365
1400021906643097534,2026-02-27,f,,,1,365
1400021906643097534,2026-02-28,f,,,1,365
1400021906643097534,2026-03-01,f,,,1,365
1400021906643097534,2026-03-02,f,,,1,365
1400021906643097534,2026-03-03,f,,,1,365
1400021906643097534,2026-03-04,f,,,1,365
1400021906643097534,2026-03-05,f,,,1,365
1400021906643097534,2026-03-06,f,,,1,365
1400021906643097534,2026-03-07,f,,,1,365
1400021906643097534,2026-03-08,f,,,1,365
1400021906643097534,2026-03-09,f,,,1,365
1400021906643097534,2026-03-10,f,,,1,365
1400021906643097534,2026-03-11,f,,,1,365
1400021906643097534,2026-03-12,f,,,1,365
1400021906643097534,2026-03-13,f,,,1,365
1400021906643097534,2026-03-14,f,,,1,365
1400021906643097534,2026-03-15,f,,,1,365
1400021906643097534,2026-03-16,f,,,1,365
1400021906643097534,2026-03-17,f,,,1,365
1400021906643097534,2026-03-18,f,,,1,365
1400021906643097534,2026-03-19,f,,,1,365
1400021906643097534,2026-03-20,f,,,1,365
1400021906643097534,2026-03-21,f,,,1,365
1400021906643097534,2026-03-22,f,,,1,365
1400021906643097534,2026-03-23,f,,,1,365
1400021906643097534,2026-03-24,f,,,1,365
1400021906643097534,2026-03-25,f,,,1,365
1400021906643097534,2026-03-26,f,,,1,365
1400021906643097534,2026-03-27,f,,,1,365
1400021906643097534,2026-03-28,f,,,1,365
1400021906643097534,2026-03-29,f,,,1,365
1400021906643097534,2026-03-30,f,,,1,365
1400021906643097534,2026-03-31,f,,,1,365
1400021906643097534,2026-04-01,f,,,1,365
1400021906643097534,2026-04-02,f,,,1,365
1400021906643097534,2026-04-03,f,,,1,365
1400021906643097534,2026-04-04,f,,,1,365
1400021906643097534,2026-04-05,f,,,1,365
1400021906643097534,2026-04-06,f,,,1,365
1400021906643097534,2026-04-07,f,,,1,365
1400021906643097534,2026-04-08,f,,,1,365
1400021906643097534,2026-04-09,f,,,1,365
1400021906643097534,2026-04-10,f,,,1,365
1400021906643097534,2026-04-11,f,,,1,365
1400021906643097534,2026-04-12,f,,,1,365
1400021906643097534,2026-04-13,f,,,1,365
1400021906643097534,2026-04-14,f,,,1,365
1400021906643097534,2026-04-15,f,,,1,365
1400021906643097534,2026-04-16,f,,,1,365
1400021906643097534,2026-04-17,f,,,1,365
1400021906643097534,2026-04-18,f,,,1,365
1400021906643097534,2026-04-19,t,,,1,365
1400021906643097534,2026-04-20,t,,,1,365
1400021906643097534,2026-04-21,t,,,1,365
1400021906643097534,2026-04-22,t,,,1,365
1400021906643097534,2026-04-23,t,,,1,365
1400021906643097534,2026-04-24,t,,,1,365
1400021906643097534,2026-04-25,t,,,1,365
1400021906643097534,2026-04-26,t,,,1,365
1400021906643097534,2026-04-27,t,,,1,365
1400021906643097534,2026-04-28,t,,,1,365
1400021906643097534,2026-04-29,t,,,1,365
1400021906643097534,2026-04-30,t,,,1,365
1400021906643097534,2026-05-01,t,,,1,365
1400021906643097534,2026-05-02,t,,,1,365
1400021906643097534,2026-05-03,t,,,1,365
1400021906643097534,2026-05-04,t,,,1,365
1400021906643097534,2026-05-05,t,,,1,365
1400021906643097534,2026-05-06,t,,,1,365
1400021906643097534,2026-05-07,t,,,1,365
1400021906643097534,2026-05-08,t,,,1,365
1400021906643097534,2026-05-09,t,,,1,365
1400021906643097534,2026-05-10,t,,,1,365
1400021906643097534,2026-05-11,t,,,1,365
1400021906643097534,2026-05-12,t,,,1,365
1400021906643097534,2026-05-13,t,,,1,365
1400021906643097534,2026-05-14,t,,,1,365
1400021906643097534,2026-05-15,t,,,1,365
1400021906643097534,2026-05-16,t,,,1,365
1400021906643097534,2026-05-17,t,,,1,365
1400021906643097534,2026-05-18,t,,,1,365
1400021906643097534,2026-05-19,t,,,1,365
1400021906643097534,2026-05-20,t,,,1,365
1400021906643097534,2026-05-21,t,,,1,365
1400021906643097534,2026-05-22,t,,,1,365
1400021906643097534,2026-05-23,t,,,1,365
1400021906643097534,2026-05-24,t,,,1,365
1400021906643097534,2026-05-25,t,,,1,365
1400021906643097534,2026-05-26,t,,,1,365
1400021906643097534,2026-05-27,t,,,1,365
1400021906643097534,2026-05-28,t,,,1,365
1400021906643097534,2026-05-29,t,,,1,365
1400021906643097534,2026-05-30,t,,,1,365
1400021906643097534,2026-05-31,t,,,1,365
1400021906643097534,2026-06-01,t,,,1,365
1400021906643097534,2026-06-02,t,,,1,365
1400021906643097534,2026-06-03,t,,,1,365
1400021906643097534,2026-06-04,t,,,1,365
1400021906643097534,2026-06-05,t,,,1,365
1400021906643097534,2026-06-06,t,,,1,365
1400021906643097534,2026-06-07,t,,,1,365
1400021906643097534,2026-06-08,t,,,1,365
1400021906643097534,2026-06-09,t,,,1,365
1400021906643097534,2026-06-10,t,,,1,365
1400021906643097534,2026-06-11,t,,,1,365
1400021906643097534,2026-06-12,t,,,1,365
1400021906643097534,2026-06-13,t,,,1,365
1400021906643097534,2026-06-14,t,,,1,365
1400021906643097534,2026-06-15,t,,,1,365
1400021906643097534,2026-06-16,t,,,1,365
1400021906643097534,2026-06-17,t,,,1,365
1400021906643097534,2026-06-18,t,,,1,365
1400021906643097534,2026-06-19,t,,,1,365
1400021906643097534,2026-06-20,t,,,1,365
1400021906643097534,2026-06-21,t,,,1,365
1400021906643097534,2026-06-22,t,,,1,365
1400021906643097534,2026-06-23,t,,,1,365
1401913491826167176,2025-06-24,f,,,2,365
1401913491826167176,2025-06-25,f,,,2,365
1401913491826167176,2025-06-26,f,,,2,365
1401913491826167176,2025-06-27,f,,,2,365
1401913491826167176,2025-06-28,f,,,2,365
1401913491826167176,2025-06-29,f,,,2,365
1401913491826167176,2025-06-30,f,,,2,365
1401913491826167176,2025-07-01,f,,,2,365
1401913491826167176,2025-07-02,f,,,2,365
1401913491826167176,2025-07-03,f,,,2,365
1401913491826167176,2025-07-04,f,,,2,365
1401913491826167176,2025-07-05,f,,,2,365
1401913491826167176,2025-07-06,f,,,2,365
1401913491826167176,2025-07-07,f,,,2,365
1401913491826167176,2025-07-08,f,,,2,365
1401913491826167176,2025-07-09,f,,,2,365
1401913491826167176,2025-07-10,f,,,2,365
1401913491826167176,2025-07-11,f,,,2,365
1401913491826167176,2025-07-12,f,,,2,365
1401913491826167176,2025-07-13,f,,,2,365
1401913491826167176,2025-07-14,f,,,2,365
1401913491826167176,2025-07-15,f,,,2,365
1401913491826167176,2025-07-16,f,,,2,365
1401913491826167176,2025-07-17,f,,,2,365
1401913491826167176,2025-07-18,f,,,2,365
1401913491826167176,2025-07-19,f,,,2,365
1401913491826167176,2025-07-20,f,,,2,365
1401913491826167176,2025-07-21,f,,,2,365
1401913491826167176,2025-07-22,f,,,2,365
1401913491826167176,2025-07-23,f,,,2,365
1401913491826167176,2025-07-24,f,,,2,365
1401913491826167176,2025-07-25,f,,,2,365
1401913491826167176,2025-07-26,f,,,2,365
1401913491826167176,2025-07-27,f,,,2,365
1401913491826167176,2025-07-28,f,,,2,365
1401913491826167176,2025-07-29,f,,,2,365
1401913491826167176,2025-07-30,f,,,2,365
1401913491826167176,2025-07-31,f,,,2,365
1401913491826167176,2025-08-01,f,,,2,365
1401913491826167176,2025-08-02,f,,,2,365
1401913491826167176,2025-08-03,f,,,2,365
1401913491826167176,2025-08-04,f,,,2,365
1401913491826167176,2025-08-05,f,,,2,365
1401913491826167176,2025-08-06,f,,,2,365
1401913491826167176,2025-08-07,f,,,2,365
1401913491826167176,2025-08-08,f,,,2,365
1401913491826167176,2025-08-09,f,,,2,365
1401913491826167176,2025-08-10,f,,,2,365
1401913491826167176,2025-08-11,f,,,2,365
1401913491826167176,2025-08-12,f,,,2,365
1401913491826167176,2025-08-13,f,,,2,365
1401913491826167176,2025-08-14,f,,,2,365
1401913491826167176,2025-08-15,f,,,2,365
1401913491826167176,2025-08-16,f,,,2,365
1401913491826167176,2025-08-17,f,,,2,365
1401913491826167176,2025-08-18,f,,,2,365
1401913491826167176,2025-08-19,f,,,2,365
1401913491826167176,2025-08-20,f,,,2,365
1401913491826167176,2025-08-21,f,,,2,365
1401913491826167176,2025-08-22,f,,,2,365
1401913491826167176,2025-08-23,f,,,2,365
1401913491826167176,2025-08-24,f,,,2,365
1401913491826167176,2025-08-25,f,,,2,365
1401913491826167176,2025-08-26,f,,,2,365
1401913491826167176,2025-08-27,f,,,2,365
1401913491826167176,2025-08-28,f,,,2,365
1401913491826167176,2025-08-29,f,,,2,365
1401913491826167176,2025-08-30,f,,,2,365
1401913491826167176,2025-08-31,f,,,2,365
1401913491826167176,2025-09-01,f,,,2,365
1401913491826167176,2025-09-02,f,,,2,365
1401913491826167176,2025-09-03,f,,,2,365
1401913491826167176,2025-09-04,f,,,2,365
1401913491826167176,2025-09-05,f,,,2,365
1401913491826167176,2025-09-06,f,,,2,365
1401913491826167176,2025-09-07,f,,,2,365
1401913491826167176,2025-09-08,f,,,2,365
1401913491826167176,2025-09-09,f,,,2,365
1401913491826167176,2025-09-10,f,,,2,365
1401913491826167176,2025-09-11,f,,,2,365
1401913491826167176,2025-09-12,f,,,2,365
1401913491826167176,2025-09-13,f,,,2,365
1401913491826167176,2025-09-14,f,,,2,365
1401913491826167176,2025-09-15,f,,,2,365
1401913491826167176,2025-09-16,f,,,2,365
1401913491826167176,2025-09-17,f,,,2,365
1401913491826167176,2025-09-18,f,,,2,365
1401913491826167176,2025-09-19,f,,,2,365
1401913491826167176,2025-09-20,f,,,2,365
1401913491826167176,2025-09-21,f,,,2,365
1401913491826167176,2025-09-22,f,,,2,365
1401913491826167176,2025-09-23,f,,,2,365
1401913491826167176,2025-09-24,f,,,2,365
1401913491826167176,2025-09-25,f,,,2,365
1401913491826167176,2025-09-26,f,,,2,365
1401913491826167176,2025-09-27,f,,,2,365
1401913491826167176,2025-09-28,f,,,2,365
1401913491826167176,2025-09-29,f,,,2,365
1401913491826167176,2025-09-30,f,,,2,365
1401913491826167176,2025-10-01,f,,,2,365
1401913491826167176,2025-10-02,f,,,2,365
1401913491826167176,2025-10-03,f,,,2,365
1401913491826167176,2025-10-04,f,,,2,365
1401913491826167176,2025-10-05,f,,,2,365
1401913491826167176,2025-10-06,f,,,2,365
1401913491826167176,2025-10-07,f,,,2,365
1401913491826167176,2025-10-08,f,,,2,365
1401913491826167176,2025-10-09,f,,,2,365
1401913491826167176,2025-10-10,f,,,2,365
1401913491826167176,2025-10-11,f,,,2,365
1401913491826167176,2025-10-12,f,,,2,365
1401913491826167176,2025-10-13,f,,,2,365
1401913491826167176,2025-10-14,f,,,2,365
1401913491826167176,2025-10-15,f,,,2,365
1401913491826167176,2025-10-16,f,,,2,365
1401913491826167176,2025-10-17,f,,,2,365
1401913491826167176,2025-10-18,f,,,2,365
1401913491826167176,2025-10-19,f,,,2,365
1401913491826167176,2025-10-20,f,,,2,365
1401913491826167176,2025-10-21,f,,,2,365
1401913491826167176,2025-10-22,f,,,2,365
1401913491826167176,2025-10-23,f,,,2,365
1401913491826167176,2025-10-24,f,,,2,365
1401913491826167176,2025-10-25,f,,,2,365
1401913491826167176,2025-10-26,f,,,2,365
1401913491826167176,2025-10-27,f,,,2,365
1401913491826167176,2025-10-28,f,,,2,365
1401913491826167176,2025-10-29,f,,,2,365
1401913491826167176,2025-10-30,f,,,2,365
1401913491826167176,2025-10-31,f,,,2,365
1401913491826167176,2025-11-01,f,,,2,365
1401913491826167176,2025-11-02,f,,,2,365
1401913491826167176,2025-11-03,f,,,2,365
1401913491826167176,2025-11-04,f,,,2,365
1401913491826167176,2025-11-05,f,,,2,365
1401913491826167176,2025-11-06,f,,,2,365
1401913491826167176,2025-11-07,f,,,2,365
1401913491826167176,2025-11-08,f,,,2,365
1401913491826167176,2025-11-09,f,,,2,365
1401913491826167176,2025-11-10,f,,,2,365
1401913491826167176,2025-11-11,f,,,2,365
1401913491826167176,2025-11-12,f,,,2,365
1401913491826167176,2025-11-13,f,,,2,365
1401913491826167176,2025-11-14,f,,,2,365
1401913491826167176,2025-11-15,f,,,2,365
1401913491826167176,2025-11-16,f,,,2,365
1401913491826167176,2025-11-17,f,,,2,365
1401913491826167176,2025-11-18,f,,,2,365
1401913491826167176,2025-11-19,f,,,2,365
1401913491826167176,2025-11-20,f,,,2,365
1401913491826167176,2025-11-21,f,,,2,365
1401913491826167176,2025-11-22,f,,,2,365
1401913491826167176,2025-11-23,f,,,2,365
1401913491826167176,2025-11-24,f,,,2,365
1401913491826167176,2025-11-25,f,,,2,365
1401913491826167176,2025-11-26,f,,,2,365
1401913491826167176,2025-11-27,f,,,2,365
1401913491826167176,2025-11-28,f,,,2,365
1401913491826167176,2025-11-29,f,,,2,365
1401913491826167176,2025-11-30,f,,,2,365
1401913491826167176,2025-12-01,f,,,2,365
1401913491826167176,2025-12-02,f,,,2,365
1401913491826167176,2025-12-03,f,,,2,365
1401913491826167176,2025-12-04,f,,,2,365
1401913491826167176,2025-12-05,f,,,2,365
1401913491826167176,2025-12-06,f,,,2,365
1401913491826167176,2025-12-07,f,,,2,365
1401913491826167176,2025-12-08,f,,,2,365
1401913491826167176,2025-12-09,f,,,2,365
1401913491826167176,2025-12-10,f,,,2,365
1401913491826167176,2025-12-11,f,,,2,365
1401913491826167176,2025-12-12,f,,,2,365
1401913491826167176,2025-12-13,f,,,2,365
1401913491826167176,2025-12-14,f,,,2,365
1401913491826167176,2025-12-15,f,,,2,365
1401913491826167176,2025-12-16,f,,,2,365
1401913491826167176,2025-12-17,f,,,2,365
1401913491826167176,2025-12-18,f,,,2,365
1401913491826167176,2025-12-19,f,,,2,365
1401913491826167176,2025-12-20,f,,,2,365
1401913491826167176,2025-12-21,f,,,2,365
1401913491826167176,2025-12-22,f,,,2,365
1401913491826167176,2025-12-23,f,,,2,365
1401913491826167176,2025-12-24,f,,,2,365
1401913491826167176,2025-12-25,f,,,2,365
1401913491826167176,2025-12-26,f,,,2,365
1401913491826167176,2025-12-27,f,,,2,365
1401913491826167176,2025-12-28,f,,,2,365
1401913491826167176,2025-12-29,f,,,2,365
1401913491826167176,2025-12-30,f,,,2,365
1401913491826167176,2025-12-31,f,,,2,365
1401913491826167176,2026-01-01,f,,,2,365
1401913491826167176,2026-01-02,f,,,2,365
1401913491826167176,2026-01-03,f,,,2,365
1401913491826167176,2026-01-04,f,,,2,365
1401913491826167176,2026-01-05,f,,,2,365
1401913491826167176,2026-01-06,f,,,2,365
1401913491826167176,2026-01-07,f,,,2,365
1401913491826167176,2026-01-08,f,,,2,365
1401913491826167176,2026-01-09,f,,,2,365
1401913491826167176,2026-01-10,f,,,2,365
1401913491826167176,2026-01-11,f,,,2,365
1401913491826167176,2026-01-12,f,,,2,365
1401913491826167176,2026-01-13,f,,,2,365
1401913491826167176,2026-01-14,f,,,2,365
1401913491826167176,2026-01-15,f,,,2,365
1401913491826167176,2026-01-16,f,,,2,365
1401913491826167176,2026-01-17,f,,,2,365
1401913491826167176,2026-01-18,f,,,2,365
1401913491826167176,2026-01-19,f,,,2,365
1401913491826167176,2026-01-20,f,,,2,365
1401913491826167176,2026-01-21,f,,,2,365
1401913491826167176,2026-01-22,f,,,2,365
1401913491826167176,2026-01-23,f,,,2,365
1401913491826167176,2026-01-24,f,,,2,365
1401913491826167176,2026-01-25,f,,,2,365
1401913491826167176,2026-01-26,f,,,2,365
1401913491826167176,2026-01-27,f,,,2,365
1401913491826167176,2026-01-28,f,,,2,365
1401913491826167176,2026-01-29,f,,,2,365
1401913491826167176,2026-01-30,f,,,2,365
1401913491826167176,2026-01-31,f,,,2,365
1401913491826167176,2026-02-01,f,,,2,365
1401913491826167176,2026-02-02,f,,,2,365
1401913491826167176,2026-02-03,f,,,2,365
1401913491826167176,2026-02-04,f,,,2,365
1401913491826167176,2026-02-05,f,,,2,365
1401913491826167176,2026-02-06,f,,,2,365
1401913491826167176,2026-02-07,f,,,2,365
1401913491826167176,2026-02-08,f,,,2,365
1401913491826167176,2026-02-09,f,,,2,365
1401913491826167176,2026-02-10,f,,,2,365
1401913491826167176,2026-02-11,f,,,2,365
1401913491826167176,2026-02-12,f,,,2,365
1401913491826167176,2026-02-13,f,,,2,365
1401913491826167176,2026-02-14,f,,,2,365
1401913491826167176,2026-02-15,f,,,2,365
1401913491826167176,2026-02-16,f,,,2,365
1401913491826167176,2026-02-17,f,,,2,365
1401913491826167176,2026-02-18,f,,,2,365
1401913491826167176,2026-02-19,f,,,2,365
1401913491826167176,2026-02-20,f,,,2,365
1401913491826167176,2026-02-21,f,,,2,365
1401913491826167176,2026-02-22,f,,,2,365
1401913491826167176,2026-02-23,f,,,2,365
1401913491826167176,2026-02-24,f,,,2,365
1401913491826167176,2026-02-25,f,,,2,365
1401913491826167176,2026-02-26,f,,,2,365
1401913491826167176,2026-02-27,f,,,2,365
1401913491826167176,2026-02-28,f,,,2,365
1401913491826167176,2026-03-01,f,,,2,365
1401913491826167176,2026-03-02,f,,,2,365
1401913491826167176,2026-03-03,f,,,2,365
1401913491826167176,2026-03-04,f,,,2,365
1401913491826167176,2026-03-05,f,,,2,365
1401913491826167176,2026-03-06,f,,,2,365
1401913491826167176,2026-03-07,f,,,2,365
1401913491826167176,2026-03-08,f,,,2,365
1401913491826167176,2026-03-09,f,,,2,365
1401913491826167176,2026-03-10,f,,,2,365
1401913491826167176,2026-03-11,f,,,2,365
1401913491826167176,2026-03-12,f,,,2,365
1401913491826167176,2026-03-13,f,,,2,365
1401913491826167176,2026-03-14,f,,,2,365
1401913491826167176,2026-03-15,f,,,2,365
1401913491826167176,2026-03-16,f,,,2,365
1401913491826167176,2026-03-17,f,,,2,365
1401913491826167176,2026-03-18,f,,,2,365
1401913491826167176,2026-03-19,f,,,2,365
1401913491826167176,2026-03-20,f,,,2,365
1401913491826167176,2026-03-21,f,,,2,365
1401913491826167176,2026-03-22,f,,,2,365
1401913491826167176,2026-03-23,f,,,2,365
1401913491826167176,2026-03-24,f,,,2,365
1401913491826167176,2026-03-25,f,,,2,365
1401913491826167176,2026-03-26,f,,,2,365
1401913491826167176,2026-03-27,f,,,2,365
1401913491826167176,2026-03-28,f,,,2,365
1401913491826167176,2026-03-29,f,,,2,365
1401913491826167176,2026-03-30,f,,,2,365
1401913491826167176,2026-03-31,f,,,2,365
1401913491826167176,2026-04-01,f,,,2,365
1401913491826167176,2026-04-02,f,,,2,365
1401913491826167176,2026-04-03,f,,,2,365
1401913491826167176,2026-04-04,f,,,2,365
1401913491826167176,2026-04-05,f,,,2,365
1401913491826167176,2026-04-06,f,,,2,365
1401913491826167176,2026-04-07,f,,,2,365
1401913491826167176,2026-04-08,f,,,2,365
1401913491826167176,2026-04-09,f,,,2,365
1401913491826167176,2026-04-10,f,,,2,365
1401913491826167176,2026-04-11,f,,,2,365
1401913491826167176,2026-04-12,f,,,2,365
1401913491826167176,2026-04-13,f,,,2,365
1401913491826167176,2026-04-14,f,,,2,365
1401913491826167176,2026-04-15,f,,,2,365
1401913491826167176,2026-04-16,f,,,2,365
1401913491826167176,2026-04-17,f,,,2,365
1401913491826167176,2026-04-18,f,,,2,365
1401913491826167176,2026-04-19,f,,,2,365
1401913491826167176,2026-04-20,f,,,2,365
1401913491826167176,2026-04-21,f,,,2,365
1401913491826167176,2026-04-22,f,,,2,365
1401913491826167176,2026-04-23,f,,,2,365
1401913491826167176,2026-04-24,f,,,2,365
1401913491826167176,2026-04-25,f,,,2,365
1401913491826167176,2026-04-26,f,,,2,365
1401913491826167176,2026-04-27,f,,,2,365
1401913491826167176,2026-04-28,f,,,2,365
1401913491826167176,2026-04-29,f,,,2,365
1401913491826167176,2026-04-30,f,,,2,365
1401913491826167176,2026-05-01,f,,,2,365
1401913491826167176,2026-05-02,f,,,2,365
1401913491826167176,2026-05-03,f,,,2,365
1401913491826167176,2026-05-04,f,,,2,365
1401913491826167176,2026-05-05,f,,,2,365
1401913491826167176,2026-05-06,f,,,2,365
1401913491826167176,2026-05-07,f,,,2,365
1401913491826167176,2026-05-08,f,,,2,365
1401913491826167176,2026-05-09,f,,,2,365
1401913491826167176,2026-05-10,f,,,2,365
1401913491826167176,2026-05-11,f,,,2,365
1401913491826167176,2026-05-12,f,,,2,365
1401913491826167176,2026-05-13,f,,,2,365
1401913491826167176,2026-05-14,f,,,2,365
1401913491826167176,2026-05-15,f,,,2,365
1401913491826167176,2026-05-16,f,,,2,365
1401913491826167176,2026-05-17,f,,,2,365
1401913491826167176,2026-05-18,f,,,2,365
1401913491826167176,2026-05-19,f,,,2,365
1401913491826167176,2026-05-20,f,,,2,365
1401913491826167176,2026-05-21,f,,,2,365
1401913491826167176,2026-05-22,f,,,2,365
1401913491826167176,2026-05-23,f,,,2,365
1401913491826167176,2026-05-24,f,,,2,365
1401913491826167176,2026-05-25,f,,,2,365
1401913491826167176,2026-05-26,f,,,2,365
1401913491826167176,2026-05-27,f,,,2,365
1401913491826167176,2026-05-28,f,,,2,365
1401913491826167176,2026-05-29,f,,,2,365
1401913491826167176,2026-05-30,f,,,2,365
1401913491826167176,2026-05-31,f,,,2,365
1401913491826167176,2026-06-01,f,,,2,365
1401913491826167176,2026-06-02,f,,,2,365
1401913491826167176,2026-06-03,f,,,2,365
1401913491826167176,2026-06-04,f,,,2,365
1401913491826167176,2026-06-05,f,,,2,365
1401913491826167176,2026-06-06,f,,,2,365
1401913491826167176,2026-06-07,f,,,2,365
1401913491826167176,2026-06-08,f,,,2,365
1401913491826167176,2026-06-09,f,,,2,365
1401913491826167176,2026-06-10,f,,,2,365
1401913491826167176,2026-06-11,f,,,2,365
1401913491826167176,2026-06-12,f,,,2,365
1401913491826167176,2026-06-13,f,,,2,365
1401913491826167176,2026-06-14,f,,,2,365
1401913491826167176,2026-06-15,f,,,2,365
1401913491826167176,2026-06-16,f,,,2,365
1401913491826167176,2026-06-17,f,,,2,365
1401913491826167176,2026-06-18,f,,,2,365
1401913491826167176,2026-06-19,f,,,2,365
1401913491826167176,2026-06-20,f,,,2,365
1401913491826167176,2026-06-21,f,,,2,365
1401913491826167176,2026-06-22,f,,,2,365
1401913491826167176,2026-06-23,f,,,2,365
1434030588887911211,2025-06-24,f,,,1,365
1434030588887911211,2025-06-25,t,,,1,365
1434030588887911211,2025-06-26,t,,,1,365
1434030588887911211,2025-06-27,f,,,1,365
1434030588887911211,2025-06-28,f,,,1,365
1434030588887911211,2025-06-29,f,,,1,365
1434030588887911211,2025-06-30,f,,,1,365
1434030588887911211,2025-07-01,f,,,1,365
1434030588887911211,2025-07-02,t,,,1,365
1434030588887911211,2025-07-03,t,,,1,365
1434030588887911211,2025-07-04,t,,,1,365
1434030588887911211,2025-07-05,t,,,1,365
1434030588887911211,2025-07-06,t,,,1,365
1434030588887911211,2025-07-07,t,,,1,365
1434030588887911211,2025-07-08,t,,,1,365
1434030588887911211,2025-07-09,t,,,1,365
1434030588887911211,2025-07-10,t,,,1,365
1434030588887911211,2025-07-11,t,,,1,365
1434030588887911211,2025-07-12,t,,,1,365
1434030588887911211,2025-07-13,t,,,1,365
1434030588887911211,2025-07-14,t,,,1,365
1434030588887911211,2025-07-15,t,,,1,365
1434030588887911211,2025-07-16,t,,,1,365
1434030588887911211,2025-07-17,t,,,1,365
1434030588887911211,2025-07-18,t,,,1,365
1434030588887911211,2025-07-19,t,,,1,365
1434030588887911211,2025-07-20,t,,,1,365
1434030588887911211,2025-07-21,t,,,1,365
1434030588887911211,2025-07-22,t,,,1,365
1434030588887911211,2025-07-23,t,,,1,365
1434030588887911211,2025-07-24,t,,,1,365
1434030588887911211,2025-07-25,t,,,1,365
1434030588887911211,2025-07-26,t,,,1,365
1434030588887911211,2025-07-27,t,,,1,365
1434030588887911211,2025-07-28,t,,,1,365
1434030588887911211,2025-07-29,t,,,1,365
1434030588887911211,2025-07-30,t,,,1,365
1434030588887911211,2025-07-31,t,,,1,365
1434030588887911211,2025-08-01,t,,,1,365
1434030588887911211,2025-08-02,t,,,1,365
1434030588887911211,2025-08-03,t,,,1,365
1434030588887911211,2025-08-04,t,,,1,365
1434030588887911211,2025-08-05,t,,,1,365
1434030588887911211,2025-08-06,t,,,1,365
1434030588887911211,2025-08-07,t,,,1,365
1434030588887911211,2025-08-08,t,,,1,365
1434030588887911211,2025-08-09,t,,,1,365
1434030588887911211,2025-08-10,t,,,1,365
1434030588887911211,2025-08-11,t,,,1,365
1434030588887911211,2025-08-12,t,,,1,365
1434030588887911211,2025-08-13,t,,,1,365
1434030588887911211,2025-08-14,t,,,1,365
1434030588887911211,2025-08-15,f,,,1,365
1434030588887911211,2025-08-16,f,,,1,365
1434030588887911211,2025-08-17,t,,,1,365
1434030588887911211,2025-08-18,t,,,1,365
1434030588887911211,2025-08-19,t,,,1,365
1434030588887911211,2025-08-20,t,,,1,365
1434030588887911211,2025-08-21,t,,,1,365
1434030588887911211,2025-08-22,t,,,1,365
1434030588887911211,2025-08-23,t,,,1,365
1434030588887911211,2025-08-24,t,,,1,365
1434030588887911211,2025-08-25,t,,,1,365
1434030588887911211,2025-08-26,t,,,1,365
1434030588887911211,2025-08-27,t,,,1,365
1434030588887911211,2025-08-28,f,,,1,365
1434030588887911211,2025-08-29,f,,,1,365
1434030588887911211,2025-08-30,t,,,1,365
1434030588887911211,2025-08-31,t,,,1,365
1434030588887911211,2025-09-01,t,,,1,365
1434030588887911211,2025-09-02,t,,,1,365
1434030588887911211,2025-09-03,t,,,1,365
1434030588887911211,2025-09-04,t,,,1,365
1434030588887911211,2025-09-05,t,,,1,365
1434030588887911211,2025-09-06,t,,,1,365
1434030588887911211,2025-09-07,t,,,1,365
1434030588887911211,2025-09-08,t,,,1,365
1434030588887911211,2025-09-09,t,,,1,365
1434030588887911211,2025-09-10,t,,,1,365
1434030588887911211,2025-09-11,t,,,1,365
1434030588887911211,2025-09-12,t,,,1,365
1434030588887911211,2025-09-13,t,,,1,365
1434030588887911211,2025-09-14,t,,,1,365
1434030588887911211,2025-09-15,t,,,1,365
1434030588887911211,2025-09-16,t,,,1,365
1434030588887911211,2025-09-17,t,,,1,365
1434030588887911211,2025-09-18,t,,,1,365
1434030588887911211,2025-09-19,t,,,1,365
1434030588887911211,2025-09-20,t,,,1,365
1434030588887911211,2025-09-21,t,,,1,365
1434030588887911211,2025-09-22,t,,,1,365
1434030588887911211,2025-09-23,t,,,1,365
1434030588887911211,2025-09-24,t,,,1,365
1434030588887911211,2025-09-25,t,,,1,365
1434030588887911211,2025-09-26,t,,,1,365
1434030588887911211,2025-09-27,t,,,1,365
1434030588887911211,2025-09-28,t,,,1,365
1434030588887911211,2025-09-29,t,,,1,365
1434030588887911211,2025-09-30,t,,,1,365
1434030588887911211,2025-10-01,t,,,1,365
1434030588887911211,2025-10-02,t,,,1,365
1434030588887911211,2025-10-03,t,,,1,365
1434030588887911211,2025-10-04,t,,,1,365
1434030588887911211,2025-10-05,t,,,1,365
1434030588887911211,2025-10-06,t,,,1,365
1434030588887911211,2025-10-07,t,,,1,365
1434030588887911211,2025-10-08,t,,,1,365
1434030588887911211,2025-10-09,t,,,1,365
1434030588887911211,2025-10-10,t,,,1,365
1434030588887911211,2025-10-11,t,,,1,365
1434030588887911211,2025-10-12,t,,,1,365
1434030588887911211,2025-10-13,t,,,1,365
1434030588887911211,2025-10-14,t,,,1,365
1434030588887911211,2025-10-15,t,,,1,365
1434030588887911211,2025-10-16,t,,,1,365
1434030588887911211,2025-10-17,t,,,1,365
1434030588887911211,2025-10-18,t,,,1,365
1434030588887911211,2025-10-19,t,,,1,365
1434030588887911211,2025-10-20,t,,,1,365
1434030588887911211,2025-10-21,t,,,1,365
1434030588887911211,2025-10-22,t,,,1,365
1434030588887911211,2025-10-23,t,,,1,365
1434030588887911211,2025-10-24,t,,,1,365
1434030588887911211,2025-10-25,t,,,1,365
1434030588887911211,2025-10-26,t,,,1,365
1434030588887911211,2025-10-27,t,,,1,365
1434030588887911211,2025-10-28,t,,,1,365
1434030588887911211,2025-10-29,t,,,1,365
1434030588887911211,2025-10-30,t,,,1,365
1434030588887911211,2025-10-31,t,,,1,365
1434030588887911211,2025-11-01,t,,,1,365
1434030588887911211,2025-11-02,t,,,1,365
1434030588887911211,2025-11-03,t,,,1,365
1434030588887911211,2025-11-04,t,,,1,365
1434030588887911211,2025-11-05,t,,,1,365
1434030588887911211,2025-11-06,t,,,1,365
1434030588887911211,2025-11-07,t,,,1,365
1434030588887911211,2025-11-08,f,,,1,365
1434030588887911211,2025-11-09,f,,,1,365
1434030588887911211,2025-11-10,f,,,1,365
1434030588887911211,2025-11-11,t,,,1,365
1434030588887911211,2025-11-12,t,,,1,365
1434030588887911211,2025-11-13,t,,,1,365
1434030588887911211,2025-11-14,t,,,1,365
1434030588887911211,2025-11-15,t,,,1,365
1434030588887911211,2025-11-16,t,,,1,365
1434030588887911211,2025-11-17,t,,,1,365
1434030588887911211,2025-11-18,t,,,1,365
1434030588887911211,2025-11-19,t,,,1,365
1434030588887911211,2025-11-20,t,,,1,365
1434030588887911211,2025-11-21,t,,,1,365
1434030588887911211,2025-11-22,t,,,1,365
1434030588887911211,2025-11-23,t,,,1,365
1434030588887911211,2025-11-24,t,,,1,365
1434030588887911211,2025-11-25,t,,,1,365
1434030588887911211,2025-11-26,t,,,1,365
1434030588887911211,2025-11-27,t,,,1,365
1434030588887911211,2025-11-28,t,,,1,365
1434030588887911211,2025-11-29,t,,,1,365
1434030588887911211,2025-11-30,t,,,1,365
1434030588887911211,2025-12-01,t,,,1,365
1434030588887911211,2025-12-02,t,,,1,365
1434030588887911211,2025-12-03,t,,,1,365
1434030588887911211,2025-12-04,t,,,1,365
1434030588887911211,2025-12-05,t,,,1,365
1434030588887911211,2025-12-06,t,,,1,365
1434030588887911211,2025-12-07,t,,,1,365
1434030588887911211,2025-12-08,t,,,1,365
1434030588887911211,2025-12-09,t,,,1,365
1434030588887911211,2025-12-10,t,,,1,365
1434030588887911211,2025-12-11,t,,,1,365
1434030588887911211,2025-12-12,t,,,1,365
1434030588887911211,2025-12-13,t,,,1,365
1434030588887911211,2025-12-14,t,,,1,365
1434030588887911211,2025-12-15,t,,,1,365
1434030588887911211,2025-12-16,t,,,1,365
1434030588887911211,2025-12-17,t,,,1,365
1434030588887911211,2025-12-18,t,,,1,365
1434030588887911211,2025-12-19,t,,,1,365
1434030588887911211,2025-12-20,t,,,1,365
1434030588887911211,2025-12-21,t,,,1,365
1434030588887911211,2025-12-22,t,,,1,365
1434030588887911211,2025-12-23,t,,,1,365
1434030588887911211,2025-12-24,t,,,1,365
1434030588887911211,2025-12-25,t,,,1,365
1434030588887911211,2025-12-26,t,,,1,365
1434030588887911211,2025-12-27,t,,,1,365
1434030588887911211,2025-12-28,f,,,1,365
1434030588887911211,2025-12-29,f,,,1,365
1434030588887911211,2025-12-30,f,,,1,365
1434030588887911211,2025-12-31,f,,,1,365
1434030588887911211,2026-01-01,f,,,1,365
1434030588887911211,2026-01-02,f,,,1,365
1434030588887911211,2026-01-03,t,,,1,365
1434030588887911211,2026-01-04,t,,,1,365
1434030588887911211,2026-01-05,t,,,1,365
1434030588887911211,2026-01-06,t,,,1,365
1434030588887911211,2026-01-07,t,,,1,365
1434030588887911211,2026-01-08,t,,,1,365
1434030588887911211,2026-01-09,t,,,1,365
1434030588887911211,2026-01-10,t,,,1,365
1434030588887911211,2026-01-11,t,,,1,365
1434030588887911211,2026-01-12,t,,,1,365
1434030588887911211,2026-01-13,t,,,1,365
1434030588887911211,2026-01-14,t,,,1,365
1434030588887911211,2026-01-15,t,,,1,365
1434030588887911211,2026-01-16,t,,,1,365
1434030588887911211,2026-01-17,t,,,1,365
1434030588887911211,2026-01-18,t,,,1,365
1434030588887911211,2026-01-19,t,,,1,365
1434030588887911211,2026-01-20,t,,,1,365
1434030588887911211,2026-01-21,t,,,1,365
1434030588887911211,2026-01-22,t,,,1,365
1434030588887911211,2026-01-23,t,,,1,365
1434030588887911211,2026-01-24,t,,,1,365
1434030588887911211,2026-01-25,t,,,1,365
1434030588887911211,2026-01-26,t,,,1,365
1434030588887911211,2026-01-27,t,,,1,365
1434030588887911211,2026-01-28,t,,,1,365
1434030588887911211,2026-01-29,t,,,1,365
1434030588887911211,2026-01-30,t,,,1,365
1434030588887911211,2026-01-31,t,,,1,365
1434030588887911211,2026-02-01,t,,,1,365
1434030588887911211,2026-02-02,t,,,1,365
1434030588887911211,2026-02-03,t,,,1,365
1434030588887911211,2026-02-04,t,,,1,365
1434030588887911211,2026-02-05,t,,,1,365
1434030588887911211,2026-02-06,t,,,1,365
1434030588887911211,2026-02-07,t,,,1,365
1434030588887911211,2026-02-08,t,,,1,365
1434030588887911211,2026-02-09,t,,,1,365
1434030588887911211,2026-02-10,t,,,1,365
1434030588887911211,2026-02-11,t,,,1,365
1434030588887911211,2026-02-12,t,,,1,365
1434030588887911211,2026-02-13,t,,,1,365
1434030588887911211,2026-02-14,t,,,1,365
1434030588887911211,2026-02-15,t,,,1,365
1434030588887911211,2026-02-16,t,,,1,365
1434030588887911211,2026-02-17,t,,,1,365
1434030588887911211,2026-02-18,t,,,1,365
1434030588887911211,2026-02-19,t,,,1,365
1434030588887911211,2026-02-20,t,,,1,365
1434030588887911211,2026-02-21,t,,,1,365
1434030588887911211,2026-02-22,t,,,1,365
1434030588887911211,2026-02-23,t,,,1,365
1434030588887911211,2026-02-24,t,,,1,365
1434030588887911211,2026-02-25,t,,,1,365
1434030588887911211,2026-02-26,t,,,1,365
1434030588887911211,2026-02-27,t,,,1,365
1434030588887911211,2026-02-28,t,,,1,365
1434030588887911211,2026-03-01,t,,,1,365
1434030588887911211,2026-03-02,t,,,1,365
1434030588887911211,2026-03-03,t,,,1,365
1434030588887911211,2026-03-04,t,,,1,365
1434030588887911211,2026-03-05,t,,,1,365
1434030588887911211,2026-03-06,t,,,1,365
1434030588887911211,2026-03-07,t,,,1,365
1434030588887911211,2026-03-08,t,,,1,365
1434030588887911211,2026-03-09,t,,,1,365
1434030588887911211,2026-03-10,t,,,1,365
1434030588887911211,2026-03-11,t,,,1,365
1434030588887911211,2026-03-12,t,,,1,365
1434030588887911211,2026-03-13,t,,,1,365
1434030588887911211,2026-03-14,t,,,1,365
1434030588887911211,2026-03-15,t,,,1,365
1434030588887911211,2026-03-16,t,,,1,365
1434030588887911211,2026-03-17,t,,,1,365
1434030588887911211,2026-03-18,t,,,1,365
1434030588887911211,2026-03-19,t,,,1,365
1434030588887911211,2026-03-20,t,,,1,365
1434030588887911211,2026-03-21,t,,,1,365
1434030588887911211,2026-03-22,t,,,1,365
1434030588887911211,2026-03-23,t,,,1,365
1434030588887911211,2026-03-24,t,,,1,365
1434030588887911211,2026-03-25,t,,,1,365
1434030588887911211,2026-03-26,t,,,1,365
1434030588887911211,2026-03-27,t,,,1,365
1434030588887911211,2026-03-28,t,,,1,365
1434030588887911211,2026-03-29,t,,,1,365
1434030588887911211,2026-03-30,t,,,1,365
1434030588887911211,2026-03-31,t,,,1,365
1434030588887911211,2026-04-01,t,,,1,365
1434030588887911211,2026-04-02,t,,,1,365
1434030588887911211,2026-04-03,t,,,1,365
1434030588887911211,2026-04-04,t,,,1,365
1434030588887911211,2026-04-05,t,,,1,365
1434030588887911211,2026-04-06,t,,,1,365
1434030588887911211,2026-04-07,t,,,1,365
1434030588887911211,2026-04-08,t,,,1,365
1434030588887911211,2026-04-09,t,,,1,365
1434030588887911211,2026-04-10,t,,,1,365
1434030588887911211,2026-04-11,t,,,1,365
1434030588887911211,2026-04-12,t,,,1,365
1434030588887911211,2026-04-13,t,,,1,365
1434030588887911211,2026-04-14,t,,,1,365
1434030588887911211,2026-04-15,t,,,1,365
1434030588887911211,2026-04-16,t,,,1,365
1434030588887911211,2026-04-17,t,,,1,365
1434030588887911211,2026-04-18,t,,,1,365
1434030588887911211,2026-04-19,t,,,1,365
1434030588887911211,2026-04-20,t,,,1,365
1434030588887911211,2026-04-21,t,,,1,365
1434030588887911211,2026-04-22,t,,,1,365
1434030588887911211,2026-04-23,t,,,1,365
1434030588887911211,2026-04-24,t,,,1,365
1434030588887911211,2026-04-25,t,,,1,365
1434030588887911211,2026-04-26,t,,,1,365
1434030588887911211,2026-04-27,t,,,1,365
1434030588887911211,2026-04-28,t,,,1,365
1434030588887911211,2026-04-29,t,,,1,365
1434030588887911211,2026-04-30,t,,,1,365
1434030588887911211,2026-05-01,t,,,1,365
1434030588887911211,2026-05-02,t,,,1,365
1434030588887911211,2026-05-03,t,,,1,365
1434030588887911211,2026-05-04,t,,,1,365
1434030588887911211,2026-05-05,t,,,1,365
1434030588887911211,2026-05-06,t,,,1,365
1434030588887911211,2026-05-07,t,,,1,365
1434030588887911211,2026-05-08,t,,,1,365
1434030588887911211,2026-05-09,t,,,1,365
1434030588887911211,2026-05-10,t,,,1,365
1434030588887911211,2026-05-11,t,,,1,365
1434030588887911211,2026-05-12,t,,,1,365
1434030588887911211,2026-05-13,t,,,1,365
1434030588887911211,2026-05-14,t,,,1,365
1434030588887911211,2026-05-15,t,,,1,365
1434030588887911211,2026-05-16,t,,,1,365
1434030588887911211,2026-05-17,t,,,1,365
1434030588887911211,2026-05-18,t,,,1,365
1434030588887911211,2026-05-19,t,,,1,365
1434030588887911211,2026-05-20,t,,,1,365
1434030588887911211,2026-05-21,t,,,1,365
1434030588887911211,2026-05-22,t,,,1,365
1434030588887911211,2026-05-23,t,,,1,365
1434030588887911211,2026-05-24,t,,,1,365
1434030588887911211,2026-05-25,t,,,1,365
1434030588887911211,2026-05-26,t,,,1,365
1434030588887911211,2026-05-27,t,,,1,365
1434030588887911211,2026-05-28,t,,,1,365
1434030588887911211,2026-05-29,t,,,1,365
1434030588887911211,2026-05-30,t,,,1,365
1434030588887911211,2026-05-31,t,,,1,365
1434030588887911211,2026-06-01,t,,,1,365
1434030588887911211,2026-06-02,t,,,1,365
1434030588887911211,2026-06-03,t,,,1,365
1434030588887911211,2026-06-04,t,,,1,365
1434030588887911211,2026-06-05,t,,,1,365
1434030588887911211,2026-06-06,t,,,1,365
1434030588887911211,2026-06-07,t,,,1,365
1434030588887911211,2026-06-08,t,,,1,365
1434030588887911211,2026-06-09,t,,,1,365
1434030588887911211,2026-06-10,t,,,1,365
1434030588887911211,2026-06-11,t,,,1,365
1434030588887911211,2026-06-12,t,,,1,365
1434030588887911211,2026-06-13,t,,,1,365
1434030588887911211,2026-06-14,t,,,1,365
1434030588887911211,2026-06-15,t,,,1,365
1434030588887911211,2026-06-16,t,,,1,365
1434030588887911211,2026-06-17,t,,,1,365
1434030588887911211,2026-06-18,t,,,1,365
1434030588887911211,2026-06-19,t,,,1,365
1434030588887911211,2026-06-20,t,,,1,365
1434030588887911211,2026-06-21,t,,,1,365
1434030588887911211,2026-06-22,t,,,1,365
1434030588887911211,2026-06-23,t,,,1,365
